observed_at,notified_at,evaluation_time,mean_evaluation_time,min_evaluation_time,max_evaluation_time,notifications_received
2025-04-21T23:33:45.445812Z,2025-04-21T23:33:45.487098Z,41.286,41.286,41.286,41.286,1
2025-04-21T23:33:50.445003Z,2025-04-21T23:33:50.455349Z,10.346,25.816000000000003,10.346,41.286,2
2025-04-21T23:33:55.447017Z,2025-04-21T23:33:55.457917Z,10.9,20.844,10.346,41.286,3
2025-04-21T23:34:00.447996Z,2025-04-21T23:34:00.458042Z,10.046,18.1445,10.046,41.286,4
2025-04-21T23:34:05.448971Z,2025-04-21T23:34:05.460577Z,11.606,16.836800000000004,10.046,41.286,5
2025-04-21T23:34:10.448937Z,2025-04-21T23:34:10.458680Z,9.743,15.654500000000002,9.743,41.286,6
2025-04-21T23:34:15.449047Z,2025-04-21T23:34:15.458449Z,9.402000000000001,14.761285714285714,9.402000000000001,41.286,7
2025-04-21T23:34:20.452026Z,2025-04-21T23:34:20.464364Z,12.338,14.458375,9.402000000000001,41.286,8
2025-04-21T23:34:25.455339Z,2025-04-21T23:34:25.465407Z,10.068000000000001,13.970555555555558,9.402000000000001,41.286,9
2025-04-21T23:34:30.454170Z,2025-04-21T23:34:30.463805Z,9.635,13.537000000000003,9.402000000000001,41.286,10
2025-04-21T23:34:35.459978Z,2025-04-21T23:34:35.469727Z,9.749,13.192636363636366,9.402000000000001,41.286,11
2025-04-21T23:34:40.460898Z,2025-04-21T23:34:40.469936Z,9.037999999999998,12.846416666666668,9.037999999999998,41.286,12
2025-04-21T23:34:45.463840Z,2025-04-21T23:34:45.473363Z,9.523,12.590769230769231,9.037999999999998,41.286,13
2025-04-21T23:34:50.472866Z,2025-04-21T23:34:50.482712Z,9.846,12.394714285714286,9.037999999999998,41.286,14
2025-04-21T23:34:55.468310Z,2025-04-21T23:34:55.478452Z,10.142,12.244533333333335,9.037999999999998,41.286,15
2025-04-21T23:35:00.469540Z,2025-04-21T23:35:00.479000Z,9.459999999999999,12.070500000000001,9.037999999999998,41.286,16
2025-04-21T23:35:05.470048Z,2025-04-21T23:35:05.478934Z,8.886,11.883176470588237,8.886,41.286,17
2025-04-21T23:35:10.471925Z,2025-04-21T23:35:10.483397Z,11.472,11.860333333333335,8.886,41.286,18
2025-04-21T23:35:15.470561Z,2025-04-21T23:35:15.479684Z,9.123,11.716263157894739,8.886,41.286,19
2025-04-21T23:35:20.473808Z,2025-04-21T23:35:20.483427Z,9.619000000000002,11.611400000000001,8.886,41.286,20
2025-04-21T23:35:25.473056Z,2025-04-21T23:35:25.482653Z,9.597,11.51547619047619,8.886,41.286,21
2025-04-21T23:35:30.477791Z,2025-04-21T23:35:30.486844Z,9.053,11.403545454545455,8.886,41.286,22
2025-04-21T23:35:35.473703Z,2025-04-21T23:35:35.483217Z,9.514,11.321391304347827,8.886,41.286,23
2025-04-21T23:35:40.480275Z,2025-04-21T23:35:40.489149Z,8.874,11.219416666666667,8.874,41.286,24
2025-04-21T23:35:45.483102Z,2025-04-21T23:35:45.493121Z,10.019,11.1714,8.874,41.286,25
2025-04-21T23:35:50.481781Z,2025-04-21T23:35:50.490932Z,9.151,11.093692307692308,8.874,41.286,26
2025-04-21T23:35:55.485695Z,2025-04-21T23:35:55.494642Z,8.947000000000001,11.014185185185186,8.874,41.286,27
2025-04-21T23:36:00.490672Z,2025-04-21T23:36:00.502165Z,11.493,11.031285714285714,8.874,41.286,28
2025-04-21T23:36:05.502310Z,2025-04-21T23:36:05.511375Z,9.065,10.963482758620689,8.874,41.286,29
2025-04-21T23:36:10.499758Z,2025-04-21T23:36:10.509004Z,9.246,10.906233333333331,8.874,41.286,30
2025-04-21T23:36:15.498715Z,2025-04-21T23:36:15.509028Z,10.312999999999999,10.887096774193546,8.874,41.286,31
2025-04-21T23:36:20.505868Z,2025-04-21T23:36:20.515422Z,9.554,10.8454375,8.874,41.286,32
2025-04-21T23:36:25.501639Z,2025-04-21T23:36:25.510594Z,8.955,10.788151515151515,8.874,41.286,33
2025-04-21T23:36:30.502682Z,2025-04-21T23:36:30.511541Z,8.859,10.731411764705882,8.859,41.286,34
2025-04-21T23:36:35.505375Z,2025-04-21T23:36:35.515295Z,9.92,10.70822857142857,8.859,41.286,35
2025-04-21T23:36:40.500466Z,2025-04-21T23:36:40.509430Z,8.964,10.659777777777776,8.859,41.286,36
2025-04-21T23:36:45.506696Z,2025-04-21T23:36:45.515513Z,8.817,10.609972972972974,8.817,41.286,37
2025-04-21T23:36:50.506614Z,2025-04-21T23:36:50.526735Z,20.121,10.860263157894737,8.817,41.286,38
2025-04-21T23:36:55.510640Z,2025-04-21T23:36:55.519587Z,8.947000000000001,10.811205128205128,8.817,41.286,39
2025-04-21T23:37:00.511954Z,2025-04-21T23:37:00.521328Z,9.374,10.775274999999999,8.817,41.286,40
2025-04-21T23:37:05.513522Z,2025-04-21T23:37:05.522550Z,9.027999999999999,10.732658536585365,8.817,41.286,41
2025-04-21T23:37:10.514491Z,2025-04-21T23:37:10.523439Z,8.947999999999999,10.690166666666666,8.817,41.286,42
2025-04-21T23:37:15.519595Z,2025-04-21T23:37:15.528838Z,9.243,10.656511627906976,8.817,41.286,43
2025-04-21T23:37:20.520481Z,2025-04-21T23:37:20.529438Z,8.956999999999999,10.617886363636362,8.817,41.286,44
2025-04-21T23:37:25.520591Z,2025-04-21T23:37:25.531202Z,10.611,10.617733333333332,8.817,41.286,45
2025-04-21T23:37:30.523484Z,2025-04-21T23:37:30.532308Z,8.824,10.578739130434782,8.817,41.286,46
2025-04-21T23:37:35.524412Z,2025-04-21T23:37:35.533292Z,8.88,10.54259574468085,8.817,41.286,47
2025-04-21T23:37:40.526735Z,2025-04-21T23:37:40.537547Z,10.812000000000001,10.548208333333331,8.817,41.286,48
2025-04-21T23:37:45.523870Z,2025-04-21T23:37:45.533304Z,9.434,10.525469387755102,8.817,41.286,49
2025-04-21T23:37:50.526510Z,2025-04-21T23:37:50.536064Z,9.554,10.506039999999999,8.817,41.286,50
2025-04-21T23:37:55.529362Z,2025-04-21T23:37:55.537854Z,8.491999999999999,10.46654901960784,8.491999999999999,41.286,51
2025-04-21T23:38:00.529532Z,2025-04-21T23:38:00.541580Z,12.048,10.496961538461536,8.491999999999999,41.286,52
2025-04-21T23:38:05.531364Z,2025-04-21T23:38:05.540007Z,8.642999999999999,10.461981132075467,8.491999999999999,41.286,53
2025-04-21T23:38:10.533386Z,2025-04-21T23:38:10.542379Z,8.992999999999999,10.434777777777773,8.491999999999999,41.286,54
2025-04-21T23:38:15.534434Z,2025-04-21T23:38:15.546468Z,12.033999999999999,10.463854545454543,8.491999999999999,41.286,55
2025-04-21T23:38:20.534490Z,2025-04-21T23:38:20.544319Z,9.828999999999999,10.452517857142853,8.491999999999999,41.286,56
2025-04-21T23:38:25.537406Z,2025-04-21T23:38:25.547475Z,10.068999999999999,10.445789473684206,8.491999999999999,41.286,57
2025-04-21T23:38:30.539456Z,2025-04-21T23:38:30.550646Z,11.19,10.45862068965517,8.491999999999999,41.286,58
2025-04-21T23:38:35.543388Z,2025-04-21T23:38:35.551921Z,8.533000000000001,10.425983050847455,8.491999999999999,41.286,59
2025-04-21T23:38:40.540559Z,2025-04-21T23:38:40.549768Z,9.209,10.405699999999998,8.491999999999999,41.286,60
2025-04-21T23:38:45.546398Z,2025-04-21T23:38:45.555430Z,9.032,10.383180327868851,8.491999999999999,41.286,61
2025-04-21T23:38:50.548500Z,2025-04-21T23:38:50.558505Z,10.005,10.37708064516129,8.491999999999999,41.286,62
2025-04-21T23:38:55.543182Z,2025-04-21T23:38:55.552064Z,8.882,10.353349206349204,8.491999999999999,41.286,63
2025-04-21T23:39:00.549735Z,2025-04-21T23:39:00.559222Z,9.487,10.339812499999999,8.491999999999999,41.286,64
2025-04-21T23:39:05.554352Z,2025-04-21T23:39:05.565566Z,11.214,10.353261538461537,8.491999999999999,41.286,65
2025-04-21T23:39:10.558263Z,2025-04-21T23:39:10.567431Z,9.168000000000001,10.335303030303027,8.491999999999999,41.286,66
2025-04-21T23:39:15.558776Z,2025-04-21T23:39:15.568319Z,9.543,10.323477611940294,8.491999999999999,41.286,67
2025-04-21T23:39:20.567442Z,2025-04-21T23:39:20.576595Z,9.153,10.306264705882349,8.491999999999999,41.286,68
2025-04-21T23:39:25.571392Z,2025-04-21T23:39:25.581099Z,9.707,10.297579710144923,8.491999999999999,41.286,69
2025-04-21T23:39:30.572221Z,2025-04-21T23:39:30.581627Z,9.405999999999999,10.284842857142854,8.491999999999999,41.286,70
2025-04-21T23:39:35.577218Z,2025-04-21T23:39:35.586288Z,9.07,10.267732394366194,8.491999999999999,41.286,71
2025-04-21T23:39:40.578325Z,2025-04-21T23:39:40.589885Z,11.56,10.285680555555553,8.491999999999999,41.286,72
2025-04-21T23:39:45.578216Z,2025-04-21T23:39:45.587573Z,9.357000000000001,10.272958904109586,8.491999999999999,41.286,73
2025-04-21T23:39:50.579201Z,2025-04-21T23:39:50.587869Z,8.668000000000001,10.251270270270268,8.491999999999999,41.286,74
2025-04-21T23:39:55.580491Z,2025-04-21T23:39:55.591297Z,10.806,10.258666666666665,8.491999999999999,41.286,75
2025-04-21T23:40:00.578168Z,2025-04-21T23:40:00.587163Z,8.995,10.242039473684207,8.491999999999999,41.286,76
2025-04-21T23:40:05.578893Z,2025-04-21T23:40:05.588173Z,9.28,10.229545454545452,8.491999999999999,41.286,77
2025-04-21T23:40:10.583186Z,2025-04-21T23:40:10.592261Z,9.075,10.214743589743586,8.491999999999999,41.286,78
2025-04-21T23:40:15.584182Z,2025-04-21T23:40:15.593833Z,9.651,10.207607594936702,8.491999999999999,41.286,79
2025-04-21T23:40:20.585098Z,2025-04-21T23:40:20.593940Z,8.841999999999999,10.190537499999996,8.491999999999999,41.286,80
2025-04-21T23:40:25.589187Z,2025-04-21T23:40:25.598490Z,9.303,10.179580246913575,8.491999999999999,41.286,81
2025-04-21T23:40:30.590999Z,2025-04-21T23:40:30.601401Z,10.402,10.182292682926823,8.491999999999999,41.286,82
2025-04-21T23:40:35.591116Z,2025-04-21T23:40:35.600401Z,9.285,10.171481927710838,8.491999999999999,41.286,83
2025-04-21T23:40:40.594043Z,2025-04-21T23:40:40.602863Z,8.82,10.155392857142852,8.491999999999999,41.286,84
2025-04-21T23:40:45.594406Z,2025-04-21T23:40:45.605359Z,10.953,10.16477647058823,8.491999999999999,41.286,85
2025-04-21T23:40:50.598178Z,2025-04-21T23:40:50.607611Z,9.433,10.15626744186046,8.491999999999999,41.286,86
2025-04-21T23:40:55.602032Z,2025-04-21T23:40:55.610935Z,8.902999999999999,10.141862068965514,8.491999999999999,41.286,87
2025-04-21T23:41:00.605274Z,2025-04-21T23:41:00.613677Z,8.403,10.122102272727268,8.403,41.286,88
2025-04-21T23:41:05.607916Z,2025-04-21T23:41:05.619172Z,11.256,10.13484269662921,8.403,41.286,89
2025-04-21T23:41:10.611593Z,2025-04-21T23:41:10.620173Z,8.58,10.117566666666665,8.403,41.286,90
2025-04-21T23:41:15.609171Z,2025-04-21T23:41:15.618177Z,9.006,10.105351648351645,8.403,41.286,91
2025-04-21T23:41:20.615987Z,2025-04-21T23:41:20.627240Z,11.253,10.117826086956518,8.403,41.286,92
2025-04-21T23:41:25.619069Z,2025-04-21T23:41:25.628227Z,9.158,10.107505376344083,8.403,41.286,93
2025-04-21T23:41:30.621043Z,2025-04-21T23:41:30.630186Z,9.143,10.097244680851059,8.403,41.286,94
2025-04-21T23:41:35.623897Z,2025-04-21T23:41:35.632573Z,8.676,10.082284210526312,8.403,41.286,95
2025-04-21T23:41:40.628290Z,2025-04-21T23:41:40.639875Z,11.584999999999999,10.097937499999995,8.403,41.286,96
2025-04-21T23:41:45.627090Z,2025-04-21T23:41:45.635827Z,8.737,10.083907216494843,8.403,41.286,97
2025-04-21T23:41:50.627867Z,2025-04-21T23:41:50.636628Z,8.761,10.070408163265304,8.403,41.286,98
2025-04-21T23:41:55.628937Z,2025-04-21T23:41:55.637634Z,8.697,10.05653535353535,8.403,41.286,99
2025-04-21T23:42:00.632862Z,2025-04-21T23:42:00.644261Z,11.399,10.069959999999996,8.403,41.286,100
2025-04-21T23:42:05.632846Z,2025-04-21T23:42:05.641931Z,9.084999999999999,10.060207920792074,8.403,41.286,101
2025-04-21T23:42:10.633030Z,2025-04-21T23:42:10.641713Z,8.683,10.046705882352937,8.403,41.286,102
2025-04-21T23:42:15.634892Z,2025-04-21T23:42:15.643575Z,8.683,10.033466019417471,8.403,41.286,103
2025-04-21T23:42:20.632853Z,2025-04-21T23:42:20.644396Z,11.543,10.047980769230765,8.403,41.286,104
2025-04-21T23:42:25.644172Z,2025-04-21T23:42:25.652801Z,8.629,10.034466666666663,8.403,41.286,105
2025-04-21T23:42:30.639966Z,2025-04-21T23:42:30.649265Z,9.299,10.02752830188679,8.403,41.286,106
2025-04-21T23:42:35.643069Z,2025-04-21T23:42:35.652098Z,9.029,10.018196261682238,8.403,41.286,107
2025-04-21T23:42:40.640757Z,2025-04-21T23:42:40.652160Z,11.403,10.031018518518515,8.403,41.286,108
2025-04-21T23:42:45.644792Z,2025-04-21T23:42:45.653548Z,8.756,10.019321100917427,8.403,41.286,109
2025-04-21T23:42:50.641930Z,2025-04-21T23:42:50.651057Z,9.126999999999999,10.011209090909087,8.403,41.286,110
2025-04-21T23:42:55.646757Z,2025-04-21T23:42:55.655379Z,8.622,9.99869369369369,8.403,41.286,111
2025-04-21T23:43:00.649085Z,2025-04-21T23:43:00.660505Z,11.42,10.011383928571425,8.403,41.286,112
2025-04-21T23:43:05.652837Z,2025-04-21T23:43:05.661806Z,8.969,10.002159292035394,8.403,41.286,113
2025-04-21T23:43:10.653737Z,2025-04-21T23:43:10.662878Z,9.141,9.994605263157892,8.403,41.286,114
2025-04-21T23:43:15.655934Z,2025-04-21T23:43:15.665297Z,9.363,9.989113043478259,8.403,41.286,115
2025-04-21T23:43:20.655692Z,2025-04-21T23:43:20.668525Z,12.833,10.013629310344825,8.403,41.286,116
2025-04-21T23:43:25.655722Z,2025-04-21T23:43:25.664532Z,8.81,10.003341880341878,8.403,41.286,117
2025-04-21T23:43:30.655749Z,2025-04-21T23:43:30.664909Z,9.16,9.996194915254236,8.403,41.286,118
2025-04-21T23:43:35.659836Z,2025-04-21T23:43:35.668891Z,9.055,9.988285714285713,8.403,41.286,119
2025-04-21T23:43:40.661960Z,2025-04-21T23:43:40.670931Z,8.971,9.979808333333333,8.403,41.286,120
2025-04-21T23:43:45.662671Z,2025-04-21T23:43:45.671471Z,8.8,9.970057851239668,8.403,41.286,121
2025-04-21T23:43:50.663640Z,2025-04-21T23:43:50.672934Z,9.294,9.96451639344262,8.403,41.286,122
2025-04-21T23:43:55.665718Z,2025-04-21T23:43:55.686396Z,20.677999999999997,10.05161788617886,8.403,41.286,123
2025-04-21T23:44:00.666548Z,2025-04-21T23:44:00.675859Z,9.311,10.04564516129032,8.403,41.286,124
2025-04-21T23:44:05.666563Z,2025-04-21T23:44:05.675457Z,8.894,10.036431999999998,8.403,41.286,125
2025-04-21T23:44:10.669454Z,2025-04-21T23:44:10.678894Z,9.440000000000001,10.031698412698411,8.403,41.286,126
2025-04-21T23:44:15.670581Z,2025-04-21T23:44:15.682221Z,11.639999999999999,10.044362204724408,8.403,41.286,127
2025-04-21T23:44:20.673554Z,2025-04-21T23:44:20.683086Z,9.532,10.040359374999998,8.403,41.286,128
2025-04-21T23:44:25.673554Z,2025-04-21T23:44:25.682762Z,9.207999999999998,10.033906976744186,8.403,41.286,129
2025-04-21T23:44:30.674524Z,2025-04-21T23:44:30.683602Z,9.078,10.026553846153845,8.403,41.286,130
2025-04-21T23:44:35.671828Z,2025-04-21T23:44:35.680931Z,9.103,10.019503816793891,8.403,41.286,131
2025-04-21T23:44:40.676393Z,2025-04-21T23:44:40.685464Z,9.071,10.01231818181818,8.403,41.286,132
2025-04-21T23:44:45.677467Z,2025-04-21T23:44:45.686461Z,8.994,10.004661654135338,8.403,41.286,133
2025-04-21T23:44:50.678442Z,2025-04-21T23:44:50.688987Z,10.545,10.008694029850746,8.403,41.286,134
2025-04-21T23:44:55.682421Z,2025-04-21T23:44:55.693075Z,10.654,10.013474074074074,8.403,41.286,135
2025-04-21T23:45:00.685924Z,2025-04-21T23:45:00.694442Z,8.517999999999999,10.002477941176469,8.403,41.286,136
2025-04-21T23:45:05.686290Z,2025-04-21T23:45:05.695366Z,9.076,9.995715328467153,8.403,41.286,137
2025-04-21T23:45:10.697468Z,2025-04-21T23:45:10.709866Z,12.398,10.013123188405796,8.403,41.286,138
2025-04-21T23:45:15.690230Z,2025-04-21T23:45:15.699163Z,8.933,10.005352517985612,8.403,41.286,139
2025-04-21T23:45:20.693256Z,2025-04-21T23:45:20.701854Z,8.597999999999999,9.9953,8.403,41.286,140
2025-04-21T23:45:25.695296Z,2025-04-21T23:45:25.703745Z,8.449,9.984333333333334,8.403,41.286,141
2025-04-21T23:45:30.694383Z,2025-04-21T23:45:30.706198Z,11.815000000000001,9.997225352112675,8.403,41.286,142
2025-04-21T23:45:35.700191Z,2025-04-21T23:45:35.708733Z,8.542,9.987048951048951,8.403,41.286,143
2025-04-21T23:45:40.701809Z,2025-04-21T23:45:40.711767Z,9.958,9.986847222222222,8.403,41.286,144
2025-04-21T23:45:45.705924Z,2025-04-21T23:45:45.715148Z,9.224,9.981586206896552,8.403,41.286,145
2025-04-21T23:45:50.704070Z,2025-04-21T23:45:50.715600Z,11.530000000000001,9.992191780821917,8.403,41.286,146
2025-04-21T23:45:55.705121Z,2025-04-21T23:45:55.713946Z,8.825,9.984251700680272,8.403,41.286,147
2025-04-21T23:46:00.704718Z,2025-04-21T23:46:00.713629Z,8.911000000000001,9.976999999999999,8.403,41.286,148
2025-04-21T23:46:05.708022Z,2025-04-21T23:46:05.716592Z,8.57,9.967557046979865,8.403,41.286,149
2025-04-21T23:46:10.708012Z,2025-04-21T23:46:10.719744Z,11.732,9.979319999999998,8.403,41.286,150
2025-04-21T23:46:15.709012Z,2025-04-21T23:46:15.717826Z,8.814,9.971602649006622,8.403,41.286,151
2025-04-21T23:46:20.710988Z,2025-04-21T23:46:20.719841Z,8.853,9.96424342105263,8.403,41.286,152
2025-04-21T23:46:25.710976Z,2025-04-21T23:46:25.719419Z,8.443000000000001,9.954300653594771,8.403,41.286,153
2025-04-21T23:46:30.713902Z,2025-04-21T23:46:30.725117Z,11.215,9.962487012987012,8.403,41.286,154
2025-04-21T23:46:35.712422Z,2025-04-21T23:46:35.721476Z,9.054,9.956625806451612,8.403,41.286,155
2025-04-21T23:46:40.717855Z,2025-04-21T23:46:40.726619Z,8.764,9.948980769230767,8.403,41.286,156
2025-04-21T23:46:45.720054Z,2025-04-21T23:46:45.729315Z,9.261000000000001,9.944598726114648,8.403,41.286,157
2025-04-21T23:46:50.718806Z,2025-04-21T23:46:50.730674Z,11.868,9.956772151898733,8.403,41.286,158
2025-04-21T23:46:55.719908Z,2025-04-21T23:46:55.728905Z,8.997,9.950735849056601,8.403,41.286,159
2025-04-21T23:47:00.722186Z,2025-04-21T23:47:00.731192Z,9.006,9.944831249999998,8.403,41.286,160
2025-04-21T23:47:05.726846Z,2025-04-21T23:47:05.735202Z,8.356,9.934962732919253,8.356,41.286,161
2025-04-21T23:47:10.727750Z,2025-04-21T23:47:10.739817Z,12.067,9.948123456790123,8.356,41.286,162
2025-04-21T23:47:15.730782Z,2025-04-21T23:47:15.739439Z,8.657,9.940202453987729,8.356,41.286,163
2025-04-21T23:47:20.729786Z,2025-04-21T23:47:20.739349Z,9.563,9.937902439024388,8.356,41.286,164
2025-04-21T23:47:25.739635Z,2025-04-21T23:47:25.748633Z,8.998000000000001,9.93220606060606,8.356,41.286,165
2025-04-21T23:47:30.738666Z,2025-04-21T23:47:30.750656Z,11.99,9.944602409638552,8.356,41.286,166
2025-04-21T23:47:35.740694Z,2025-04-21T23:47:35.749738Z,9.044,9.939209580838323,8.356,41.286,167
2025-04-21T23:47:40.746942Z,2025-04-21T23:47:40.755504Z,8.562,9.931011904761903,8.356,41.286,168
2025-04-21T23:47:45.749527Z,2025-04-21T23:47:45.758407Z,8.88,9.924792899408283,8.356,41.286,169
2025-04-21T23:47:50.753560Z,2025-04-21T23:47:50.774555Z,20.995,9.98991176470588,8.356,41.286,170
2025-04-21T23:47:55.754610Z,2025-04-21T23:47:55.763372Z,8.762,9.982730994152046,8.356,41.286,171
2025-04-21T23:48:00.751553Z,2025-04-21T23:48:00.760683Z,9.129999999999999,9.977773255813952,8.356,41.286,172
2025-04-21T23:48:05.759508Z,2025-04-21T23:48:05.768037Z,8.529,9.969398843930634,8.356,41.286,173
2025-04-21T23:48:10.761551Z,2025-04-21T23:48:10.769836Z,8.285,9.959718390804598,8.285,41.286,174
2025-04-21T23:48:15.762533Z,2025-04-21T23:48:15.771476Z,8.943,9.95390857142857,8.285,41.286,175
2025-04-21T23:48:20.765583Z,2025-04-21T23:48:20.774212Z,8.629,9.946380681818182,8.285,41.286,176
2025-04-21T23:48:25.766507Z,2025-04-21T23:48:25.776943Z,10.436,9.949146892655367,8.285,41.286,177
2025-04-21T23:48:30.771657Z,2025-04-21T23:48:30.780227Z,8.57,9.941398876404495,8.285,41.286,178
2025-04-21T23:48:35.772518Z,2025-04-21T23:48:35.781652Z,9.134,9.936888268156423,8.285,41.286,179
2025-04-21T23:48:40.772562Z,2025-04-21T23:48:40.781245Z,8.683,9.929922222222222,8.285,41.286,180
2025-04-21T23:48:45.770045Z,2025-04-21T23:48:45.781578Z,11.533,9.938779005524863,8.285,41.286,181
2025-04-21T23:48:50.773822Z,2025-04-21T23:48:50.782771Z,8.949,9.93334065934066,8.285,41.286,182
2025-04-21T23:48:55.782392Z,2025-04-21T23:48:55.791391Z,8.999,9.928234972677595,8.285,41.286,183
2025-04-21T23:49:00.782691Z,2025-04-21T23:49:00.791970Z,9.279,9.92470652173913,8.285,41.286,184
2025-04-21T23:49:05.787165Z,2025-04-21T23:49:05.798465Z,11.299999999999999,9.932140540540543,8.285,41.286,185
2025-04-21T23:49:10.784523Z,2025-04-21T23:49:10.793321Z,8.798,9.92604301075269,8.285,41.286,186
2025-04-21T23:49:15.792216Z,2025-04-21T23:49:15.800860Z,8.644,9.919187165775403,8.285,41.286,187
2025-04-21T23:49:20.793212Z,2025-04-21T23:49:20.802248Z,9.036000000000001,9.914489361702131,8.285,41.286,188
2025-04-21T23:49:25.794207Z,2025-04-21T23:49:25.805502Z,11.295,9.921793650793653,8.285,41.286,189
2025-04-21T23:49:30.794273Z,2025-04-21T23:49:30.803251Z,8.978,9.916826315789477,8.285,41.286,190
2025-04-21T23:49:35.796124Z,2025-04-21T23:49:35.804739Z,8.615,9.91001047120419,8.285,41.286,191
2025-04-21T23:49:40.798182Z,2025-04-21T23:49:40.807289Z,9.107000000000001,9.905828125000001,8.285,41.286,192
2025-04-21T23:49:45.800426Z,2025-04-21T23:49:45.813434Z,13.008000000000001,9.921901554404146,8.285,41.286,193
2025-04-21T23:49:50.804159Z,2025-04-21T23:49:50.812794Z,8.635,9.915268041237114,8.285,41.286,194
2025-04-21T23:49:55.805173Z,2025-04-21T23:49:55.813535Z,8.362,9.907302564102565,8.285,41.286,195
2025-04-21T23:50:00.807125Z,2025-04-21T23:50:00.815526Z,8.401,9.899617346938777,8.285,41.286,196
2025-04-21T23:50:05.810131Z,2025-04-21T23:50:05.821288Z,11.157,9.906000000000002,8.285,41.286,197
2025-04-21T23:50:10.813982Z,2025-04-21T23:50:10.822398Z,8.416,9.898474747474749,8.285,41.286,198
2025-04-21T23:50:15.818815Z,2025-04-21T23:50:15.827178Z,8.363000000000001,9.890758793969852,8.285,41.286,199
2025-04-21T23:50:20.819025Z,2025-04-21T23:50:20.827813Z,8.788,9.885245000000001,8.285,41.286,200
2025-04-21T23:50:25.819074Z,2025-04-21T23:50:25.830922Z,11.847999999999999,9.895009950248758,8.285,41.286,201
2025-04-21T23:50:30.817596Z,2025-04-21T23:50:30.826487Z,8.891,9.890039603960398,8.285,41.286,202
2025-04-21T23:50:35.822008Z,2025-04-21T23:50:35.830555Z,8.547,9.8834236453202,8.285,41.286,203
2025-04-21T23:50:40.822036Z,2025-04-21T23:50:40.830320Z,8.283999999999999,9.875583333333337,8.283999999999999,41.286,204
2025-04-21T23:50:45.822944Z,2025-04-21T23:50:45.834439Z,11.495,9.883482926829272,8.283999999999999,41.286,205
2025-04-21T23:50:50.822952Z,2025-04-21T23:50:50.831574Z,8.622,9.877359223300974,8.283999999999999,41.286,206
2025-04-21T23:50:55.824889Z,2025-04-21T23:50:55.833720Z,8.831,9.87230434782609,8.283999999999999,41.286,207
2025-04-21T23:51:00.826128Z,2025-04-21T23:51:00.834362Z,8.234,9.864427884615386,8.234,41.286,208
2025-04-21T23:51:05.829847Z,2025-04-21T23:51:05.841598Z,11.751,9.873454545454546,8.234,41.286,209
2025-04-21T23:51:10.832794Z,2025-04-21T23:51:10.841448Z,8.654,9.867647619047618,8.234,41.286,210
2025-04-21T23:51:15.836788Z,2025-04-21T23:51:15.845107Z,8.319,9.860308056872038,8.234,41.286,211
2025-04-21T23:51:20.835389Z,2025-04-21T23:51:20.844015Z,8.626,9.854485849056605,8.234,41.286,212
2025-04-21T23:51:25.835240Z,2025-04-21T23:51:25.848096Z,12.856,9.868577464788734,8.234,41.286,213
2025-04-21T23:51:30.838914Z,2025-04-21T23:51:30.847367Z,8.453000000000001,9.86196261682243,8.234,41.286,214
2025-04-21T23:51:35.845766Z,2025-04-21T23:51:35.853893Z,8.127,9.853893023255814,8.127,41.286,215
2025-04-21T23:51:40.847976Z,2025-04-21T23:51:40.856358Z,8.382000000000001,9.847078703703705,8.127,41.286,216
2025-04-21T23:51:45.851636Z,2025-04-21T23:51:45.872143Z,20.507,9.89620276497696,8.127,41.286,217
2025-04-21T23:51:50.855663Z,2025-04-21T23:51:50.864278Z,8.615,9.890325688073393,8.127,41.286,218
2025-04-21T23:51:55.859526Z,2025-04-21T23:51:55.868609Z,9.083,9.886639269406393,8.127,41.286,219
2025-04-21T23:52:00.857720Z,2025-04-21T23:52:00.866265Z,8.545,9.880540909090909,8.127,41.286,220
2025-04-21T23:52:05.861648Z,2025-04-21T23:52:05.870461Z,8.812999999999999,9.875710407239817,8.127,41.286,221
2025-04-21T23:52:10.862648Z,2025-04-21T23:52:10.871800Z,9.152000000000001,9.872450450450449,8.127,41.286,222
2025-04-21T23:52:15.862935Z,2025-04-21T23:52:15.871580Z,8.645,9.866946188340805,8.127,41.286,223
2025-04-21T23:52:20.867684Z,2025-04-21T23:52:20.878173Z,10.489,9.869723214285713,8.127,41.286,224
2025-04-21T23:52:25.868646Z,2025-04-21T23:52:25.877205Z,8.559000000000001,9.863897777777776,8.127,41.286,225
2025-04-21T23:52:30.867054Z,2025-04-21T23:52:30.875798Z,8.744,9.858942477876106,8.127,41.286,226
2025-04-21T23:52:35.874595Z,2025-04-21T23:52:35.883252Z,8.657,9.85364757709251,8.127,41.286,227
2025-04-21T23:52:40.877517Z,2025-04-21T23:52:40.888514Z,10.997,9.858662280701754,8.127,41.286,228
2025-04-21T23:52:45.877600Z,2025-04-21T23:52:45.886014Z,8.414,9.852353711790393,8.127,41.286,229
2025-04-21T23:52:50.880511Z,2025-04-21T23:52:50.889085Z,8.574,9.846795652173912,8.127,41.286,230
2025-04-21T23:52:55.882492Z,2025-04-21T23:52:55.890971Z,8.479000000000001,9.840874458874456,8.127,41.286,231
2025-04-21T23:53:00.884948Z,2025-04-21T23:53:00.899292Z,14.344000000000001,9.86028448275862,8.127,41.286,232
2025-04-21T23:53:05.886526Z,2025-04-21T23:53:05.895243Z,8.717,9.85537768240343,8.127,41.286,233
2025-04-21T23:53:10.888419Z,2025-04-21T23:53:10.897490Z,9.071,9.852025641025639,8.127,41.286,234
2025-04-21T23:53:15.890517Z,2025-04-21T23:53:15.899244Z,8.727,9.84723829787234,8.127,41.286,235
2025-04-21T23:53:20.889680Z,2025-04-21T23:53:20.901716Z,12.036,9.856512711864406,8.127,41.286,236
2025-04-21T23:53:25.894466Z,2025-04-21T23:53:25.903223Z,8.757,9.851873417721517,8.127,41.286,237
2025-04-21T23:53:30.900333Z,2025-04-21T23:53:30.908711Z,8.378,9.845680672268907,8.127,41.286,238
2025-04-21T23:53:35.902590Z,2025-04-21T23:53:35.911359Z,8.769,9.841175732217572,8.127,41.286,239
2025-04-21T23:53:40.901435Z,2025-04-21T23:53:40.918529Z,17.094,9.871395833333333,8.127,41.286,240
2025-04-21T23:53:45.905410Z,2025-04-21T23:53:45.914175Z,8.765,9.866804979253113,8.127,41.286,241
2025-04-21T23:53:50.907502Z,2025-04-21T23:53:50.916533Z,9.031,9.86335123966942,8.127,41.286,242
2025-04-21T23:53:55.909278Z,2025-04-21T23:53:55.918092Z,8.814,9.8590329218107,8.127,41.286,243
2025-04-21T23:54:00.910332Z,2025-04-21T23:54:00.921446Z,11.114,9.864176229508196,8.127,41.286,244
2025-04-21T23:54:05.912434Z,2025-04-21T23:54:05.921398Z,8.964,9.860502040816327,8.127,41.286,245
2025-04-21T23:54:10.914288Z,2025-04-21T23:54:10.923252Z,8.964,9.856857723577237,8.127,41.286,246
2025-04-21T23:54:15.915254Z,2025-04-21T23:54:15.923860Z,8.606000000000002,9.851793522267206,8.127,41.286,247
2025-04-21T23:54:20.916244Z,2025-04-21T23:54:20.927738Z,11.494000000000002,9.858415322580646,8.127,41.286,248
2025-04-21T23:54:25.917280Z,2025-04-21T23:54:25.925605Z,8.325000000000001,9.85225702811245,8.127,41.286,249
2025-04-21T23:54:30.921217Z,2025-04-21T23:54:30.929786Z,8.569,9.847124,8.127,41.286,250
2025-04-21T23:54:35.924230Z,2025-04-21T23:54:35.933260Z,9.03,9.843868525896415,8.127,41.286,251
2025-04-21T23:54:40.925150Z,2025-04-21T23:54:40.936906Z,11.756,9.851456349206352,8.127,41.286,252
2025-04-21T23:54:45.925970Z,2025-04-21T23:54:45.934387Z,8.417,9.845786561264825,8.127,41.286,253
2025-04-21T23:54:50.925441Z,2025-04-21T23:54:50.934498Z,9.057,9.842681102362207,8.127,41.286,254
2025-04-21T23:54:55.931201Z,2025-04-21T23:54:55.940090Z,8.889,9.83894117647059,8.127,41.286,255
2025-04-21T23:55:00.928646Z,2025-04-21T23:55:00.942007Z,13.360999999999999,9.852699218750002,8.127,41.286,256
2025-04-21T23:55:05.936064Z,2025-04-21T23:55:05.944917Z,8.853,9.848809338521402,8.127,41.286,257
2025-04-21T23:55:10.941212Z,2025-04-21T23:55:10.949991Z,8.779,9.844662790697676,8.127,41.286,258
2025-04-21T23:55:15.945018Z,2025-04-21T23:55:15.953387Z,8.369,9.838965250965252,8.127,41.286,259
2025-04-21T23:55:20.949039Z,2025-04-21T23:55:20.960690Z,11.651,9.845934615384618,8.127,41.286,260
2025-04-21T23:55:25.952090Z,2025-04-21T23:55:25.960554Z,8.463999999999999,9.840639846743297,8.127,41.286,261
2025-04-21T23:55:30.953996Z,2025-04-21T23:55:30.962376Z,8.38,9.835064885496184,8.127,41.286,262
2025-04-21T23:55:35.955034Z,2025-04-21T23:55:35.963539Z,8.505,9.830007604562738,8.127,41.286,263
2025-04-21T23:55:40.957345Z,2025-04-21T23:55:40.976221Z,18.876,9.864272727272729,8.127,41.286,264
2025-04-21T23:55:45.958914Z,2025-04-21T23:55:45.967495Z,8.581,9.859430188679246,8.127,41.286,265
2025-04-21T23:55:50.960916Z,2025-04-21T23:55:50.969738Z,8.822,9.855530075187971,8.127,41.286,266
2025-04-21T23:55:55.959887Z,2025-04-21T23:55:55.968485Z,8.597999999999999,9.850820224719103,8.127,41.286,267
2025-04-21T23:56:00.963200Z,2025-04-21T23:56:00.973782Z,10.581999999999999,9.853548507462689,8.127,41.286,268
2025-04-21T23:56:05.963942Z,2025-04-21T23:56:05.972633Z,8.691,9.849226765799257,8.127,41.286,269
2025-04-21T23:56:10.968892Z,2025-04-21T23:56:10.977514Z,8.622,9.84468148148148,8.127,41.286,270
2025-04-21T23:56:15.971093Z,2025-04-21T23:56:15.982452Z,11.359,9.850269372693727,8.127,41.286,271
2025-04-21T23:56:20.973991Z,2025-04-21T23:56:20.982656Z,8.665000000000001,9.845911764705882,8.127,41.286,272
2025-04-21T23:56:25.972850Z,2025-04-21T23:56:25.981813Z,8.963000000000001,9.842677655677658,8.127,41.286,273
2025-04-21T23:56:30.976884Z,2025-04-21T23:56:30.985502Z,8.618,9.83820802919708,8.127,41.286,274
2025-04-21T23:56:35.978790Z,2025-04-21T23:56:35.990260Z,11.469999999999999,9.844141818181818,8.127,41.286,275
2025-04-21T23:56:40.984108Z,2025-04-21T23:56:40.992769Z,8.661,9.839855072463768,8.127,41.286,276
2025-04-21T23:56:45.983730Z,2025-04-21T23:56:45.992328Z,8.597999999999999,9.835371841155236,8.127,41.286,277
2025-04-21T23:56:50.984778Z,2025-04-21T23:56:50.993572Z,8.794,9.831625899280578,8.127,41.286,278
2025-04-21T23:56:55.985760Z,2025-04-21T23:56:55.997050Z,11.29,9.836853046594983,8.127,41.286,279
2025-04-21T23:57:00.983877Z,2025-04-21T23:57:00.992666Z,8.789,9.833110714285715,8.127,41.286,280
2025-04-21T23:57:05.982476Z,2025-04-21T23:57:05.990768Z,8.292000000000002,9.827626334519575,8.127,41.286,281
2025-04-21T23:57:10.986705Z,2025-04-21T23:57:10.995278Z,8.573,9.82317730496454,8.127,41.286,282
2025-04-21T23:57:15.991736Z,2025-04-21T23:57:16.003392Z,11.655999999999999,9.829653710247351,8.127,41.286,283
2025-04-21T23:57:20.996765Z,2025-04-21T23:57:21.005809Z,9.044,9.826887323943662,8.127,41.286,284
2025-04-21T23:57:25.997774Z,2025-04-21T23:57:26.006316Z,8.542,9.82237894736842,8.127,41.286,285
2025-04-21T23:57:30.995622Z,2025-04-21T23:57:31.004193Z,8.571,9.818003496503495,8.127,41.286,286
2025-04-21T23:57:36.001635Z,2025-04-21T23:57:36.013133Z,11.498,9.823857142857143,8.127,41.286,287
2025-04-21T23:57:41.004018Z,2025-04-21T23:57:41.012519Z,8.501,9.819263888888887,8.127,41.286,288
2025-04-21T23:57:46.003686Z,2025-04-21T23:57:46.012292Z,8.606000000000002,9.815065743944634,8.127,41.286,289
2025-04-21T23:57:51.010137Z,2025-04-21T23:57:51.018730Z,8.593,9.81085172413793,8.127,41.286,290
2025-04-21T23:57:56.007579Z,2025-04-21T23:57:56.018862Z,11.283,9.81591065292096,8.127,41.286,291
2025-04-21T23:58:01.009679Z,2025-04-21T23:58:01.018248Z,8.569,9.811640410958903,8.127,41.286,292
2025-04-21T23:58:06.007674Z,2025-04-21T23:58:06.016660Z,8.985999999999999,9.808822525597268,8.127,41.286,293
2025-04-21T23:58:11.010531Z,2025-04-21T23:58:11.019370Z,8.839,9.805523809523809,8.127,41.286,294
2025-04-21T23:58:16.014547Z,2025-04-21T23:58:16.026262Z,11.715,9.81199661016949,8.127,41.286,295
2025-04-21T23:58:21.021842Z,2025-04-21T23:58:21.030629Z,8.786999999999999,9.808533783783783,8.127,41.286,296
2025-04-21T23:58:26.022578Z,2025-04-21T23:58:26.031644Z,9.065999999999999,9.806033670033669,8.127,41.286,297
2025-04-21T23:58:31.027548Z,2025-04-21T23:58:31.036135Z,8.587,9.801942953020133,8.127,41.286,298
2025-04-21T23:58:36.029434Z,2025-04-21T23:58:36.041293Z,11.859,9.808822742474915,8.127,41.286,299
2025-04-21T23:58:41.031765Z,2025-04-21T23:58:41.040920Z,9.155,9.80664333333333,8.127,41.286,300
2025-04-21T23:58:46.034510Z,2025-04-21T23:58:46.043134Z,8.624,9.802714285714284,8.127,41.286,301
2025-04-21T23:58:51.036452Z,2025-04-21T23:58:51.044936Z,8.484,9.798347682119203,8.127,41.286,302
2025-04-21T23:58:56.040430Z,2025-04-21T23:58:56.051825Z,11.395000000000001,9.803617161716168,8.127,41.286,303
2025-04-21T23:59:01.041767Z,2025-04-21T23:59:01.049920Z,8.153,9.798187499999997,8.127,41.286,304
2025-04-21T23:59:06.045353Z,2025-04-21T23:59:06.053606Z,8.253,9.793121311475408,8.127,41.286,305
2025-04-21T23:59:11.045331Z,2025-04-21T23:59:11.053686Z,8.355,9.788421568627447,8.127,41.286,306
2025-04-21T23:59:16.044328Z,2025-04-21T23:59:16.056299Z,11.971,9.795530944625405,8.127,41.286,307
2025-04-21T23:59:21.048077Z,2025-04-21T23:59:21.056341Z,8.264000000000001,9.790558441558439,8.127,41.286,308
2025-04-21T23:59:26.054379Z,2025-04-21T23:59:26.063327Z,8.947999999999999,9.787831715210354,8.127,41.286,309
2025-04-21T23:59:31.060196Z,2025-04-21T23:59:31.068736Z,8.540000000000001,9.7838064516129,8.127,41.286,310
2025-04-21T23:59:36.061308Z,2025-04-21T23:59:36.079939Z,18.631,9.812254019292604,8.127,41.286,311
2025-04-21T23:59:41.062367Z,2025-04-21T23:59:41.070886Z,8.519,9.808108974358973,8.127,41.286,312
2025-04-21T23:59:46.063353Z,2025-04-21T23:59:46.072104Z,8.751,9.80473162939297,8.127,41.286,313
2025-04-21T23:59:51.066260Z,2025-04-21T23:59:51.074934Z,8.674,9.801130573248408,8.127,41.286,314
2025-04-21T23:59:56.068312Z,2025-04-21T23:59:56.076832Z,8.52,9.79706349206349,8.127,41.286,315
2025-04-22T00:00:01.069292Z,2025-04-22T00:00:01.077788Z,8.496,9.792946202531645,8.127,41.286,316
2025-04-22T00:00:06.070304Z,2025-04-22T00:00:06.079007Z,8.703000000000001,9.78950788643533,8.127,41.286,317
2025-04-22T00:00:11.075140Z,2025-04-22T00:00:11.085256Z,10.116,9.790534591194968,8.127,41.286,318
2025-04-22T00:00:16.076272Z,2025-04-22T00:00:16.084938Z,8.666,9.787009404388714,8.127,41.286,319
2025-04-22T00:00:21.081258Z,2025-04-22T00:00:21.090216Z,8.958,9.784418749999999,8.127,41.286,320
2025-04-22T00:00:26.084248Z,2025-04-22T00:00:26.093166Z,8.918000000000001,9.781719626168222,8.127,41.286,321
2025-04-22T00:00:31.084169Z,2025-04-22T00:00:31.095677Z,11.508,9.787080745341614,8.127,41.286,322
2025-04-22T00:00:36.088311Z,2025-04-22T00:00:36.097217Z,8.906,9.78435294117647,8.127,41.286,323
2025-04-22T00:00:41.092129Z,2025-04-22T00:00:41.100923Z,8.794,9.781296296296295,8.127,41.286,324
2025-04-22T00:00:46.097285Z,2025-04-22T00:00:46.105496Z,8.211,9.776464615384615,8.127,41.286,325
2025-04-22T00:00:51.098056Z,2025-04-22T00:00:51.109015Z,10.959,9.780092024539877,8.127,41.286,326
2025-04-22T00:00:56.098142Z,2025-04-22T00:00:56.105950Z,7.808,9.77406116207951,7.808,41.286,327
2025-04-22T00:01:01.102322Z,2025-04-22T00:01:01.110900Z,8.578000000000001,9.770414634146341,7.808,41.286,328
2025-04-22T00:01:06.103180Z,2025-04-22T00:01:06.112641Z,9.461,9.769474164133738,7.808,41.286,329
2025-04-22T00:01:11.106937Z,2025-04-22T00:01:11.118167Z,11.23,9.7739,7.808,41.286,330
2025-04-22T00:01:16.105138Z,2025-04-22T00:01:16.113794Z,8.656,9.77052265861027,7.808,41.286,331
2025-04-22T00:01:21.106016Z,2025-04-22T00:01:21.114619Z,8.603,9.767006024096384,7.808,41.286,332
2025-04-22T00:01:26.114630Z,2025-04-22T00:01:26.123338Z,8.708,9.763825825825824,7.808,41.286,333
2025-04-22T00:01:31.106029Z,2025-04-22T00:01:31.118049Z,12.02,9.770580838323353,7.808,41.286,334
2025-04-22T00:01:36.110005Z,2025-04-22T00:01:36.118266Z,8.261,9.766074626865672,7.808,41.286,335
2025-04-22T00:01:41.114949Z,2025-04-22T00:01:41.123857Z,8.908,9.763520833333333,7.808,41.286,336
2025-04-22T00:01:46.115071Z,2025-04-22T00:01:46.123394Z,8.323,9.759246290801187,7.808,41.286,337
2025-04-22T00:01:51.116936Z,2025-04-22T00:01:51.128426Z,11.49,9.764366863905325,7.808,41.286,338
2025-04-22T00:01:56.119930Z,2025-04-22T00:01:56.128664Z,8.734,9.761327433628317,7.808,41.286,339
2025-04-22T00:02:01.123926Z,2025-04-22T00:02:01.132513Z,8.587,9.757873529411764,7.808,41.286,340
2025-04-22T00:02:06.126881Z,2025-04-22T00:02:06.135301Z,8.42,9.753950146627565,7.808,41.286,341
2025-04-22T00:02:11.137236Z,2025-04-22T00:02:11.149059Z,11.823,9.76,7.808,41.286,342
2025-04-22T00:02:16.135936Z,2025-04-22T00:02:16.144455Z,8.519,9.756381924198251,7.808,41.286,343
2025-04-22T00:02:21.141194Z,2025-04-22T00:02:21.149696Z,8.501999999999999,9.75273546511628,7.808,41.286,344
2025-04-22T00:02:26.141913Z,2025-04-22T00:02:26.150365Z,8.452,9.748965217391305,7.808,41.286,345
2025-04-22T00:02:31.138666Z,2025-04-22T00:02:31.150326Z,11.66,9.754488439306359,7.808,41.286,346
2025-04-22T00:02:36.141877Z,2025-04-22T00:02:36.150519Z,8.642000000000001,9.75128242074928,7.808,41.286,347
2025-04-22T00:02:41.141797Z,2025-04-22T00:02:41.150304Z,8.507000000000001,9.747706896551726,7.808,41.286,348
2025-04-22T00:02:46.143013Z,2025-04-22T00:02:46.152150Z,9.136999999999999,9.745957020057306,7.808,41.286,349
2025-04-22T00:02:51.145784Z,2025-04-22T00:02:51.157025Z,11.241,9.750228571428572,7.808,41.286,350
2025-04-22T00:02:56.146810Z,2025-04-22T00:02:56.155244Z,8.434000000000001,9.746478632478633,7.808,41.286,351
2025-04-22T00:03:01.148079Z,2025-04-22T00:03:01.156131Z,8.052,9.741664772727272,7.808,41.286,352
2025-04-22T00:03:06.152740Z,2025-04-22T00:03:06.160882Z,8.142,9.737133144475921,7.808,41.286,353
2025-04-22T00:03:11.151866Z,2025-04-22T00:03:11.163718Z,11.852,9.743107344632769,7.808,41.286,354
2025-04-22T00:03:16.154748Z,2025-04-22T00:03:16.163759Z,9.011,9.741045070422537,7.808,41.286,355
2025-04-22T00:03:21.151757Z,2025-04-22T00:03:21.160399Z,8.642000000000001,9.737957865168541,7.808,41.286,356
2025-04-22T00:03:26.156728Z,2025-04-22T00:03:26.165090Z,8.362,9.734103641456583,7.808,41.286,357
2025-04-22T00:03:31.155890Z,2025-04-22T00:03:31.177022Z,21.132,9.765941340782124,7.808,41.286,358
2025-04-22T00:03:36.158782Z,2025-04-22T00:03:36.167472Z,8.69,9.762944289693595,7.808,41.286,359
2025-04-22T00:03:41.161042Z,2025-04-22T00:03:41.169509Z,8.467,9.759344444444446,7.808,41.286,360
2025-04-22T00:03:46.161581Z,2025-04-22T00:03:46.169857Z,8.276,9.755235457063714,7.808,41.286,361
2025-04-22T00:03:51.160849Z,2025-04-22T00:03:51.169800Z,8.951,9.753013812154697,7.808,41.286,362
2025-04-22T00:03:56.164556Z,2025-04-22T00:03:56.172229Z,7.673,9.747283746556475,7.673,41.286,363
2025-04-22T00:04:01.165693Z,2025-04-22T00:04:01.174514Z,8.821000000000002,9.744739010989013,7.673,41.286,364
2025-04-22T00:04:06.165560Z,2025-04-22T00:04:06.176396Z,10.836,9.74772876712329,7.673,41.286,365
2025-04-22T00:04:11.166536Z,2025-04-22T00:04:11.175305Z,8.769,9.745054644808747,7.673,41.286,366
2025-04-22T00:04:16.169554Z,2025-04-22T00:04:16.178173Z,8.619,9.7419863760218,7.673,41.286,367
2025-04-22T00:04:21.172534Z,2025-04-22T00:04:21.180810Z,8.276,9.738002717391307,7.673,41.286,368
2025-04-22T00:04:26.175541Z,2025-04-22T00:04:26.187020Z,11.479,9.742720867208675,7.673,41.286,369
2025-04-22T00:04:31.171753Z,2025-04-22T00:04:31.180528Z,8.775,9.740105405405409,7.673,41.286,370
2025-04-22T00:04:36.177578Z,2025-04-22T00:04:36.185833Z,8.255,9.736102425876012,7.673,41.286,371
2025-04-22T00:04:41.178494Z,2025-04-22T00:04:41.187256Z,8.762,9.733483870967744,7.673,41.286,372
2025-04-22T00:04:46.179716Z,2025-04-22T00:04:46.190868Z,11.152000000000001,9.737286863270779,7.673,41.286,373
2025-04-22T00:04:51.184440Z,2025-04-22T00:04:51.193119Z,8.678999999999998,9.73445721925134,7.673,41.286,374
2025-04-22T00:04:56.185440Z,2025-04-22T00:04:56.193615Z,8.175,9.730298666666668,7.673,41.286,375
2025-04-22T00:05:01.192394Z,2025-04-22T00:05:01.201190Z,8.796,9.727813829787236,7.673,41.286,376
2025-04-22T00:05:06.188394Z,2025-04-22T00:05:06.200064Z,11.67,9.73296551724138,7.673,41.286,377
2025-04-22T00:05:11.189468Z,2025-04-22T00:05:11.198828Z,9.36,9.731978835978836,7.673,41.286,378
2025-04-22T00:05:16.189428Z,2025-04-22T00:05:16.197884Z,8.456,9.728612137203166,7.673,41.286,379
2025-04-22T00:05:21.189396Z,2025-04-22T00:05:21.197986Z,8.59,9.725615789473684,7.673,41.286,380
2025-04-22T00:05:26.195391Z,2025-04-22T00:05:26.206410Z,11.019,9.729010498687666,7.673,41.286,381
2025-04-22T00:05:31.196571Z,2025-04-22T00:05:31.205099Z,8.528,9.725866492146597,7.673,41.286,382
2025-04-22T00:05:36.199362Z,2025-04-22T00:05:36.207769Z,8.407,9.722422976501306,7.673,41.286,383
2025-04-22T00:05:41.206650Z,2025-04-22T00:05:41.215093Z,8.443000000000001,9.719091145833335,7.673,41.286,384
2025-04-22T00:05:46.206338Z,2025-04-22T00:05:46.218386Z,12.048,9.725140259740263,7.673,41.286,385
2025-04-22T00:05:51.208286Z,2025-04-22T00:05:51.216803Z,8.517,9.722010362694304,7.673,41.286,386
2025-04-22T00:05:56.216476Z,2025-04-22T00:05:56.224358Z,7.882,9.717255813953491,7.673,41.286,387
2025-04-22T00:06:01.218297Z,2025-04-22T00:06:01.226883Z,8.586,9.714340206185568,7.673,41.286,388
2025-04-22T00:06:06.218401Z,2025-04-22T00:06:06.229915Z,11.514,9.718966580976867,7.673,41.286,389
2025-04-22T00:06:11.220276Z,2025-04-22T00:06:11.228848Z,8.572,9.716025641025643,7.673,41.286,390
2025-04-22T00:06:16.224166Z,2025-04-22T00:06:16.232700Z,8.534,9.713002557544758,7.673,41.286,391
2025-04-22T00:06:21.228222Z,2025-04-22T00:06:21.236735Z,8.513,9.709941326530615,7.673,41.286,392
2025-04-22T00:06:26.233007Z,2025-04-22T00:06:26.244644Z,11.637,9.714844783715016,7.673,41.286,393
2025-04-22T00:06:31.228251Z,2025-04-22T00:06:31.236710Z,8.459,9.711657360406095,7.673,41.286,394
2025-04-22T00:06:36.232190Z,2025-04-22T00:06:36.240750Z,8.56,9.708741772151903,7.673,41.286,395
2025-04-22T00:06:41.233138Z,2025-04-22T00:06:41.241722Z,8.584,9.705901515151519,7.673,41.286,396
2025-04-22T00:06:46.233182Z,2025-04-22T00:06:46.245121Z,11.939,9.711526448362724,7.673,41.286,397
2025-04-22T00:06:51.239214Z,2025-04-22T00:06:51.248006Z,8.792,9.709216080402014,7.673,41.286,398
2025-04-22T00:06:56.242112Z,2025-04-22T00:06:56.250562Z,8.45,9.706060150375944,7.673,41.286,399
2025-04-22T00:07:01.246574Z,2025-04-22T00:07:01.254888Z,8.314,9.702580000000003,7.673,41.286,400
2025-04-22T00:07:06.248088Z,2025-04-22T00:07:06.259812Z,11.724,9.707620947630925,7.673,41.286,401
2025-04-22T00:07:11.250182Z,2025-04-22T00:07:11.258780Z,8.597999999999999,9.704860696517416,7.673,41.286,402
2025-04-22T00:07:16.249165Z,2025-04-22T00:07:16.257639Z,8.474,9.701806451612907,7.673,41.286,403
2025-04-22T00:07:21.255068Z,2025-04-22T00:07:21.263434Z,8.366,9.698500000000005,7.673,41.286,404
2025-04-22T00:07:26.256219Z,2025-04-22T00:07:26.274696Z,18.477,9.720175308641979,7.673,41.286,405
2025-04-22T00:07:31.259184Z,2025-04-22T00:07:31.267476Z,8.292000000000002,9.716657635467984,7.673,41.286,406
2025-04-22T00:07:36.260222Z,2025-04-22T00:07:36.269118Z,8.895999999999999,9.714641277641281,7.673,41.286,407
2025-04-22T00:07:41.262382Z,2025-04-22T00:07:41.270881Z,8.498999999999999,9.711661764705886,7.673,41.286,408
2025-04-22T00:07:46.260978Z,2025-04-22T00:07:46.269741Z,8.763,9.709342298288513,7.673,41.286,409
2025-04-22T00:07:51.262360Z,2025-04-22T00:07:51.271188Z,8.828000000000001,9.707192682926832,7.673,41.286,410
2025-04-22T00:07:56.264985Z,2025-04-22T00:07:56.273642Z,8.657,9.704637469586377,7.673,41.286,411
2025-04-22T00:08:01.269046Z,2025-04-22T00:08:01.279834Z,10.788,9.707266990291265,7.673,41.286,412
2025-04-22T00:08:06.298946Z,2025-04-22T00:08:06.307119Z,8.173,9.703552058111383,7.673,41.286,413
2025-04-22T00:08:11.274824Z,2025-04-22T00:08:11.283211Z,8.387,9.70037198067633,7.673,41.286,414
2025-04-22T00:08:16.279882Z,2025-04-22T00:08:16.287961Z,8.078999999999999,9.696465060240966,7.673,41.286,415
2025-04-22T00:08:21.280012Z,2025-04-22T00:08:21.290680Z,10.668000000000001,9.698800480769235,7.673,41.286,416
2025-04-22T00:08:26.277366Z,2025-04-22T00:08:26.285990Z,8.624,9.696223021582735,7.673,41.286,417
2025-04-22T00:08:31.281938Z,2025-04-22T00:08:31.290359Z,8.421,9.693172248803831,7.673,41.286,418
2025-04-22T00:08:36.285943Z,2025-04-22T00:08:36.293946Z,8.003,9.689138424821007,7.673,41.286,419
2025-04-22T00:08:41.287022Z,2025-04-22T00:08:41.297890Z,10.867999999999999,9.691945238095244,7.673,41.286,420
2025-04-22T00:08:46.289952Z,2025-04-22T00:08:46.298289Z,8.337000000000002,9.688726840855113,7.673,41.286,421
2025-04-22T00:08:51.291140Z,2025-04-22T00:08:51.299175Z,8.035,9.684808056872042,7.673,41.286,422
2025-04-22T00:08:56.293847Z,2025-04-22T00:08:56.302399Z,8.552000000000001,9.682130023640667,7.673,41.286,423
2025-04-22T00:09:01.299026Z,2025-04-22T00:09:01.311560Z,12.534,9.688856132075475,7.673,41.286,424
2025-04-22T00:09:06.310972Z,2025-04-22T00:09:06.319245Z,8.273000000000001,9.685524705882354,7.673,41.286,425
2025-04-22T00:09:11.300787Z,2025-04-22T00:09:11.309180Z,8.392999999999999,9.68249061032864,7.673,41.286,426
2025-04-22T00:09:16.349980Z,2025-04-22T00:09:16.359325Z,9.344999999999999,9.68170023419204,7.673,41.286,427
2025-04-22T00:09:21.305775Z,2025-04-22T00:09:21.315288Z,9.513,9.681306074766358,7.673,41.286,428
2025-04-22T00:09:26.306801Z,2025-04-22T00:09:26.315222Z,8.421,9.6783682983683,7.673,41.286,429
2025-04-22T00:09:31.304893Z,2025-04-22T00:09:31.313251Z,8.358,9.675297674418609,7.673,41.286,430
2025-04-22T00:09:36.311682Z,2025-04-22T00:09:36.319537Z,7.8549999999999995,9.671074245939678,7.673,41.286,431
2025-04-22T00:09:41.316764Z,2025-04-22T00:09:41.324936Z,8.172,9.66760416666667,7.673,41.286,432
2025-04-22T00:09:46.317616Z,2025-04-22T00:09:46.325540Z,7.924,9.663577367205546,7.673,41.286,433
2025-04-22T00:09:51.318663Z,2025-04-22T00:09:51.326937Z,8.274000000000001,9.66037557603687,7.673,41.286,434
2025-04-22T00:09:56.321704Z,2025-04-22T00:09:56.332341Z,10.637,9.662620689655178,7.673,41.286,435
2025-04-22T00:10:01.324764Z,2025-04-22T00:10:01.333569Z,8.805,9.660653669724773,7.673,41.286,436
2025-04-22T00:10:06.329623Z,2025-04-22T00:10:06.338063Z,8.44,9.657860411899318,7.673,41.286,437
2025-04-22T00:10:11.324615Z,2025-04-22T00:10:11.333192Z,8.577,9.65539269406393,7.673,41.286,438
2025-04-22T00:10:16.321361Z,2025-04-22T00:10:16.332574Z,11.213000000000001,9.658940774487476,7.673,41.286,439
2025-04-22T00:10:21.330640Z,2025-04-22T00:10:21.339474Z,8.834,9.657065909090914,7.673,41.286,440
2025-04-22T00:10:26.335632Z,2025-04-22T00:10:26.343907Z,8.274999999999999,9.653931972789119,7.673,41.286,441
2025-04-22T00:10:31.331606Z,2025-04-22T00:10:31.340157Z,8.551,9.651436651583714,7.673,41.286,442
2025-04-22T00:10:36.331575Z,2025-04-22T00:10:36.343478Z,11.903,9.65651918735892,7.673,41.286,443
2025-04-22T00:10:41.330999Z,2025-04-22T00:10:41.339757Z,8.758000000000001,9.6544954954955,7.673,41.286,444
2025-04-22T00:10:46.335514Z,2025-04-22T00:10:46.343332Z,7.8180000000000005,9.650368539325846,7.673,41.286,445
2025-04-22T00:10:51.336576Z,2025-04-22T00:10:51.345090Z,8.514000000000001,9.647820627802695,7.673,41.286,446
2025-04-22T00:10:56.337130Z,2025-04-22T00:10:56.349371Z,12.241,9.653621923937367,7.673,41.286,447
2025-04-22T00:11:01.342097Z,2025-04-22T00:11:01.351019Z,8.921999999999999,9.651988839285721,7.673,41.286,448
2025-04-22T00:11:06.359645Z,2025-04-22T00:11:06.368027Z,8.382000000000001,9.649160356347444,7.673,41.286,449
2025-04-22T00:11:11.344492Z,2025-04-22T00:11:11.352708Z,8.216,9.645975555555562,7.673,41.286,450
2025-04-22T00:11:16.349462Z,2025-04-22T00:11:16.370523Z,21.061,9.671286031042134,7.673,41.286,451
2025-04-22T00:11:21.350524Z,2025-04-22T00:11:21.359183Z,8.659,9.669046460176999,7.673,41.286,452
2025-04-22T00:11:26.350476Z,2025-04-22T00:11:26.359111Z,8.635,9.666763796909498,7.673,41.286,453
2025-04-22T00:11:31.353479Z,2025-04-22T00:11:31.362012Z,8.533000000000001,9.664266519823794,7.673,41.286,454
2025-04-22T00:11:36.355433Z,2025-04-22T00:11:36.367068Z,11.635,9.668597802197809,7.673,41.286,455
2025-04-22T00:11:41.358033Z,2025-04-22T00:11:41.366899Z,8.866000000000001,9.666837719298252,7.673,41.286,456
2025-04-22T00:11:46.356530Z,2025-04-22T00:11:46.365453Z,8.923,9.665210065645523,7.673,41.286,457
2025-04-22T00:11:51.359440Z,2025-04-22T00:11:51.367700Z,8.26,9.662141921397389,7.673,41.286,458
2025-04-22T00:11:56.359407Z,2025-04-22T00:11:56.367943Z,8.536,9.659688453159049,7.673,41.286,459
2025-04-22T00:12:01.360444Z,2025-04-22T00:12:01.368547Z,8.103000000000002,9.656304347826095,7.673,41.286,460
2025-04-22T00:12:06.373367Z,2025-04-22T00:12:06.382804Z,9.437,9.65582863340565,7.673,41.286,461
2025-04-22T00:12:11.363527Z,2025-04-22T00:12:11.373728Z,10.201,9.65700865800867,7.673,41.286,462
2025-04-22T00:12:16.364327Z,2025-04-22T00:12:16.372936Z,8.609,9.654745140388778,7.673,41.286,463
2025-04-22T00:12:21.365314Z,2025-04-22T00:12:21.373952Z,8.638,9.652553879310355,7.673,41.286,464
2025-04-22T00:12:26.365445Z,2025-04-22T00:12:26.374104Z,8.659,9.650417204301084,7.673,41.286,465
2025-04-22T00:12:31.367283Z,2025-04-22T00:12:31.378797Z,11.514,9.654416309012886,7.673,41.286,466
2025-04-22T00:12:36.368429Z,2025-04-22T00:12:36.376899Z,8.47,9.651880085653115,7.673,41.286,467
2025-04-22T00:12:41.369320Z,2025-04-22T00:12:41.377767Z,8.447,9.649305555555566,7.673,41.286,468
2025-04-22T00:12:46.372266Z,2025-04-22T00:12:46.380453Z,8.187,9.64618763326227,7.673,41.286,469
2025-04-22T00:12:51.368256Z,2025-04-22T00:12:51.379918Z,11.662,9.650476595744694,7.673,41.286,470
2025-04-22T00:12:56.368967Z,2025-04-22T00:12:56.377563Z,8.596,9.64823779193207,7.673,41.286,471
2025-04-22T00:13:01.374678Z,2025-04-22T00:13:01.383118Z,8.44,9.645677966101706,7.673,41.286,472
2025-04-22T00:13:06.395308Z,2025-04-22T00:13:06.403775Z,8.467,9.643186046511637,7.673,41.286,473
2025-04-22T00:13:11.385233Z,2025-04-22T00:13:11.396630Z,11.396999999999998,9.646886075949377,7.673,41.286,474
2025-04-22T00:13:16.386258Z,2025-04-22T00:13:16.394620Z,8.362,9.644181052631588,7.673,41.286,475
2025-04-22T00:13:21.387176Z,2025-04-22T00:13:21.395504Z,8.328000000000001,9.641415966386564,7.673,41.286,476
2025-04-22T00:13:26.391211Z,2025-04-22T00:13:26.399413Z,8.202,9.638398322851161,7.673,41.286,477
2025-04-22T00:13:31.392230Z,2025-04-22T00:13:31.403811Z,11.581,9.642462343096241,7.673,41.286,478
2025-04-22T00:13:36.396303Z,2025-04-22T00:13:36.404881Z,8.578000000000001,9.640240083507315,7.673,41.286,479
2025-04-22T00:13:41.398452Z,2025-04-22T00:13:41.407057Z,8.605,9.638083333333343,7.673,41.286,480
2025-04-22T00:13:46.402536Z,2025-04-22T00:13:46.410893Z,8.357,9.635419958419968,7.673,41.286,481
2025-04-22T00:13:51.402105Z,2025-04-22T00:13:51.413631Z,11.526,9.63934232365146,7.673,41.286,482
2025-04-22T00:13:56.405088Z,2025-04-22T00:13:56.413482Z,8.394,9.636763975155288,7.673,41.286,483
2025-04-22T00:14:01.401406Z,2025-04-22T00:14:01.409378Z,7.9719999999999995,9.633324380165297,7.673,41.286,484
2025-04-22T00:14:06.420106Z,2025-04-22T00:14:06.429063Z,8.956999999999999,9.631929896907224,7.673,41.286,485
2025-04-22T00:14:11.410003Z,2025-04-22T00:14:11.421537Z,11.534,9.635843621399184,7.673,41.286,486
2025-04-22T00:14:16.418691Z,2025-04-22T00:14:16.427167Z,8.475999999999999,9.633462012320336,7.673,41.286,487
2025-04-22T00:14:21.413062Z,2025-04-22T00:14:21.421780Z,8.718,9.631586065573778,7.673,41.286,488
2025-04-22T00:14:26.413024Z,2025-04-22T00:14:26.421706Z,8.682,9.629644171779148,7.673,41.286,489
2025-04-22T00:14:31.416015Z,2025-04-22T00:14:31.427492Z,11.476999999999999,9.633414285714293,7.673,41.286,490
2025-04-22T00:14:36.416994Z,2025-04-22T00:14:36.425422Z,8.427999999999999,9.630959266802453,7.673,41.286,491
2025-04-22T00:14:41.420957Z,2025-04-22T00:14:41.429222Z,8.265,9.628182926829277,7.673,41.286,492
2025-04-22T00:14:46.424054Z,2025-04-22T00:14:46.432729Z,8.675,9.626249492900618,7.673,41.286,493
2025-04-22T00:14:51.425921Z,2025-04-22T00:14:51.436715Z,10.794,9.628613360323895,7.673,41.286,494
2025-04-22T00:14:56.425974Z,2025-04-22T00:14:56.434352Z,8.378,9.626086868686878,7.673,41.286,495
2025-04-22T00:15:01.427356Z,2025-04-22T00:15:01.435716Z,8.36,9.623534274193556,7.673,41.286,496
2025-04-22T00:15:06.424264Z,2025-04-22T00:15:06.432831Z,8.567,9.621408450704234,7.673,41.286,497
2025-04-22T00:15:11.426944Z,2025-04-22T00:15:11.446271Z,19.327,9.640897590361453,7.673,41.286,498
2025-04-22T00:15:16.431912Z,2025-04-22T00:15:16.440000Z,8.088,9.637785571142292,7.673,41.286,499
2025-04-22T00:15:21.434108Z,2025-04-22T00:15:21.443100Z,8.992,9.636494000000008,7.673,41.286,500
2025-04-22T00:15:26.433900Z,2025-04-22T00:15:26.442261Z,8.361,9.633948103792422,7.673,41.286,501
2025-04-22T00:15:31.439116Z,2025-04-22T00:15:31.447500Z,8.384,9.631458167330685,7.673,41.286,502
2025-04-22T00:15:36.442866Z,2025-04-22T00:15:36.450830Z,7.964,9.628143141153089,7.673,41.286,503
2025-04-22T00:15:41.453625Z,2025-04-22T00:15:41.462020Z,8.395,9.625696428571437,7.673,41.286,504
2025-04-22T00:15:46.450758Z,2025-04-22T00:15:46.460475Z,9.717,9.625877227722782,7.673,41.286,505
2025-04-22T00:15:51.452840Z,2025-04-22T00:15:51.461448Z,8.607999999999999,9.62386561264823,7.673,41.286,506
2025-04-22T00:15:56.457802Z,2025-04-22T00:15:56.466202Z,8.4,9.62145167652861,7.673,41.286,507
2025-04-22T00:16:01.457806Z,2025-04-22T00:16:01.466218Z,8.411999999999999,9.61907086614174,7.673,41.286,508
2025-04-22T00:16:06.461773Z,2025-04-22T00:16:06.473221Z,11.448,9.622664047151284,7.673,41.286,509
2025-04-22T00:16:11.462872Z,2025-04-22T00:16:11.471436Z,8.564,9.620588235294125,7.673,41.286,510
2025-04-22T00:16:16.459655Z,2025-04-22T00:16:16.468453Z,8.798,9.618978473581219,7.673,41.286,511
2025-04-22T00:16:21.462710Z,2025-04-22T00:16:21.471404Z,8.694,9.617171875000007,7.673,41.286,512
2025-04-22T00:16:26.468927Z,2025-04-22T00:16:26.480653Z,11.726,9.621282651072132,7.673,41.286,513
2025-04-22T00:16:31.472044Z,2025-04-22T00:16:31.481689Z,9.645000000000001,9.621328793774326,7.673,41.286,514
2025-04-22T00:16:36.473703Z,2025-04-22T00:16:36.481569Z,7.866,9.617920388349521,7.673,41.286,515
2025-04-22T00:16:41.474638Z,2025-04-22T00:16:41.482445Z,7.8069999999999995,9.614410852713185,7.673,41.286,516
2025-04-22T00:16:46.476776Z,2025-04-22T00:16:46.488215Z,11.439,9.617940038684727,7.673,41.286,517
2025-04-22T00:16:51.482598Z,2025-04-22T00:16:51.490909Z,8.311,9.615416988416996,7.673,41.286,518
2025-04-22T00:16:56.479704Z,2025-04-22T00:16:56.487664Z,7.96,9.61222736030829,7.673,41.286,519
2025-04-22T00:17:01.482976Z,2025-04-22T00:17:01.490893Z,7.917000000000001,9.608967307692314,7.673,41.286,520
2025-04-22T00:17:06.483564Z,2025-04-22T00:17:06.494320Z,10.756,9.611168905950104,7.673,41.286,521
2025-04-22T00:17:11.485598Z,2025-04-22T00:17:11.493904Z,8.306,9.608668582375486,7.673,41.286,522
2025-04-22T00:17:16.484520Z,2025-04-22T00:17:16.492144Z,7.624,9.604873804971326,7.624,41.286,523
2025-04-22T00:17:21.486660Z,2025-04-22T00:17:21.494987Z,8.327,9.602435114503825,7.624,41.286,524
2025-04-22T00:17:26.487634Z,2025-04-22T00:17:26.499182Z,11.548,9.60614095238096,7.624,41.286,525
2025-04-22T00:17:31.489686Z,2025-04-22T00:17:31.497964Z,8.278,9.603615969581757,7.624,41.286,526
2025-04-22T00:17:36.490558Z,2025-04-22T00:17:36.498832Z,8.274000000000001,9.601092979127143,7.624,41.286,527
2025-04-22T00:17:41.493830Z,2025-04-22T00:17:41.502059Z,8.229000000000001,9.598494318181826,7.624,41.286,528
2025-04-22T00:17:46.495482Z,2025-04-22T00:17:46.506737Z,11.254999999999999,9.601625708884697,7.624,41.286,529
2025-04-22T00:17:51.498673Z,2025-04-22T00:17:51.507377Z,8.704,9.599932075471706,7.624,41.286,530
2025-04-22T00:17:56.501617Z,2025-04-22T00:17:56.509807Z,8.19,9.5972768361582,7.624,41.286,531
2025-04-22T00:18:01.504584Z,2025-04-22T00:18:01.512228Z,7.644,9.593605263157901,7.624,41.286,532
2025-04-22T00:18:06.505702Z,2025-04-22T00:18:06.517001Z,11.299,9.596804878048788,7.624,41.286,533
2025-04-22T00:18:11.505698Z,2025-04-22T00:18:11.514184Z,8.486,9.594724719101132,7.624,41.286,534
2025-04-22T00:18:16.508610Z,2025-04-22T00:18:16.517123Z,8.513,9.592702803738325,7.624,41.286,535
2025-04-22T00:18:21.509682Z,2025-04-22T00:18:21.517546Z,7.864,9.589477611940307,7.624,41.286,536
2025-04-22T00:18:26.512690Z,2025-04-22T00:18:26.523806Z,11.116,9.59232029795159,7.624,41.286,537
2025-04-22T00:18:31.513716Z,2025-04-22T00:18:31.521865Z,8.149,9.58963754646841,7.624,41.286,538
2025-04-22T00:18:36.515861Z,2025-04-22T00:18:36.524302Z,8.441,9.587506493506503,7.624,41.286,539
2025-04-22T00:18:41.521901Z,2025-04-22T00:18:41.530536Z,8.635,9.5857425925926,7.624,41.286,540
2025-04-22T00:18:46.528476Z,2025-04-22T00:18:46.540663Z,12.187,9.590550831792985,7.624,41.286,541
2025-04-22T00:18:51.523860Z,2025-04-22T00:18:51.532248Z,8.388,9.588332103321042,7.624,41.286,542
2025-04-22T00:18:56.524201Z,2025-04-22T00:18:56.532805Z,8.604000000000001,9.586519337016583,7.624,41.286,543
2025-04-22T00:19:01.524390Z,2025-04-22T00:19:01.532682Z,8.292000000000002,9.584139705882361,7.624,41.286,544
2025-04-22T00:19:06.530005Z,2025-04-22T00:19:06.551383Z,21.378,9.605779816513772,7.624,41.286,545
2025-04-22T00:19:11.531018Z,2025-04-22T00:19:11.539546Z,8.528,9.60380586080587,7.624,41.286,546
2025-04-22T00:19:16.533052Z,2025-04-22T00:19:16.541443Z,8.391,9.601588665447906,7.624,41.286,547
2025-04-22T00:19:21.538021Z,2025-04-22T00:19:21.546049Z,8.028,9.598717153284682,7.624,41.286,548
2025-04-22T00:19:26.539120Z,2025-04-22T00:19:26.547341Z,8.220999999999998,9.596207650273234,7.624,41.286,549
2025-04-22T00:19:31.543001Z,2025-04-22T00:19:31.551370Z,8.369,9.593976363636374,7.624,41.286,550
2025-04-22T00:19:36.543279Z,2025-04-22T00:19:36.552185Z,8.906,9.59272776769511,7.624,41.286,551
2025-04-22T00:19:41.544436Z,2025-04-22T00:19:41.554888Z,10.452,9.594284420289863,7.624,41.286,552
2025-04-22T00:19:46.546102Z,2025-04-22T00:19:46.554371Z,8.269,9.59188788426764,7.624,41.286,553
2025-04-22T00:19:51.551143Z,2025-04-22T00:19:51.559397Z,8.254,9.589472924187735,7.624,41.286,554
2025-04-22T00:19:56.552160Z,2025-04-22T00:19:56.560375Z,8.215,9.586996396396406,7.624,41.286,555
2025-04-22T00:20:01.556176Z,2025-04-22T00:20:01.567373Z,11.197000000000001,9.589892086330945,7.624,41.286,556
2025-04-22T00:20:06.554724Z,2025-04-22T00:20:06.563246Z,8.522,9.5879748653501,7.624,41.286,557
2025-04-22T00:20:11.562236Z,2025-04-22T00:20:11.570274Z,8.038,9.585197132616496,7.624,41.286,558
2025-04-22T00:20:16.562176Z,2025-04-22T00:20:16.570702Z,8.526,9.583302325581403,7.624,41.286,559
2025-04-22T00:20:21.563412Z,2025-04-22T00:20:21.574437Z,11.025,9.585876785714294,7.624,41.286,560
2025-04-22T00:20:26.563874Z,2025-04-22T00:20:26.572105Z,8.231,9.583461675579331,7.624,41.286,561
2025-04-22T00:20:31.570408Z,2025-04-22T00:20:31.578943Z,8.534999999999998,9.581596085409263,7.624,41.286,562
2025-04-22T00:20:36.574315Z,2025-04-22T00:20:36.582645Z,8.33,9.579373001776208,7.624,41.286,563
2025-04-22T00:20:41.578298Z,2025-04-22T00:20:41.589417Z,11.119,9.582102836879443,7.624,41.286,564
2025-04-22T00:20:46.577628Z,2025-04-22T00:20:46.586107Z,8.479000000000001,9.580150442477887,7.624,41.286,565
2025-04-22T00:20:51.578146Z,2025-04-22T00:20:51.587047Z,8.901,9.578950530035344,7.624,41.286,566
2025-04-22T00:20:56.582375Z,2025-04-22T00:20:56.590846Z,8.471,9.576996472663149,7.624,41.286,567
2025-04-22T00:21:01.584716Z,2025-04-22T00:21:01.596402Z,11.686,9.580709507042263,7.624,41.286,568
2025-04-22T00:21:06.588658Z,2025-04-22T00:21:06.597038Z,8.38,9.578599297012312,7.624,41.286,569
2025-04-22T00:21:11.587306Z,2025-04-22T00:21:11.595223Z,7.917000000000001,9.575684210526324,7.624,41.286,570
2025-04-22T00:21:16.591398Z,2025-04-22T00:21:16.599785Z,8.387,9.573602451838887,7.624,41.286,571
2025-04-22T00:21:21.596521Z,2025-04-22T00:21:21.609152Z,12.631,9.578947552447563,7.624,41.286,572
2025-04-22T00:21:26.601438Z,2025-04-22T00:21:26.609595Z,8.157,9.576465968586396,7.624,41.286,573
2025-04-22T00:21:31.602517Z,2025-04-22T00:21:31.610740Z,8.222999999999999,9.574108013937291,7.624,41.286,574
2025-04-22T00:21:36.602579Z,2025-04-22T00:21:36.610917Z,8.338,9.571958260869575,7.624,41.286,575
2025-04-22T00:21:41.604890Z,2025-04-22T00:21:41.619321Z,14.431,9.58039409722223,7.624,41.286,576
2025-04-22T00:21:46.604558Z,2025-04-22T00:21:46.612939Z,8.381,9.57831542461006,7.624,41.286,577
2025-04-22T00:21:51.606620Z,2025-04-22T00:21:51.614698Z,8.078,9.5757197231834,7.624,41.286,578
2025-04-22T00:21:56.606582Z,2025-04-22T00:21:56.614845Z,8.263,9.5734525043178,7.624,41.286,579
2025-04-22T00:22:01.605127Z,2025-04-22T00:22:01.616654Z,11.527000000000001,9.576820689655184,7.624,41.286,580
2025-04-22T00:22:06.607616Z,2025-04-22T00:22:06.615769Z,8.153,9.574370051635121,7.624,41.286,581
2025-04-22T00:22:11.607400Z,2025-04-22T00:22:11.615491Z,8.091,9.571821305841935,7.624,41.286,582
2025-04-22T00:22:16.616870Z,2025-04-22T00:22:16.625064Z,8.193999999999999,9.569457975986289,7.624,41.286,583
2025-04-22T00:22:21.615634Z,2025-04-22T00:22:21.626980Z,11.346,9.57250000000001,7.624,41.286,584
2025-04-22T00:22:26.617634Z,2025-04-22T00:22:26.625814Z,8.18,9.570119658119669,7.624,41.286,585
2025-04-22T00:22:31.618691Z,2025-04-22T00:22:31.626895Z,8.203999999999999,9.567788395904447,7.624,41.286,586
2025-04-22T00:22:36.620615Z,2025-04-22T00:22:36.628710Z,8.095,9.565279386712106,7.624,41.286,587
2025-04-22T00:22:41.620607Z,2025-04-22T00:22:41.632455Z,11.847999999999999,9.56916156462586,7.624,41.286,588
2025-04-22T00:22:46.620678Z,2025-04-22T00:22:46.628815Z,8.137,9.566730050933794,7.624,41.286,589
2025-04-22T00:22:51.623708Z,2025-04-22T00:22:51.631949Z,8.241,9.564483050847468,7.624,41.286,590
2025-04-22T00:22:56.627684Z,2025-04-22T00:22:56.635745Z,8.061,9.561939086294425,7.624,41.286,591
2025-04-22T00:23:01.626869Z,2025-04-22T00:23:01.648903Z,22.034000000000002,9.583006756756765,7.624,41.286,592
2025-04-22T00:23:06.626631Z,2025-04-22T00:23:06.634877Z,8.246,9.58075210792581,7.624,41.286,593
2025-04-22T00:23:11.631738Z,2025-04-22T00:23:11.640161Z,8.423,9.578803030303037,7.624,41.286,594
2025-04-22T00:23:16.634709Z,2025-04-22T00:23:16.643036Z,8.327,9.576699159663873,7.624,41.286,595
2025-04-22T00:23:21.635751Z,2025-04-22T00:23:21.644117Z,8.366,9.574667785234904,7.624,41.286,596
2025-04-22T00:23:26.638740Z,2025-04-22T00:23:26.646948Z,8.208,9.572378559463994,7.624,41.286,597
2025-04-22T00:23:31.638826Z,2025-04-22T00:23:31.647051Z,8.225,9.570125418060206,7.624,41.286,598
2025-04-22T00:23:36.640874Z,2025-04-22T00:23:36.651123Z,10.248999999999999,9.571258764607688,7.624,41.286,599
2025-04-22T00:23:41.641166Z,2025-04-22T00:23:41.649499Z,8.333,9.569195000000008,7.624,41.286,600
2025-04-22T00:23:46.643906Z,2025-04-22T00:23:46.652644Z,8.738,9.567811980033285,7.624,41.286,601
2025-04-22T00:23:51.645876Z,2025-04-22T00:23:51.654109Z,8.233,9.565594684385388,7.624,41.286,602
2025-04-22T00:23:56.647838Z,2025-04-22T00:23:56.659317Z,11.479,9.568767827529028,7.624,41.286,603
2025-04-22T00:24:01.653654Z,2025-04-22T00:24:01.661643Z,7.989,9.566152317880801,7.624,41.286,604
2025-04-22T00:24:06.651812Z,2025-04-22T00:24:06.660269Z,8.456999999999999,9.56431900826447,7.624,41.286,605
2025-04-22T00:24:11.651584Z,2025-04-22T00:24:11.659906Z,8.322,9.562268976897695,7.624,41.286,606
2025-04-22T00:24:16.656856Z,2025-04-22T00:24:16.668485Z,11.629000000000001,9.565673805601323,7.624,41.286,607
2025-04-22T00:24:21.657868Z,2025-04-22T00:24:21.666287Z,8.418999999999999,9.563787828947374,7.624,41.286,608
2025-04-22T00:24:26.656843Z,2025-04-22T00:24:26.665231Z,8.388,9.56185714285715,7.624,41.286,609
2025-04-22T00:24:31.661892Z,2025-04-22T00:24:31.670189Z,8.297,9.559783606557383,7.624,41.286,610
2025-04-22T00:24:36.664920Z,2025-04-22T00:24:36.676346Z,11.426,9.562837970540103,7.624,41.286,611
2025-04-22T00:24:41.665968Z,2025-04-22T00:24:41.674110Z,8.142,9.560516339869286,7.624,41.286,612
2025-04-22T00:24:46.667940Z,2025-04-22T00:24:46.676623Z,8.683,9.559084828711264,7.624,41.286,613
2025-04-22T00:24:51.671955Z,2025-04-22T00:24:51.680335Z,8.38,9.557164495114014,7.624,41.286,614
2025-04-22T00:24:56.670888Z,2025-04-22T00:24:56.682194Z,11.306000000000001,9.56000813008131,7.624,41.286,615
2025-04-22T00:25:01.671366Z,2025-04-22T00:25:01.679518Z,8.152,9.55772240259741,7.624,41.286,616
2025-04-22T00:25:06.671943Z,2025-04-22T00:25:06.680496Z,8.552999999999999,9.556094003241498,7.624,41.286,617
2025-04-22T00:25:11.676971Z,2025-04-22T00:25:11.684985Z,8.014000000000001,9.553598705501626,7.624,41.286,618
2025-04-22T00:25:16.680882Z,2025-04-22T00:25:16.692058Z,11.176,9.556219709208408,7.624,41.286,619
2025-04-22T00:25:21.681918Z,2025-04-22T00:25:21.690132Z,8.214,9.554054838709684,7.624,41.286,620
2025-04-22T00:25:26.683148Z,2025-04-22T00:25:26.692946Z,9.798,9.554447665056369,7.624,41.286,621
2025-04-22T00:25:31.687958Z,2025-04-22T00:25:31.696242Z,8.283999999999999,9.552405144694541,7.624,41.286,622
2025-04-22T00:25:36.685903Z,2025-04-22T00:25:36.697164Z,11.261000000000001,9.555147672552174,7.624,41.286,623
2025-04-22T00:25:41.688289Z,2025-04-22T00:25:41.696349Z,8.059999999999999,9.55275160256411,7.624,41.286,624
2025-04-22T00:25:46.690250Z,2025-04-22T00:25:46.698542Z,8.292000000000002,9.550734400000007,7.624,41.286,625
2025-04-22T00:25:51.692964Z,2025-04-22T00:25:51.701215Z,8.251,9.548658146964863,7.624,41.286,626
2025-04-22T00:25:56.693988Z,2025-04-22T00:25:56.705587Z,11.599,9.55192822966508,7.624,41.286,627
2025-04-22T00:26:01.697029Z,2025-04-22T00:26:01.705034Z,8.005,9.549464968152872,7.624,41.286,628
2025-04-22T00:26:06.696988Z,2025-04-22T00:26:06.705016Z,8.028,9.547046104928466,7.624,41.286,629
2025-04-22T00:26:11.697989Z,2025-04-22T00:26:11.705942Z,7.953,9.54451587301588,7.624,41.286,630
2025-04-22T00:26:16.698338Z,2025-04-22T00:26:16.709734Z,11.395999999999999,9.54745007923931,7.624,41.286,631
2025-04-22T00:26:21.705182Z,2025-04-22T00:26:21.713630Z,8.448,9.545710443037981,7.624,41.286,632
2025-04-22T00:26:26.708432Z,2025-04-22T00:26:26.716861Z,8.429,9.543946287519754,7.624,41.286,633
2025-04-22T00:26:31.707786Z,2025-04-22T00:26:31.716214Z,8.427999999999999,9.542186119873824,7.624,41.286,634
2025-04-22T00:26:36.712098Z,2025-04-22T00:26:36.724240Z,12.142,9.546280314960637,7.624,41.286,635
2025-04-22T00:26:41.714054Z,2025-04-22T00:26:41.722150Z,8.096,9.544000000000008,7.624,41.286,636
2025-04-22T00:26:46.717017Z,2025-04-22T00:26:46.725598Z,8.581,9.542488226059662,7.624,41.286,637
2025-04-22T00:26:51.718276Z,2025-04-22T00:26:51.726684Z,8.408000000000001,9.54071003134797,7.624,41.286,638
2025-04-22T00:26:56.721034Z,2025-04-22T00:26:56.740062Z,19.028,9.555557120500788,7.624,41.286,639
2025-04-22T00:27:01.723714Z,2025-04-22T00:27:01.732526Z,8.812000000000001,9.554395312500008,7.624,41.286,640
2025-04-22T00:27:06.723215Z,2025-04-22T00:27:06.732324Z,9.109,9.553700468018727,7.624,41.286,641
2025-04-22T00:27:11.725082Z,2025-04-22T00:27:11.733564Z,8.482,9.55203115264798,7.624,41.286,642
2025-04-22T00:27:16.728119Z,2025-04-22T00:27:16.736240Z,8.121,9.549805598755839,7.624,41.286,643
2025-04-22T00:27:21.728986Z,2025-04-22T00:27:21.737034Z,8.048,9.547473602484478,7.624,41.286,644
2025-04-22T00:27:26.732232Z,2025-04-22T00:27:26.740334Z,8.102,9.54523255813954,7.624,41.286,645
2025-04-22T00:27:31.739012Z,2025-04-22T00:27:31.752112Z,13.100000000000001,9.55073529411765,7.624,41.286,646
2025-04-22T00:27:36.732175Z,2025-04-22T00:27:36.740681Z,8.506,9.549120556414223,7.624,41.286,647
2025-04-22T00:27:41.735189Z,2025-04-22T00:27:41.743616Z,8.427,9.547388888888893,7.624,41.286,648
2025-04-22T00:27:46.738107Z,2025-04-22T00:27:46.745866Z,7.759,9.54463328197227,7.624,41.286,649
2025-04-22T00:27:51.735270Z,2025-04-22T00:27:51.746834Z,11.564,9.547740000000005,7.624,41.286,650
2025-04-22T00:27:56.740275Z,2025-04-22T00:27:56.748427Z,8.152,9.545596006144397,7.624,41.286,651
2025-04-22T00:28:01.744127Z,2025-04-22T00:28:01.752601Z,8.474,9.543952453987734,7.624,41.286,652
2025-04-22T00:28:06.744143Z,2025-04-22T00:28:06.752621Z,8.478,9.542320061255747,7.624,41.286,653
2025-04-22T00:28:11.748054Z,2025-04-22T00:28:11.759344Z,11.29,9.544992354740065,7.624,41.286,654
2025-04-22T00:28:16.748102Z,2025-04-22T00:28:16.756180Z,8.078,9.542752671755728,7.624,41.286,655
2025-04-22T00:28:21.750150Z,2025-04-22T00:28:21.758498Z,8.347999999999999,9.540931402439028,7.624,41.286,656
2025-04-22T00:28:26.752112Z,2025-04-22T00:28:26.760540Z,8.427999999999999,9.539237442922378,7.624,41.286,657
2025-04-22T00:28:31.756137Z,2025-04-22T00:28:31.767710Z,11.573,9.542328267477208,7.624,41.286,658
2025-04-22T00:28:36.757078Z,2025-04-22T00:28:36.765129Z,8.051,9.540065250379367,7.624,41.286,659
2025-04-22T00:28:41.755148Z,2025-04-22T00:28:41.763563Z,8.415000000000001,9.53836060606061,7.624,41.286,660
2025-04-22T00:28:46.755027Z,2025-04-22T00:28:46.763243Z,8.216,9.536360060514378,7.624,41.286,661
2025-04-22T00:28:51.760079Z,2025-04-22T00:28:51.771571Z,11.492,9.539314199395774,7.624,41.286,662
2025-04-22T00:28:56.763185Z,2025-04-22T00:28:56.771292Z,8.107,9.537153846153851,7.624,41.286,663
2025-04-22T00:29:01.767632Z,2025-04-22T00:29:01.776090Z,8.458,9.535528614457837,7.624,41.286,664
2025-04-22T00:29:06.768246Z,2025-04-22T00:29:06.776301Z,8.055,9.533302255639102,7.624,41.286,665
2025-04-22T00:29:11.772265Z,2025-04-22T00:29:11.783849Z,11.584000000000001,9.536381381381386,7.624,41.286,666
2025-04-22T00:29:16.773121Z,2025-04-22T00:29:16.781355Z,8.234,9.5344287856072,7.624,41.286,667
2025-04-22T00:29:21.777106Z,2025-04-22T00:29:21.785291Z,8.184999999999999,9.532408682634735,7.624,41.286,668
2025-04-22T00:29:26.778142Z,2025-04-22T00:29:26.785761Z,7.619,9.52954857997011,7.619,41.286,669
2025-04-22T00:29:31.780208Z,2025-04-22T00:29:31.791207Z,10.999,9.53174179104478,7.619,41.286,670
2025-04-22T00:29:36.785154Z,2025-04-22T00:29:36.793187Z,8.033,9.529508196721315,7.619,41.286,671
2025-04-22T00:29:41.787814Z,2025-04-22T00:29:41.796310Z,8.496,9.527970238095243,7.619,41.286,672
2025-04-22T00:29:46.789119Z,2025-04-22T00:29:46.797287Z,8.168,9.52594947994057,7.619,41.286,673
2025-04-22T00:29:51.786522Z,2025-04-22T00:29:51.797721Z,11.199,9.528431750741845,7.619,41.286,674
2025-04-22T00:29:56.786581Z,2025-04-22T00:29:56.795018Z,8.437,9.52681481481482,7.619,41.286,675
2025-04-22T00:30:01.786904Z,2025-04-22T00:30:01.795341Z,8.437,9.525202662721899,7.619,41.286,676
2025-04-22T00:30:06.795440Z,2025-04-22T00:30:06.803410Z,7.97,9.52290546528804,7.619,41.286,677
2025-04-22T00:30:11.791684Z,2025-04-22T00:30:11.803165Z,11.481,9.525793510324489,7.619,41.286,678
2025-04-22T00:30:16.797280Z,2025-04-22T00:30:16.805643Z,8.363000000000001,9.52408100147276,7.619,41.286,679
2025-04-22T00:30:21.800165Z,2025-04-22T00:30:21.808633Z,8.468,9.522527941176476,7.619,41.286,680
2025-04-22T00:30:26.804174Z,2025-04-22T00:30:26.812559Z,8.385,9.520857562408228,7.619,41.286,681
2025-04-22T00:30:31.808127Z,2025-04-22T00:30:31.820381Z,12.254,9.524865102639302,7.619,41.286,682
2025-04-22T00:30:36.809133Z,2025-04-22T00:30:36.817076Z,7.9430000000000005,9.522549048316257,7.619,41.286,683
2025-04-22T00:30:41.811161Z,2025-04-22T00:30:41.819423Z,8.262,9.520706140350882,7.619,41.286,684
2025-04-22T00:30:46.812306Z,2025-04-22T00:30:46.820581Z,8.274999999999999,9.518887591240881,7.619,41.286,685
2025-04-22T00:30:51.814122Z,2025-04-22T00:30:51.833406Z,19.284,9.533122448979599,7.619,41.286,686
2025-04-22T00:30:56.815230Z,2025-04-22T00:30:56.823471Z,8.241,9.53124163027657,7.619,41.286,687
2025-04-22T00:31:01.816685Z,2025-04-22T00:31:01.824570Z,7.885,9.528848837209308,7.619,41.286,688
2025-04-22T00:31:06.821175Z,2025-04-22T00:31:06.829651Z,8.475999999999999,9.527320754716985,7.619,41.286,689
2025-04-22T00:31:11.824242Z,2025-04-22T00:31:11.832897Z,8.655,9.526056521739136,7.619,41.286,690
2025-04-22T00:31:16.825171Z,2025-04-22T00:31:16.833768Z,8.597000000000001,9.52471201157743,7.619,41.286,691
2025-04-22T00:31:21.826222Z,2025-04-22T00:31:21.834102Z,7.88,9.522335260115613,7.619,41.286,692
2025-04-22T00:31:26.828299Z,2025-04-22T00:31:26.838519Z,10.22,9.523341991341997,7.619,41.286,693
2025-04-22T00:31:31.831308Z,2025-04-22T00:31:31.839468Z,8.16,9.521377521613838,7.619,41.286,694
2025-04-22T00:31:36.832137Z,2025-04-22T00:31:36.840425Z,8.288,9.51960287769785,7.619,41.286,695
2025-04-22T00:31:41.836991Z,2025-04-22T00:31:41.845557Z,8.566,9.518232758620696,7.619,41.286,696
2025-04-22T00:31:46.833138Z,2025-04-22T00:31:46.844094Z,10.956000000000001,9.520295552367296,7.619,41.286,697
2025-04-22T00:31:51.848175Z,2025-04-22T00:31:51.856315Z,8.139999999999999,9.518318051575937,7.619,41.286,698
2025-04-22T00:31:56.850209Z,2025-04-22T00:31:56.859167Z,8.958,9.5175164520744,7.619,41.286,699
2025-04-22T00:32:01.862036Z,2025-04-22T00:32:01.869949Z,7.913,9.515224285714293,7.619,41.286,700
2025-04-22T00:32:06.867190Z,2025-04-22T00:32:06.878705Z,11.514999999999999,9.518077032810279,7.619,41.286,701
2025-04-22T00:32:11.880344Z,2025-04-22T00:32:11.888575Z,8.231,9.516243589743599,7.619,41.286,702
2025-04-22T00:32:16.882292Z,2025-04-22T00:32:16.890815Z,8.523,9.514830725462312,7.619,41.286,703
2025-04-22T00:32:21.903206Z,2025-04-22T00:32:21.911884Z,8.678,9.513642045454553,7.619,41.286,704
2025-04-22T00:32:26.902110Z,2025-04-22T00:32:26.913427Z,11.317,9.516200000000008,7.619,41.286,705
2025-04-22T00:32:31.920188Z,2025-04-22T00:32:31.928670Z,8.482,9.514735127478762,7.619,41.286,706
2025-04-22T00:32:36.917565Z,2025-04-22T00:32:36.925827Z,8.262,9.512963224893925,7.619,41.286,707
2025-04-22T00:32:41.941328Z,2025-04-22T00:32:41.949500Z,8.172,9.511069209039555,7.619,41.286,708
2025-04-22T00:32:46.936415Z,2025-04-22T00:32:46.947584Z,11.169,9.51340761636108,7.619,41.286,709
2025-04-22T00:32:51.960186Z,2025-04-22T00:32:51.968574Z,8.388,9.511822535211277,7.619,41.286,710
2025-04-22T00:32:56.952499Z,2025-04-22T00:32:56.960405Z,7.906,9.509563994374128,7.619,41.286,711
2025-04-22T00:33:01.976022Z,2025-04-22T00:33:01.983989Z,7.9670000000000005,9.507397471910119,7.619,41.286,712
2025-04-22T00:33:06.978157Z,2025-04-22T00:33:06.989976Z,11.818999999999999,9.510639551192154,7.619,41.286,713
2025-04-22T00:33:11.996526Z,2025-04-22T00:33:12.004748Z,8.222,9.508834733893565,7.619,41.286,714
2025-04-22T00:33:16.991414Z,2025-04-22T00:33:16.999914Z,8.5,9.507423776223785,7.619,41.286,715
2025-04-22T00:33:22.034313Z,2025-04-22T00:33:22.042210Z,7.896999999999999,9.505174581005594,7.619,41.286,716
2025-04-22T00:33:27.015390Z,2025-04-22T00:33:27.026884Z,11.494000000000002,9.507948396094847,7.619,41.286,717
2025-04-22T00:33:32.035178Z,2025-04-22T00:33:32.043468Z,8.290000000000001,9.506252089136497,7.619,41.286,718
2025-04-22T00:33:37.037214Z,2025-04-22T00:33:37.045227Z,8.013,9.50417524339361,7.619,41.286,719
2025-04-22T00:33:42.050153Z,2025-04-22T00:33:42.058710Z,8.557,9.50285972222223,7.619,41.286,720
2025-04-22T00:33:47.052532Z,2025-04-22T00:33:47.064340Z,11.808000000000002,9.506056865464638,7.619,41.286,721
2025-04-22T00:33:52.076466Z,2025-04-22T00:33:52.085140Z,8.674,9.50490443213297,7.619,41.286,722
2025-04-22T00:33:57.069451Z,2025-04-22T00:33:57.077480Z,8.029,9.502863070539425,7.619,41.286,723
2025-04-22T00:34:02.088181Z,2025-04-22T00:34:02.096555Z,8.373999999999999,9.50130386740332,7.619,41.286,724
2025-04-22T00:34:07.090080Z,2025-04-22T00:34:07.101742Z,11.662,9.50428413793104,7.619,41.286,725
2025-04-22T00:34:12.106038Z,2025-04-22T00:34:12.113896Z,7.8580000000000005,9.502016528925626,7.619,41.286,726
2025-04-22T00:34:17.103590Z,2025-04-22T00:34:17.111627Z,8.037,9.500001375515824,7.619,41.286,727
2025-04-22T00:34:22.152658Z,2025-04-22T00:34:22.163207Z,10.549,9.501442307692313,7.619,41.286,728
2025-04-22T00:34:27.126918Z,2025-04-22T00:34:27.139295Z,12.377,9.505386831275727,7.619,41.286,729
2025-04-22T00:34:32.140134Z,2025-04-22T00:34:32.148634Z,8.5,9.504009589041102,7.619,41.286,730
2025-04-22T00:34:37.142062Z,2025-04-22T00:34:37.150211Z,8.149,9.5021559507524,7.619,41.286,731
2025-04-22T00:34:42.162514Z,2025-04-22T00:34:42.170617Z,8.103000000000002,9.500244535519132,7.619,41.286,732
2025-04-22T00:34:47.163027Z,2025-04-22T00:34:47.182699Z,19.671999999999997,9.514121418826745,7.619,41.286,733
2025-04-22T00:34:52.178120Z,2025-04-22T00:34:52.186496Z,8.376,9.512570844686653,7.619,41.286,734
2025-04-22T00:34:57.182092Z,2025-04-22T00:34:57.190561Z,8.469000000000001,9.51115102040817,7.619,41.286,735
2025-04-22T00:35:02.198101Z,2025-04-22T00:35:02.206277Z,8.175999999999998,9.509336956521745,7.619,41.286,736
2025-04-22T00:35:07.199343Z,2025-04-22T00:35:07.207852Z,8.508999999999999,9.507979647218459,7.619,41.286,737
2025-04-22T00:35:12.217050Z,2025-04-22T00:35:12.225445Z,8.395,9.506471544715453,7.619,41.286,738
2025-04-22T00:35:17.217120Z,2025-04-22T00:35:17.225122Z,8.002,9.50443572395129,7.619,41.286,739
2025-04-22T00:35:22.236962Z,2025-04-22T00:35:22.247010Z,10.048,9.505170270270277,7.619,41.286,740
2025-04-22T00:35:27.235170Z,2025-04-22T00:35:27.243234Z,8.064,9.503225371120115,7.619,41.286,741
2025-04-22T00:35:32.262027Z,2025-04-22T00:35:32.269727Z,7.7,9.500795148247985,7.619,41.286,742
2025-04-22T00:35:37.254222Z,2025-04-22T00:35:37.261844Z,7.622,9.498266487214003,7.619,41.286,743
2025-04-22T00:35:42.276311Z,2025-04-22T00:35:42.288457Z,12.146,9.50182526881721,7.619,41.286,744
2025-04-22T00:35:47.277990Z,2025-04-22T00:35:47.286275Z,8.285,9.50019194630873,7.619,41.286,745
2025-04-22T00:35:52.292113Z,2025-04-22T00:35:52.299650Z,7.537,9.497560321715824,7.537,41.286,746
2025-04-22T00:35:57.296002Z,2025-04-22T00:35:57.304452Z,8.45,9.496157965194115,7.537,41.286,747
2025-04-22T00:36:02.313081Z,2025-04-22T00:36:02.325179Z,12.097999999999999,9.49963636363637,7.537,41.286,748
2025-04-22T00:36:07.314144Z,2025-04-22T00:36:07.321862Z,7.718,9.497257676902542,7.537,41.286,749
2025-04-22T00:36:12.332956Z,2025-04-22T00:36:12.340482Z,7.526,9.49462933333334,7.526,41.286,750
2025-04-22T00:36:17.335313Z,2025-04-22T00:36:17.343665Z,8.352,9.49310785619175,7.526,41.286,751
2025-04-22T00:36:22.368095Z,2025-04-22T00:36:22.379081Z,10.985999999999999,9.495093085106388,7.526,41.286,752
2025-04-22T00:36:27.351083Z,2025-04-22T00:36:27.359243Z,8.16,9.493320053120856,7.526,41.286,753
2025-04-22T00:36:32.396980Z,2025-04-22T00:36:32.405173Z,8.193000000000001,9.491595490716186,7.526,41.286,754
2025-04-22T00:36:37.369993Z,2025-04-22T00:36:37.378188Z,8.194999999999999,9.489878145695371,7.526,41.286,755
2025-04-22T00:36:42.388034Z,2025-04-22T00:36:42.399048Z,11.014,9.491894179894187,7.526,41.286,756
2025-04-22T00:36:47.383898Z,2025-04-22T00:36:47.391455Z,7.557,9.489338177014538,7.526,41.286,757
2025-04-22T00:36:52.407011Z,2025-04-22T00:36:52.414914Z,7.9030000000000005,9.487245382585758,7.526,41.286,758
2025-04-22T00:36:57.410959Z,2025-04-22T00:36:57.419050Z,8.091,9.485405797101457,7.526,41.286,759
2025-04-22T00:37:02.428147Z,2025-04-22T00:37:02.439647Z,11.5,9.488056578947376,7.526,41.286,760
2025-04-22T00:37:07.430000Z,2025-04-22T00:37:07.438038Z,8.038,9.486151116951389,7.526,41.286,761
2025-04-22T00:37:12.444020Z,2025-04-22T00:37:12.451929Z,7.908999999999999,9.484081364829404,7.526,41.286,762
2025-04-22T00:37:17.446910Z,2025-04-22T00:37:17.455296Z,8.386,9.482642201834869,7.526,41.286,763
2025-04-22T00:37:22.479066Z,2025-04-22T00:37:22.490790Z,11.724,9.485575916230372,7.526,41.286,764
2025-04-22T00:37:27.464348Z,2025-04-22T00:37:27.472667Z,8.319,9.484050980392164,7.526,41.286,765
2025-04-22T00:37:32.479012Z,2025-04-22T00:37:32.486978Z,7.966000000000001,9.48206919060053,7.526,41.286,766
2025-04-22T00:37:37.481060Z,2025-04-22T00:37:37.489283Z,8.222999999999999,9.48042764015646,7.526,41.286,767
2025-04-22T00:37:42.509462Z,2025-04-22T00:37:42.524465Z,15.003,9.48761848958334,7.526,41.286,768
2025-04-22T00:37:47.498526Z,2025-04-22T00:37:47.506681Z,8.155000000000001,9.485885565669708,7.526,41.286,769
2025-04-22T00:37:52.516284Z,2025-04-22T00:37:52.524640Z,8.356,9.484418181818189,7.526,41.286,770
2025-04-22T00:37:57.529987Z,2025-04-22T00:37:57.538010Z,8.023000000000001,9.482522697795078,7.526,41.286,771
2025-04-22T00:38:02.538982Z,2025-04-22T00:38:02.547200Z,8.218,9.480884715025914,7.526,41.286,772
2025-04-22T00:38:07.534860Z,2025-04-22T00:38:07.542909Z,8.049000000000001,9.479032341526528,7.526,41.286,773
2025-04-22T00:38:12.562003Z,2025-04-22T00:38:12.569759Z,7.756,9.476806201550394,7.526,41.286,774
2025-04-22T00:38:17.556866Z,2025-04-22T00:38:17.567547Z,10.681,9.478360000000007,7.526,41.286,775
2025-04-22T00:38:22.572831Z,2025-04-22T00:38:22.580786Z,7.955,9.476396907216502,7.526,41.286,776
2025-04-22T00:38:27.573318Z,2025-04-22T00:38:27.581187Z,7.868999999999999,9.474328185328192,7.526,41.286,777
2025-04-22T00:38:32.592844Z,2025-04-22T00:38:32.600426Z,7.582,9.471895886889467,7.526,41.286,778
2025-04-22T00:38:37.590040Z,2025-04-22T00:38:37.611409Z,21.369,9.487168164313228,7.526,41.286,779
2025-04-22T00:38:42.614886Z,2025-04-22T00:38:42.622934Z,8.048,9.485323076923082,7.526,41.286,780
2025-04-22T00:38:47.611941Z,2025-04-22T00:38:47.619754Z,7.813000000000001,9.483181818181825,7.526,41.286,781
2025-04-22T00:38:52.632824Z,2025-04-22T00:38:52.640218Z,7.394,9.480510230179034,7.394,41.286,782
2025-04-22T00:38:57.630007Z,2025-04-22T00:38:57.641442Z,11.435,9.483006385696045,7.394,41.286,783
2025-04-22T00:39:02.652083Z,2025-04-22T00:39:02.660414Z,8.331,9.481536989795924,7.394,41.286,784
2025-04-22T00:39:07.649841Z,2025-04-22T00:39:07.657900Z,8.059000000000001,9.479724840764337,7.394,41.286,785
2025-04-22T00:39:12.671894Z,2025-04-22T00:39:12.680157Z,8.263,9.47817684478372,7.394,41.286,786
2025-04-22T00:39:17.665529Z,2025-04-22T00:39:17.677273Z,11.744,9.481055908513348,7.394,41.286,787
2025-04-22T00:39:22.692956Z,2025-04-22T00:39:22.702032Z,9.076,9.480541878172597,7.394,41.286,788
2025-04-22T00:39:27.691957Z,2025-04-22T00:39:27.699996Z,8.039,9.478714828897346,7.394,41.286,789
2025-04-22T00:39:32.711880Z,2025-04-22T00:39:32.720304Z,8.424,9.47737974683545,7.394,41.286,790
2025-04-22T00:39:37.709727Z,2025-04-22T00:39:37.717833Z,8.106,9.475646017699122,7.394,41.286,791
2025-04-22T00:39:42.730158Z,2025-04-22T00:39:42.738599Z,8.441,9.474339646464653,7.394,41.286,792
2025-04-22T00:39:47.728024Z,2025-04-22T00:39:47.736279Z,8.255,9.472802017654482,7.394,41.286,793
2025-04-22T00:39:52.745776Z,2025-04-22T00:39:52.755672Z,9.896,9.473335012594465,7.394,41.286,794
2025-04-22T00:39:57.746851Z,2025-04-22T00:39:57.754964Z,8.113,9.471623899371076,7.394,41.286,795
2025-04-22T00:40:02.763847Z,2025-04-22T00:40:02.772129Z,8.282,9.470129396984932,7.394,41.286,796
2025-04-22T00:40:07.763090Z,2025-04-22T00:40:07.772126Z,9.036000000000001,9.469584692597246,7.394,41.286,797
2025-04-22T00:40:12.785036Z,2025-04-22T00:40:12.796246Z,11.209999999999999,9.47176566416041,7.394,41.286,798
2025-04-22T00:40:17.782886Z,2025-04-22T00:40:17.790978Z,8.092,9.47003879849813,7.394,41.286,799
2025-04-22T00:40:22.804754Z,2025-04-22T00:40:22.812593Z,7.839,9.468000000000007,7.394,41.286,800
2025-04-22T00:40:27.806768Z,2025-04-22T00:40:27.815025Z,8.257,9.466488139825227,7.394,41.286,801
2025-04-22T00:40:32.823870Z,2025-04-22T00:40:32.835218Z,11.348,9.468834164588536,7.394,41.286,802
2025-04-22T00:40:37.824095Z,2025-04-22T00:40:37.832492Z,8.397,9.467499377335002,7.394,41.286,803
2025-04-22T00:40:42.838536Z,2025-04-22T00:40:42.846745Z,8.209,9.465934079601999,7.394,41.286,804
2025-04-22T00:40:47.840932Z,2025-04-22T00:40:47.849010Z,8.078,9.464209937888208,7.394,41.286,805
2025-04-22T00:40:52.860163Z,2025-04-22T00:40:52.872824Z,12.661,9.468176178660057,7.394,41.286,806
2025-04-22T00:40:57.862829Z,2025-04-22T00:40:57.871187Z,8.358,9.466800495662957,7.394,41.286,807
2025-04-22T00:41:02.881812Z,2025-04-22T00:41:02.889692Z,7.88,9.464836633663374,7.394,41.286,808
2025-04-22T00:41:07.876089Z,2025-04-22T00:41:07.884014Z,7.925,9.46293325092708,7.394,41.286,809
2025-04-22T00:41:12.894824Z,2025-04-22T00:41:12.906037Z,11.213000000000001,9.465093827160503,7.394,41.286,810
2025-04-22T00:41:17.896831Z,2025-04-22T00:41:17.905199Z,8.368,9.463741060419244,7.394,41.286,811
2025-04-22T00:41:22.916730Z,2025-04-22T00:41:22.924815Z,8.085,9.462043103448284,7.394,41.286,812
2025-04-22T00:41:27.912812Z,2025-04-22T00:41:27.920938Z,8.126,9.460399753997548,7.394,41.286,813
2025-04-22T00:41:32.936704Z,2025-04-22T00:41:32.948639Z,11.934999999999999,9.463439803439812,7.394,41.286,814
2025-04-22T00:41:37.938949Z,2025-04-22T00:41:37.947009Z,8.059999999999999,9.461717791411052,7.394,41.286,815
2025-04-22T00:41:42.956996Z,2025-04-22T00:41:42.965296Z,8.3,9.460294117647068,7.394,41.286,816
2025-04-22T00:41:47.957887Z,2025-04-22T00:41:47.966525Z,8.638,9.459287637698909,7.394,41.286,817
2025-04-22T00:41:52.973695Z,2025-04-22T00:41:52.985121Z,11.426,9.461691931540352,7.394,41.286,818
2025-04-22T00:41:57.967763Z,2025-04-22T00:41:57.976083Z,8.319999999999999,9.460297924297935,7.394,41.286,819
2025-04-22T00:42:02.992696Z,2025-04-22T00:42:03.000990Z,8.293999999999999,9.45887560975611,7.394,41.286,820
2025-04-22T00:42:07.992684Z,2025-04-22T00:42:08.001034Z,8.35,9.45752496954934,7.394,41.286,821
2025-04-22T00:42:13.013652Z,2025-04-22T00:42:13.025100Z,11.448,9.459946472019476,7.394,41.286,822
2025-04-22T00:42:18.006139Z,2025-04-22T00:42:18.014690Z,8.551,9.458842041312282,7.394,41.286,823
2025-04-22T00:42:23.030743Z,2025-04-22T00:42:23.039311Z,8.568,9.457760922330108,7.394,41.286,824
2025-04-22T00:42:28.026381Z,2025-04-22T00:42:28.034384Z,8.003,9.455997575757586,7.394,41.286,825
2025-04-22T00:42:33.048918Z,2025-04-22T00:42:33.070116Z,21.198,9.470213075060544,7.394,41.286,826
2025-04-22T00:42:38.049642Z,2025-04-22T00:42:38.057839Z,8.197,9.468673518742454,7.394,41.286,827
2025-04-22T00:42:43.066714Z,2025-04-22T00:42:43.074881Z,8.167,9.467101449275374,7.394,41.286,828
2025-04-22T00:42:48.065707Z,2025-04-22T00:42:48.073448Z,7.741,9.465019300361893,7.394,41.286,829
2025-04-22T00:42:53.086718Z,2025-04-22T00:42:53.096383Z,9.665,9.465260240963866,7.394,41.286,830
2025-04-22T00:42:58.082961Z,2025-04-22T00:42:58.091366Z,8.405,9.463984356197363,7.394,41.286,831
2025-04-22T00:43:03.111203Z,2025-04-22T00:43:03.119456Z,8.253,9.462528846153857,7.394,41.286,832
2025-04-22T00:43:08.103679Z,2025-04-22T00:43:08.111883Z,8.203999999999999,9.461018007202892,7.394,41.286,833
2025-04-22T00:43:13.118689Z,2025-04-22T00:43:13.126832Z,8.142999999999999,9.459437649880108,7.394,41.286,834
2025-04-22T00:43:18.114804Z,2025-04-22T00:43:18.122761Z,7.957000000000001,9.457638323353304,7.394,41.286,835
2025-04-22T00:43:23.139707Z,2025-04-22T00:43:23.147789Z,8.082,9.455992822966518,7.394,41.286,836
2025-04-22T00:43:28.137882Z,2025-04-22T00:43:28.149718Z,11.835999999999999,9.45883632019117,7.394,41.286,837
2025-04-22T00:43:33.160594Z,2025-04-22T00:43:33.168747Z,8.153,9.457278042959437,7.394,41.286,838
2025-04-22T00:43:38.158663Z,2025-04-22T00:43:38.166978Z,8.315,9.455916567342085,7.394,41.286,839
2025-04-22T00:43:43.178981Z,2025-04-22T00:43:43.187250Z,8.269,9.454503571428583,7.394,41.286,840
2025-04-22T00:43:48.176550Z,2025-04-22T00:43:48.187852Z,11.302,9.456700356718201,7.394,41.286,841
2025-04-22T00:43:53.196629Z,2025-04-22T00:43:53.204760Z,8.131,9.455125890736353,7.394,41.286,842
2025-04-22T00:43:58.190066Z,2025-04-22T00:43:58.198172Z,8.106,9.453525504151848,7.394,41.286,843
2025-04-22T00:44:03.214624Z,2025-04-22T00:44:03.222721Z,8.097,9.451918246445508,7.394,41.286,844
2025-04-22T00:44:08.209098Z,2025-04-22T00:44:08.220944Z,11.846,9.45475147928995,7.394,41.286,845
2025-04-22T00:44:13.233438Z,2025-04-22T00:44:13.241217Z,7.779,9.452770685579207,7.394,41.286,846
2025-04-22T00:44:18.232310Z,2025-04-22T00:44:18.240285Z,7.975,9.451025974025983,7.394,41.286,847
2025-04-22T00:44:23.251532Z,2025-04-22T00:44:23.259407Z,7.875,9.4491674528302,7.394,41.286,848
2025-04-22T00:44:28.250521Z,2025-04-22T00:44:28.261501Z,10.98,9.450970553592471,7.394,41.286,849
2025-04-22T00:44:33.268609Z,2025-04-22T00:44:33.276806Z,8.197,9.449495294117655,7.394,41.286,850
2025-04-22T00:44:38.268526Z,2025-04-22T00:44:38.276786Z,8.26,9.448097532314932,7.394,41.286,851
2025-04-22T00:44:43.289450Z,2025-04-22T00:44:43.297963Z,8.513,9.44700000000001,7.394,41.286,852
2025-04-22T00:44:48.290542Z,2025-04-22T00:44:48.302026Z,11.484,9.449388042203996,7.394,41.286,853
2025-04-22T00:44:53.310542Z,2025-04-22T00:44:53.318506Z,7.964,9.447648711943803,7.394,41.286,854
2025-04-22T00:44:58.309525Z,2025-04-22T00:44:58.317705Z,8.18,9.446166081871352,7.394,41.286,855
2025-04-22T00:45:03.330452Z,2025-04-22T00:45:03.338227Z,7.7749999999999995,9.444213785046736,7.394,41.286,856
2025-04-22T00:45:08.330714Z,2025-04-22T00:45:08.343079Z,12.364999999999998,9.447621936989506,7.394,41.286,857
2025-04-22T00:45:13.348473Z,2025-04-22T00:45:13.356402Z,7.929,9.445851981351991,7.394,41.286,858
2025-04-22T00:45:18.349430Z,2025-04-22T00:45:18.357552Z,8.122,9.4443108265425,7.394,41.286,859
2025-04-22T00:45:23.369512Z,2025-04-22T00:45:23.377151Z,7.639,9.442211627906985,7.394,41.286,860
2025-04-22T00:45:28.369503Z,2025-04-22T00:45:28.380941Z,11.438,9.444529616724747,7.394,41.286,861
2025-04-22T00:45:33.388559Z,2025-04-22T00:45:33.396713Z,8.154,9.443032482598616,7.394,41.286,862
2025-04-22T00:45:38.385178Z,2025-04-22T00:45:38.393396Z,8.218,9.441612977983784,7.394,41.286,863
2025-04-22T00:45:43.405351Z,2025-04-22T00:45:43.413659Z,8.308,9.440300925925934,7.394,41.286,864
2025-04-22T00:45:48.400498Z,2025-04-22T00:45:48.411732Z,11.234,9.442374566473996,7.394,41.286,865
2025-04-22T00:45:53.425522Z,2025-04-22T00:45:53.433814Z,8.292000000000002,9.441046189376452,7.394,41.286,866
2025-04-22T00:45:58.431370Z,2025-04-22T00:45:58.439220Z,7.85,9.439211072664367,7.394,41.286,867
2025-04-22T00:46:03.444522Z,2025-04-22T00:46:03.452601Z,8.078999999999999,9.437644009216598,7.394,41.286,868
2025-04-22T00:46:08.445091Z,2025-04-22T00:46:08.457230Z,12.139000000000001,9.440752589182976,7.394,41.286,869
2025-04-22T00:46:13.470314Z,2025-04-22T00:46:13.478586Z,8.272,9.439409195402307,7.394,41.286,870
2025-04-22T00:46:18.460770Z,2025-04-22T00:46:18.469476Z,8.706,9.438567164179112,7.394,41.286,871
2025-04-22T00:46:23.481473Z,2025-04-22T00:46:23.489786Z,8.312999999999999,9.437276376146796,7.394,41.286,872
2025-04-22T00:46:28.481388Z,2025-04-22T00:46:28.504269Z,22.881,9.45267583046965,7.394,41.286,873
2025-04-22T00:46:33.499382Z,2025-04-22T00:46:33.507584Z,8.202,9.45124485125859,7.394,41.286,874
2025-04-22T00:46:38.497462Z,2025-04-22T00:46:38.505423Z,7.960999999999999,9.449541714285722,7.394,41.286,875
2025-04-22T00:46:43.517398Z,2025-04-22T00:46:43.525769Z,8.371,9.448310502283112,7.394,41.286,876
2025-04-22T00:46:48.517304Z,2025-04-22T00:46:48.528248Z,10.944,9.45001596351198,7.394,41.286,877
2025-04-22T00:46:53.533386Z,2025-04-22T00:46:53.541213Z,7.827000000000001,9.448167425968117,7.394,41.286,878
2025-04-22T00:46:58.529889Z,2025-04-22T00:46:58.537565Z,7.675999999999999,9.4461513083049,7.394,41.286,879
2025-04-22T00:47:03.547586Z,2025-04-22T00:47:03.555654Z,8.068000000000001,9.444585227272736,7.394,41.286,880
2025-04-22T00:47:08.549612Z,2025-04-22T00:47:08.557957Z,8.345,9.443337116912607,7.394,41.286,881
2025-04-22T00:47:13.572303Z,2025-04-22T00:47:13.580498Z,8.194999999999999,9.441921768707493,7.394,41.286,882
2025-04-22T00:47:18.564465Z,2025-04-22T00:47:18.572528Z,8.063,9.440360135900349,7.394,41.286,883
2025-04-22T00:47:23.589291Z,2025-04-22T00:47:23.599623Z,10.331999999999999,9.441368778280552,7.394,41.286,884
2025-04-22T00:47:28.586485Z,2025-04-22T00:47:28.594430Z,7.945,9.439677966101703,7.394,41.286,885
2025-04-22T00:47:33.611493Z,2025-04-22T00:47:33.620466Z,8.973,9.439151241534997,7.394,41.286,886
2025-04-22T00:47:38.608944Z,2025-04-22T00:47:38.617187Z,8.243,9.437802705749727,7.394,41.286,887
2025-04-22T00:47:43.627298Z,2025-04-22T00:47:43.638880Z,11.582,9.44021734234235,7.394,41.286,888
2025-04-22T00:47:48.622773Z,2025-04-22T00:47:48.630924Z,8.151,9.438767154105744,7.394,41.286,889
2025-04-22T00:47:53.644270Z,2025-04-22T00:47:53.652391Z,8.121,9.43728651685394,7.394,41.286,890
2025-04-22T00:47:58.636491Z,2025-04-22T00:47:58.644501Z,8.01,9.435684624017966,7.394,41.286,891
2025-04-22T00:48:03.657915Z,2025-04-22T00:48:03.669478Z,11.563,9.438069506726467,7.394,41.286,892
2025-04-22T00:48:08.661306Z,2025-04-22T00:48:08.669468Z,8.162,9.436640537514007,7.394,41.286,893
2025-04-22T00:48:13.680195Z,2025-04-22T00:48:13.688463Z,8.267999999999999,9.435333333333341,7.394,41.286,894
2025-04-22T00:48:18.678784Z,2025-04-22T00:48:18.686812Z,8.028,9.433760893854757,7.394,41.286,895
2025-04-22T00:48:23.704790Z,2025-04-22T00:48:23.717039Z,12.248999999999999,9.436902901785723,7.394,41.286,896
2025-04-22T00:48:28.701209Z,2025-04-22T00:48:28.709791Z,8.581999999999999,9.435949832775929,7.394,41.286,897
2025-04-22T00:48:33.717268Z,2025-04-22T00:48:33.725764Z,8.496,9.434903118040097,7.394,41.286,898
2025-04-22T00:48:38.725114Z,2025-04-22T00:48:38.733248Z,8.134,9.433456062291443,7.394,41.286,899
2025-04-22T00:48:43.733142Z,2025-04-22T00:48:43.744914Z,11.772,9.436054444444453,7.394,41.286,900
2025-04-22T00:48:48.735183Z,2025-04-22T00:48:48.743632Z,8.449,9.434958934517212,7.394,41.286,901
2025-04-22T00:48:53.763220Z,2025-04-22T00:48:53.771393Z,8.173,9.433559866962314,7.394,41.286,902
2025-04-22T00:48:58.755164Z,2025-04-22T00:48:58.763360Z,8.196,9.432189368770773,7.394,41.286,903
2025-04-22T00:49:03.774400Z,2025-04-22T00:49:03.786101Z,11.700999999999999,9.434699115044257,7.394,41.286,904
2025-04-22T00:49:08.779803Z,2025-04-22T00:49:08.788375Z,8.572,9.4337458563536,7.394,41.286,905
2025-04-22T00:49:13.799145Z,2025-04-22T00:49:13.807929Z,8.784,9.433028697571752,7.394,41.286,906
2025-04-22T00:49:18.793067Z,2025-04-22T00:49:18.801068Z,8.001,9.431449834619633,7.394,41.286,907
2025-04-22T00:49:23.818943Z,2025-04-22T00:49:23.830849Z,11.906,9.434175110132166,7.394,41.286,908
2025-04-22T00:49:28.813179Z,2025-04-22T00:49:28.821561Z,8.382000000000001,9.433017601760184,7.394,41.286,909
2025-04-22T00:49:33.827367Z,2025-04-22T00:49:33.835509Z,8.142,9.431598901098909,7.394,41.286,910
2025-04-22T00:49:38.831210Z,2025-04-22T00:49:38.839356Z,8.146,9.43018770581779,7.394,41.286,911
2025-04-22T00:49:43.849424Z,2025-04-22T00:49:43.861066Z,11.642,9.432612938596497,7.394,41.286,912
2025-04-22T00:49:48.846171Z,2025-04-22T00:49:48.854327Z,8.156,9.43121467688938,7.394,41.286,913
2025-04-22T00:49:53.866120Z,2025-04-22T00:49:53.873865Z,7.745,9.429369803063462,7.394,41.286,914
2025-04-22T00:49:58.859449Z,2025-04-22T00:49:58.867805Z,8.356,9.428196721311481,7.394,41.286,915
2025-04-22T00:50:03.884087Z,2025-04-22T00:50:03.895812Z,11.725,9.43070414847162,7.394,41.286,916
2025-04-22T00:50:08.877943Z,2025-04-22T00:50:08.886065Z,8.122,9.429276990185393,7.394,41.286,917
2025-04-22T00:50:13.899161Z,2025-04-22T00:50:13.907713Z,8.552000000000001,9.428321350762532,7.394,41.286,918
2025-04-22T00:50:18.898209Z,2025-04-22T00:50:18.906165Z,7.9559999999999995,9.426719260065294,7.394,41.286,919
2025-04-22T00:50:23.914009Z,2025-04-22T00:50:23.935718Z,21.709,9.440069565217396,7.394,41.286,920
2025-04-22T00:50:28.920161Z,2025-04-22T00:50:28.928451Z,8.290000000000001,9.438820846905543,7.394,41.286,921
2025-04-22T00:50:33.936047Z,2025-04-22T00:50:33.944053Z,8.005999999999998,9.437266811279832,7.394,41.286,922
2025-04-22T00:50:38.939964Z,2025-04-22T00:50:38.948109Z,8.145,9.435866738894916,7.394,41.286,923
2025-04-22T00:50:43.953096Z,2025-04-22T00:50:43.964483Z,11.386999999999999,9.43797835497836,7.394,41.286,924
2025-04-22T00:50:48.960692Z,2025-04-22T00:50:48.969110Z,8.418,9.436875675675681,7.394,41.286,925
2025-04-22T00:50:53.974205Z,2025-04-22T00:50:53.983106Z,8.901,9.436296976241907,7.394,41.286,926
2025-04-22T00:50:58.971930Z,2025-04-22T00:50:58.980095Z,8.165000000000001,9.434925566343047,7.394,41.286,927
2025-04-22T00:51:04.006168Z,2025-04-22T00:51:04.018402Z,12.234,9.437941810344833,7.394,41.286,928
2025-04-22T00:51:08.991037Z,2025-04-22T00:51:08.999278Z,8.241,9.43665339074274,7.394,41.286,929
2025-04-22T00:51:14.031006Z,2025-04-22T00:51:14.039217Z,8.211,9.435335483870972,7.394,41.286,930
2025-04-22T00:51:19.014255Z,2025-04-22T00:51:19.022161Z,7.906,9.43369280343717,7.394,41.286,931
2025-04-22T00:51:24.032135Z,2025-04-22T00:51:24.040285Z,8.149999999999999,9.432315450643783,7.394,41.286,932
2025-04-22T00:51:29.036991Z,2025-04-22T00:51:29.045168Z,8.177,9.430969989281891,7.394,41.286,933
2025-04-22T00:51:34.052950Z,2025-04-22T00:51:34.060748Z,7.798,9.429221627408998,7.394,41.286,934
2025-04-22T00:51:39.049773Z,2025-04-22T00:51:39.060963Z,11.19,9.431104812834228,7.394,41.286,935
2025-04-22T00:51:44.074311Z,2025-04-22T00:51:44.082503Z,8.192,9.429780982905987,7.394,41.286,936
2025-04-22T00:51:49.072932Z,2025-04-22T00:51:49.080990Z,8.058,9.428316969050162,7.394,41.286,937
2025-04-22T00:51:54.089956Z,2025-04-22T00:51:54.098145Z,8.189,9.426995735607678,7.394,41.286,938
2025-04-22T00:51:59.088836Z,2025-04-22T00:51:59.100615Z,11.779,9.429500532481367,7.394,41.286,939
2025-04-22T00:52:04.107019Z,2025-04-22T00:52:04.115494Z,8.475,9.428485106382983,7.394,41.286,940
2025-04-22T00:52:09.112744Z,2025-04-22T00:52:09.120643Z,7.899,9.426859723698199,7.394,41.286,941
2025-04-22T00:52:14.126652Z,2025-04-22T00:52:14.134905Z,8.253,9.425613588110407,7.394,41.286,942
2025-04-22T00:52:19.129708Z,2025-04-22T00:52:19.141134Z,11.426,9.427734888653237,7.394,41.286,943
2025-04-22T00:52:24.145497Z,2025-04-22T00:52:24.153490Z,7.993,9.426215042372887,7.394,41.286,944
2025-04-22T00:52:29.147829Z,2025-04-22T00:52:29.156183Z,8.354000000000001,9.425080423280429,7.394,41.286,945
2025-04-22T00:52:34.164266Z,2025-04-22T00:52:34.172275Z,8.009,9.423583509513746,7.394,41.286,946
2025-04-22T00:52:39.168242Z,2025-04-22T00:52:39.179661Z,11.419,9.425690601900746,7.394,41.286,947
2025-04-22T00:52:44.193131Z,2025-04-22T00:52:44.200884Z,7.753,9.423926160337556,7.394,41.286,948
2025-04-22T00:52:49.185310Z,2025-04-22T00:52:49.193538Z,8.228,9.422665964172818,7.394,41.286,949
2025-04-22T00:52:54.203008Z,2025-04-22T00:52:54.210660Z,7.652,9.420802105263164,7.394,41.286,950
2025-04-22T00:52:59.200179Z,2025-04-22T00:52:59.211744Z,11.565000000000001,9.423056782334388,7.394,41.286,951
2025-04-22T00:53:04.221005Z,2025-04-22T00:53:04.229183Z,8.177999999999999,9.421748949579836,7.394,41.286,952
2025-04-22T00:53:09.221101Z,2025-04-22T00:53:09.229275Z,8.174000000000001,9.42043966421826,7.394,41.286,953
2025-04-22T00:53:14.238881Z,2025-04-22T00:53:14.246776Z,7.895,9.418840670859543,7.394,41.286,954
2025-04-22T00:53:19.236318Z,2025-04-22T00:53:19.249015Z,12.697,9.422273298429321,7.394,41.286,955
2025-04-22T00:53:24.255805Z,2025-04-22T00:53:24.264011Z,8.206,9.421001046025108,7.394,41.286,956
2025-04-22T00:53:29.255608Z,2025-04-22T00:53:29.263786Z,8.177999999999999,9.419702194357367,7.394,41.286,957
2025-04-22T00:53:34.275560Z,2025-04-22T00:53:34.283715Z,8.155000000000001,9.41838204592902,7.394,41.286,958
2025-04-22T00:53:39.272061Z,2025-04-22T00:53:39.283995Z,11.934000000000001,9.421005213764339,7.394,41.286,959
2025-04-22T00:53:44.295767Z,2025-04-22T00:53:44.303724Z,7.957000000000001,9.419480208333335,7.394,41.286,960
2025-04-22T00:53:49.289143Z,2025-04-22T00:53:49.297319Z,8.175999999999998,9.418186264308016,7.394,41.286,961
2025-04-22T00:53:54.321300Z,2025-04-22T00:53:54.329340Z,8.040000000000001,9.416753638253638,7.394,41.286,962
2025-04-22T00:53:59.312466Z,2025-04-22T00:53:59.324150Z,11.684,9.419107995846314,7.394,41.286,963
2025-04-22T00:54:04.345112Z,2025-04-22T00:54:04.353212Z,8.1,9.417739626556019,7.394,41.286,964
2025-04-22T00:54:09.354532Z,2025-04-22T00:54:09.362970Z,8.437999999999999,9.416724352331608,7.394,41.286,965
2025-04-22T00:54:14.349174Z,2025-04-22T00:54:14.357464Z,8.290000000000001,9.415557971014495,7.394,41.286,966
2025-04-22T00:54:19.348968Z,2025-04-22T00:54:19.371043Z,22.075,9.428649431230612,7.394,41.286,967
2025-04-22T00:54:24.368172Z,2025-04-22T00:54:24.376960Z,8.788,9.427987603305786,7.394,41.286,968
2025-04-22T00:54:29.367830Z,2025-04-22T00:54:29.375883Z,8.052999999999999,9.426568627450981,7.394,41.286,969
2025-04-22T00:54:34.383798Z,2025-04-22T00:54:34.391632Z,7.8340000000000005,9.424926804123714,7.394,41.286,970
2025-04-22T00:54:39.392810Z,2025-04-22T00:54:39.404984Z,12.174000000000001,9.427757981462412,7.394,41.286,971
2025-04-22T00:54:44.398464Z,2025-04-22T00:54:44.407207Z,8.743,9.42705349794239,7.394,41.286,972
2025-04-22T00:54:49.398698Z,2025-04-22T00:54:49.406790Z,8.092,9.425681397738954,7.394,41.286,973
2025-04-22T00:54:54.422586Z,2025-04-22T00:54:54.430759Z,8.173,9.424395277207395,7.394,41.286,974
2025-04-22T00:54:59.419957Z,2025-04-22T00:54:59.433923Z,13.966,9.429053333333334,7.394,41.286,975
2025-04-22T00:55:04.440445Z,2025-04-22T00:55:04.448492Z,8.047,9.427637295081968,7.394,41.286,976
2025-04-22T00:55:09.451462Z,2025-04-22T00:55:09.459886Z,8.424,9.426610030706245,7.394,41.286,977
2025-04-22T00:55:14.460428Z,2025-04-22T00:55:14.468684Z,8.256,9.425413087934562,7.394,41.286,978
2025-04-22T00:55:19.461220Z,2025-04-22T00:55:19.469028Z,7.808,9.423760980592442,7.394,41.286,979
2025-04-22T00:55:24.478250Z,2025-04-22T00:55:24.486058Z,7.808,9.422112244897962,7.394,41.286,980
2025-04-22T00:55:29.473894Z,2025-04-22T00:55:29.481945Z,8.051,9.420714576962286,7.394,41.286,981
2025-04-22T00:55:34.496130Z,2025-04-22T00:55:34.506852Z,10.722000000000001,9.42203971486762,7.394,41.286,982
2025-04-22T00:55:39.499108Z,2025-04-22T00:55:39.507133Z,8.024999999999999,9.420618514750766,7.394,41.286,983
2025-04-22T00:55:44.517323Z,2025-04-22T00:55:44.525443Z,8.120000000000001,9.419296747967481,7.394,41.286,984
2025-04-22T00:55:49.514076Z,2025-04-22T00:55:49.521738Z,7.662000000000001,9.41751269035533,7.394,41.286,985
2025-04-22T00:55:54.527785Z,2025-04-22T00:55:54.539229Z,11.443999999999999,9.419567951318458,7.394,41.286,986
2025-04-22T00:55:59.525191Z,2025-04-22T00:55:59.533424Z,8.233,9.418365754812564,7.394,41.286,987
2025-04-22T00:56:04.548771Z,2025-04-22T00:56:04.556482Z,7.711,9.416637651821864,7.394,41.286,988
2025-04-22T00:56:09.546848Z,2025-04-22T00:56:09.554942Z,8.094000000000001,9.415300303336704,7.394,41.286,989
2025-04-22T00:56:14.571820Z,2025-04-22T00:56:14.582839Z,11.019,9.4169202020202,7.394,41.286,990
2025-04-22T00:56:19.568407Z,2025-04-22T00:56:19.576737Z,8.33,9.415823410696268,7.394,41.286,991
2025-04-22T00:56:24.586746Z,2025-04-22T00:56:24.594849Z,8.103000000000002,9.4145,7.394,41.286,992
2025-04-22T00:56:29.584864Z,2025-04-22T00:56:29.592765Z,7.901,9.412975830815713,7.394,41.286,993
2025-04-22T00:56:34.611219Z,2025-04-22T00:56:34.622369Z,11.15,9.414723340040243,7.394,41.286,994
2025-04-22T00:56:39.604532Z,2025-04-22T00:56:39.612679Z,8.147,9.413449246231158,7.394,41.286,995
2025-04-22T00:56:44.626472Z,2025-04-22T00:56:44.639795Z,13.323,9.41737449799197,7.394,41.286,996
2025-04-22T00:56:49.634364Z,2025-04-22T00:56:49.642133Z,7.769,9.415721163490472,7.394,41.286,997
2025-04-22T00:56:54.643423Z,2025-04-22T00:56:54.654865Z,11.442,9.417751503006015,7.394,41.286,998
2025-04-22T00:56:59.640546Z,2025-04-22T00:56:59.648855Z,8.309000000000001,9.416641641641645,7.394,41.286,999
2025-04-22T00:57:04.669675Z,2025-04-22T00:57:04.677683Z,8.008,9.415233000000002,7.394,41.286,1000
2025-04-22T00:57:09.660160Z,2025-04-22T00:57:09.668335Z,8.175,9.413994005994008,7.394,41.286,1001
2025-04-22T00:57:14.684574Z,2025-04-22T00:57:14.696083Z,11.509,9.416084830339324,7.394,41.286,1002
2025-04-22T00:57:19.682252Z,2025-04-22T00:57:19.690474Z,8.222,9.414894317048857,7.394,41.286,1003
2025-04-22T00:57:24.705190Z,2025-04-22T00:57:24.713572Z,8.382000000000001,9.413865537848606,7.394,41.286,1004
2025-04-22T00:57:29.703027Z,2025-04-22T00:57:29.711287Z,8.26,9.412717412935324,7.394,41.286,1005
2025-04-22T00:57:34.722932Z,2025-04-22T00:57:34.734656Z,11.724,9.41501491053678,7.394,41.286,1006
2025-04-22T00:57:39.716445Z,2025-04-22T00:57:39.724308Z,7.863,9.413473684210526,7.394,41.286,1007
2025-04-22T00:57:44.745756Z,2025-04-22T00:57:44.753483Z,7.727,9.411800595238095,7.394,41.286,1008
2025-04-22T00:57:49.743452Z,2025-04-22T00:57:49.751027Z,7.575,9.409980178394449,7.394,41.286,1009
2025-04-22T00:57:54.759461Z,2025-04-22T00:57:54.772642Z,13.181,9.413713861386137,7.394,41.286,1010
2025-04-22T00:57:59.762972Z,2025-04-22T00:57:59.771402Z,8.43,9.412740850642926,7.394,41.286,1011
2025-04-22T00:58:04.779700Z,2025-04-22T00:58:04.787832Z,8.132,9.411475296442687,7.394,41.286,1012
2025-04-22T00:58:09.775932Z,2025-04-22T00:58:09.784099Z,8.167,9.410246791707799,7.394,41.286,1013
2025-04-22T00:58:14.798293Z,2025-04-22T00:58:14.820193Z,21.9,9.422564102564102,7.394,41.286,1014
2025-04-22T00:58:19.803538Z,2025-04-22T00:58:19.811829Z,8.291,9.421449261083744,7.394,41.286,1015
2025-04-22T00:58:24.819527Z,2025-04-22T00:58:24.827613Z,8.086,9.420134842519685,7.394,41.286,1016
2025-04-22T00:58:29.815326Z,2025-04-22T00:58:29.823576Z,8.25,9.418984267453293,7.394,41.286,1017
2025-04-22T00:58:34.839486Z,2025-04-22T00:58:34.850955Z,11.469,9.420998035363459,7.394,41.286,1018
2025-04-22T00:58:39.838434Z,2025-04-22T00:58:39.846540Z,8.106,9.41970755642787,7.394,41.286,1019
2025-04-22T00:58:44.859451Z,2025-04-22T00:58:44.867653Z,8.202,9.418513725490197,7.394,41.286,1020
2025-04-22T00:58:49.859433Z,2025-04-22T00:58:49.867773Z,8.34,9.417457394711068,7.394,41.286,1021
2025-04-22T00:58:54.880282Z,2025-04-22T00:58:54.888519Z,8.237,9.416302348336595,7.394,41.286,1022
2025-04-22T00:58:59.892254Z,2025-04-22T00:58:59.900933Z,8.678999999999998,9.415581622678397,7.394,41.286,1023
2025-04-22T00:59:04.900302Z,2025-04-22T00:59:04.909006Z,8.704,9.414886718750001,7.394,41.286,1024
2025-04-22T00:59:09.893549Z,2025-04-22T00:59:09.904054Z,10.505,9.415950243902442,7.394,41.286,1025
2025-04-22T00:59:14.921008Z,2025-04-22T00:59:14.928566Z,7.558,9.414139376218325,7.394,41.286,1026
2025-04-22T00:59:19.917100Z,2025-04-22T00:59:19.925271Z,8.171,9.412928919182086,7.394,41.286,1027
2025-04-22T00:59:24.939036Z,2025-04-22T00:59:24.947118Z,8.082,9.411634241245137,7.394,41.286,1028
2025-04-22T00:59:29.939032Z,2025-04-22T00:59:29.950192Z,11.16,9.413333333333336,7.394,41.286,1029
2025-04-22T00:59:34.958996Z,2025-04-22T00:59:34.967410Z,8.414,9.41236310679612,7.394,41.286,1030
2025-04-22T00:59:39.955198Z,2025-04-22T00:59:39.963410Z,8.212,9.411198836081477,7.394,41.286,1031
2025-04-22T00:59:44.976117Z,2025-04-22T00:59:44.983818Z,7.7010000000000005,9.40954166666667,7.394,41.286,1032
2025-04-22T00:59:49.975834Z,2025-04-22T00:59:49.987302Z,11.468,9.411534365924496,7.394,41.286,1033
2025-04-22T00:59:54.996748Z,2025-04-22T00:59:55.005080Z,8.332,9.410490328820119,7.394,41.286,1034
2025-04-22T00:59:59.995987Z,2025-04-22T01:00:00.004404Z,8.417,9.409530434782612,7.394,41.286,1035
2025-04-22T01:00:05.012704Z,2025-04-22T01:00:05.020892Z,8.188,9.408351351351355,7.394,41.286,1036
2025-04-22T01:00:10.008307Z,2025-04-22T01:00:10.019770Z,11.463,9.410332690453233,7.394,41.286,1037
2025-04-22T01:00:15.032574Z,2025-04-22T01:00:15.040266Z,7.692,9.408677263969174,7.394,41.286,1038
2025-04-22T01:00:20.032695Z,2025-04-22T01:00:20.040771Z,8.076,9.407394610202122,7.394,41.286,1039
2025-04-22T01:00:25.056012Z,2025-04-22T01:00:25.064013Z,8.001,9.406042307692312,7.394,41.286,1040
2025-04-22T01:00:30.045018Z,2025-04-22T01:00:30.056697Z,11.679,9.40822574447647,7.394,41.286,1041
2025-04-22T01:00:35.068599Z,2025-04-22T01:00:35.076601Z,8.002,9.406876199616127,7.394,41.286,1042
2025-04-22T01:00:40.068578Z,2025-04-22T01:00:40.076423Z,7.845,9.405378715244492,7.394,41.286,1043
2025-04-22T01:00:45.091878Z,2025-04-22T01:00:45.100798Z,8.920000000000002,9.404913793103452,7.394,41.286,1044
2025-04-22T01:00:50.088317Z,2025-04-22T01:00:50.099781Z,11.464,9.40688421052632,7.394,41.286,1045
2025-04-22T01:00:55.115302Z,2025-04-22T01:00:55.123664Z,8.362,9.405885277246657,7.394,41.286,1046
2025-04-22T01:01:00.107432Z,2025-04-22T01:01:00.115441Z,8.009,9.404551098376317,7.394,41.286,1047
2025-04-22T01:01:05.120696Z,2025-04-22T01:01:05.129191Z,8.495000000000001,9.403683206106875,7.394,41.286,1048
2025-04-22T01:01:10.126161Z,2025-04-22T01:01:10.137320Z,11.159,9.405356530028602,7.394,41.286,1049
2025-04-22T01:01:15.141177Z,2025-04-22T01:01:15.148474Z,7.297,9.403348571428573,7.297,41.286,1050
2025-04-22T01:01:20.144196Z,2025-04-22T01:01:20.152308Z,8.112,9.402119885823028,7.297,41.286,1051
2025-04-22T01:01:25.160199Z,2025-04-22T01:01:25.168538Z,8.338999999999999,9.401109315589355,7.297,41.286,1052
2025-04-22T01:01:30.162070Z,2025-04-22T01:01:30.173362Z,11.292,9.402905033238369,7.297,41.286,1053
2025-04-22T01:01:35.175968Z,2025-04-22T01:01:35.184460Z,8.491999999999999,9.402040796963949,7.297,41.286,1054
2025-04-22T01:01:40.179248Z,2025-04-22T01:01:40.187441Z,8.193000000000001,9.40089478672986,7.297,41.286,1055
2025-04-22T01:01:45.201247Z,2025-04-22T01:01:45.209030Z,7.783,9.399362689393941,7.297,41.286,1056
2025-04-22T01:01:50.198602Z,2025-04-22T01:01:50.211561Z,12.959,9.402730368968783,7.297,41.286,1057
2025-04-22T01:01:55.219902Z,2025-04-22T01:01:55.228051Z,8.149,9.40154536862004,7.297,41.286,1058
2025-04-22T01:02:00.220856Z,2025-04-22T01:02:00.229321Z,8.465,9.400661000944288,7.297,41.286,1059
2025-04-22T01:02:05.237807Z,2025-04-22T01:02:05.245631Z,7.823999999999999,9.399173584905661,7.297,41.286,1060
2025-04-22T01:02:10.235754Z,2025-04-22T01:02:10.257568Z,21.814,9.410874646559849,7.297,41.286,1061
2025-04-22T01:02:15.257751Z,2025-04-22T01:02:15.265992Z,8.241,9.409773069679849,7.297,41.286,1062
2025-04-22T01:02:20.255910Z,2025-04-22T01:02:20.264017Z,8.107,9.408547507055504,7.297,41.286,1063
2025-04-22T01:02:25.279926Z,2025-04-22T01:02:25.288551Z,8.625,9.407811090225564,7.297,41.286,1064
2025-04-22T01:02:30.277706Z,2025-04-22T01:02:30.289182Z,11.476,9.409753051643193,7.297,41.286,1065
2025-04-22T01:02:35.303563Z,2025-04-22T01:02:35.311642Z,8.078999999999999,9.40850469043152,7.297,41.286,1066
2025-04-22T01:02:40.290640Z,2025-04-22T01:02:40.298828Z,8.188,9.40736082474227,7.297,41.286,1067
2025-04-22T01:02:45.311494Z,2025-04-22T01:02:45.319380Z,7.886000000000001,9.405936329588014,7.297,41.286,1068
2025-04-22T01:02:50.312719Z,2025-04-22T01:02:50.320899Z,8.18,9.404789522918614,7.297,41.286,1069
2025-04-22T01:02:55.333494Z,2025-04-22T01:02:55.341665Z,8.171,9.403636448598133,7.297,41.286,1070
2025-04-22T01:03:00.332552Z,2025-04-22T01:03:00.340489Z,7.936999999999999,9.402267040149395,7.297,41.286,1071
2025-04-22T01:03:05.405516Z,2025-04-22T01:03:05.416560Z,11.044,9.403798507462687,7.297,41.286,1072
2025-04-22T01:03:10.358972Z,2025-04-22T01:03:10.367362Z,8.39,9.402853681267477,7.297,41.286,1073
2025-04-22T01:03:15.369436Z,2025-04-22T01:03:15.377677Z,8.241,9.401771880819368,7.297,41.286,1074
2025-04-22T01:03:20.375324Z,2025-04-22T01:03:20.383525Z,8.201,9.40065488372093,7.297,41.286,1075
2025-04-22T01:03:25.391368Z,2025-04-22T01:03:25.402702Z,11.334,9.402451672862455,7.297,41.286,1076
2025-04-22T01:03:30.394221Z,2025-04-22T01:03:30.402287Z,8.066,9.40121077065924,7.297,41.286,1077
2025-04-22T01:03:35.408239Z,2025-04-22T01:03:35.416307Z,8.068000000000001,9.399974025974025,7.297,41.286,1078
2025-04-22T01:03:40.409332Z,2025-04-22T01:03:40.417505Z,8.173,9.39883688600556,7.297,41.286,1079
2025-04-22T01:03:45.428552Z,2025-04-22T01:03:45.439273Z,10.721,9.40006111111111,7.297,41.286,1080
2025-04-22T01:03:50.423922Z,2025-04-22T01:03:50.432000Z,8.078,9.398838112858463,7.297,41.286,1081
2025-04-22T01:03:55.448210Z,2025-04-22T01:03:55.456285Z,8.075000000000001,9.3976146025878,7.297,41.286,1082
2025-04-22T01:04:00.442196Z,2025-04-22T01:04:00.450129Z,7.933000000000001,9.396262234533701,7.297,41.286,1083
2025-04-22T01:04:05.462795Z,2025-04-22T01:04:05.475455Z,12.66,9.399273062730625,7.297,41.286,1084
2025-04-22T01:04:10.463208Z,2025-04-22T01:04:10.471524Z,8.316,9.39827465437788,7.297,41.286,1085
2025-04-22T01:04:15.483992Z,2025-04-22T01:04:15.492035Z,8.043,9.39702670349908,7.297,41.286,1086
2025-04-22T01:04:20.483010Z,2025-04-22T01:04:20.491285Z,8.274999999999999,9.39599448022079,7.297,41.286,1087
2025-04-22T01:04:25.501956Z,2025-04-22T01:04:25.513773Z,11.817,9.398219669117648,7.297,41.286,1088
2025-04-22T01:04:30.504987Z,2025-04-22T01:04:30.513199Z,8.212,9.397130394857667,7.297,41.286,1089
2025-04-22T01:04:35.522951Z,2025-04-22T01:04:35.531168Z,8.217,9.396047706422019,7.297,41.286,1090
2025-04-22T01:04:40.517550Z,2025-04-22T01:04:40.525764Z,8.214,9.39496425297892,7.297,41.286,1091
2025-04-22T01:04:45.540777Z,2025-04-22T01:04:45.552901Z,12.123999999999999,9.39746336996337,7.297,41.286,1092
2025-04-22T01:04:50.538849Z,2025-04-22T01:04:50.547507Z,8.658000000000001,9.396786825251603,7.297,41.286,1093
2025-04-22T01:04:55.553908Z,2025-04-22T01:04:55.561818Z,7.91,9.395427787934189,7.297,41.286,1094
2025-04-22T01:05:00.557665Z,2025-04-22T01:05:00.566495Z,8.83,9.394911415525117,7.297,41.286,1095
2025-04-22T01:05:05.575772Z,2025-04-22T01:05:05.584210Z,8.437999999999999,9.394038321167884,7.297,41.286,1096
2025-04-22T01:05:10.568708Z,2025-04-22T01:05:10.577015Z,8.307,9.393047402005472,7.297,41.286,1097
2025-04-22T01:05:15.594668Z,2025-04-22T01:05:15.603096Z,8.427999999999999,9.392168488160294,7.297,41.286,1098
2025-04-22T01:05:20.591751Z,2025-04-22T01:05:20.602377Z,10.626,9.39329117379436,7.297,41.286,1099
2025-04-22T01:05:25.612590Z,2025-04-22T01:05:25.620895Z,8.305,9.39230181818182,7.297,41.286,1100
2025-04-22T01:05:30.609142Z,2025-04-22T01:05:30.617476Z,8.334,9.391340599455043,7.297,41.286,1101
2025-04-22T01:05:35.631667Z,2025-04-22T01:05:35.639405Z,7.738,9.389840290381127,7.297,41.286,1102
2025-04-22T01:05:40.630854Z,2025-04-22T01:05:40.642327Z,11.473,9.391728921124209,7.297,41.286,1103
2025-04-22T01:05:45.649542Z,2025-04-22T01:05:45.657487Z,7.945,9.390418478260871,7.297,41.286,1104
2025-04-22T01:05:50.648514Z,2025-04-22T01:05:50.656443Z,7.929,9.389095927601813,7.297,41.286,1105
2025-04-22T01:05:55.668444Z,2025-04-22T01:05:55.676386Z,7.941999999999999,9.38778752260398,7.297,41.286,1106
2025-04-22T01:06:00.664921Z,2025-04-22T01:06:00.687208Z,22.287000000000003,9.399439927732613,7.297,41.286,1107
2025-04-22T01:06:05.681239Z,2025-04-22T01:06:05.689628Z,8.389000000000001,9.398527978339352,7.297,41.286,1108
2025-04-22T01:06:10.678931Z,2025-04-22T01:06:10.687580Z,8.649000000000001,9.397852119026151,7.297,41.286,1109
2025-04-22T01:06:15.704500Z,2025-04-22T01:06:15.712625Z,8.125,9.396705405405408,7.297,41.286,1110
2025-04-22T01:06:20.703432Z,2025-04-22T01:06:20.714866Z,11.434,9.398539153915394,7.297,41.286,1111
2025-04-22T01:06:25.724323Z,2025-04-22T01:06:25.732735Z,8.411999999999999,9.397651978417267,7.297,41.286,1112
2025-04-22T01:06:30.723450Z,2025-04-22T01:06:30.732872Z,9.422,9.397673854447442,7.297,41.286,1113
2025-04-22T01:06:35.739356Z,2025-04-22T01:06:35.747522Z,8.166,9.396568222621186,7.297,41.286,1114
2025-04-22T01:06:40.740328Z,2025-04-22T01:06:40.749857Z,9.529,9.396686995515697,7.297,41.286,1115
2025-04-22T01:06:45.758421Z,2025-04-22T01:06:45.766286Z,7.865,9.395314516129035,7.297,41.286,1116
2025-04-22T01:06:50.757010Z,2025-04-22T01:06:50.764802Z,7.792000000000001,9.393879140555061,7.297,41.286,1117
2025-04-22T01:06:55.780203Z,2025-04-22T01:06:55.788963Z,8.76,9.39331216457961,7.297,41.286,1118
2025-04-22T01:07:00.778208Z,2025-04-22T01:07:00.786071Z,7.863,9.391944593386956,7.297,41.286,1119
2025-04-22T01:07:05.796126Z,2025-04-22T01:07:05.804520Z,8.394,9.391053571428575,7.297,41.286,1120
2025-04-22T01:07:10.792435Z,2025-04-22T01:07:10.800426Z,7.991,9.389804638715436,7.297,41.286,1121
2025-04-22T01:07:15.812025Z,2025-04-22T01:07:15.822297Z,10.272,9.390590909090912,7.297,41.286,1122
2025-04-22T01:07:20.811116Z,2025-04-22T01:07:20.818873Z,7.757,9.389136242208375,7.297,41.286,1123
2025-04-22T01:07:25.830549Z,2025-04-22T01:07:25.839499Z,8.95,9.388745551601428,7.297,41.286,1124
2025-04-22T01:07:30.829698Z,2025-04-22T01:07:30.837896Z,8.198,9.387687111111116,7.297,41.286,1125
2025-04-22T01:07:35.850175Z,2025-04-22T01:07:35.861769Z,11.594,9.389646536412084,7.297,41.286,1126
2025-04-22T01:07:40.851070Z,2025-04-22T01:07:40.859350Z,8.28,9.388661934338957,7.297,41.286,1127
2025-04-22T01:07:45.871374Z,2025-04-22T01:07:45.879441Z,8.067,9.387490248226955,7.297,41.286,1128
2025-04-22T01:07:50.868370Z,2025-04-22T01:07:50.876234Z,7.864,9.38614083259522,7.297,41.286,1129
2025-04-22T01:07:55.889802Z,2025-04-22T01:07:55.901410Z,11.608,9.388107079646023,7.297,41.286,1130
2025-04-22T01:08:00.887225Z,2025-04-22T01:08:00.895388Z,8.163,9.38702387267905,7.297,41.286,1131
2025-04-22T01:08:05.908732Z,2025-04-22T01:08:05.916629Z,7.896999999999999,9.38570759717315,7.297,41.286,1132
2025-04-22T01:08:10.902762Z,2025-04-22T01:08:10.911465Z,8.703000000000001,9.385105030891443,7.297,41.286,1133
2025-04-22T01:08:15.928726Z,2025-04-22T01:08:15.939807Z,11.081000000000001,9.386600529100534,7.297,41.286,1134
2025-04-22T01:08:20.923301Z,2025-04-22T01:08:20.931504Z,8.203,9.385557709251106,7.297,41.286,1135
2025-04-22T01:08:25.944506Z,2025-04-22T01:08:25.952181Z,7.675000000000001,9.384051936619723,7.297,41.286,1136
2025-04-22T01:08:30.945848Z,2025-04-22T01:08:30.953626Z,7.7780000000000005,9.382639401934922,7.297,41.286,1137
2025-04-22T01:08:35.965599Z,2025-04-22T01:08:35.977044Z,11.445,9.384451669595789,7.297,41.286,1138
2025-04-22T01:08:40.962780Z,2025-04-22T01:08:40.971122Z,8.342,9.383536435469717,7.297,41.286,1139
2025-04-22T01:08:45.983701Z,2025-04-22T01:08:45.991997Z,8.296,9.382582456140357,7.297,41.286,1140
2025-04-22T01:08:50.980656Z,2025-04-22T01:08:50.988510Z,7.854,9.381242769500444,7.297,41.286,1141
2025-04-22T01:08:56.006748Z,2025-04-22T01:08:56.020471Z,13.723,9.385044658493879,7.297,41.286,1142
2025-04-22T01:09:01.004662Z,2025-04-22T01:09:01.012634Z,7.9719999999999995,9.383808398950139,7.297,41.286,1143
2025-04-22T01:09:06.025718Z,2025-04-22T01:09:06.033643Z,7.925,9.382533216783225,7.297,41.286,1144
2025-04-22T01:09:11.019234Z,2025-04-22T01:09:11.027205Z,7.971000000000001,9.38130043668123,7.297,41.286,1145
2025-04-22T01:09:16.045603Z,2025-04-22T01:09:16.057293Z,11.690000000000001,9.383315008726012,7.297,41.286,1146
2025-04-22T01:09:21.042503Z,2025-04-22T01:09:21.050541Z,8.038,9.382142109851795,7.297,41.286,1147
2025-04-22T01:09:26.062473Z,2025-04-22T01:09:26.071019Z,8.546,9.381413763066211,7.297,41.286,1148
2025-04-22T01:09:31.060806Z,2025-04-22T01:09:31.069038Z,8.232,9.380413402959103,7.297,41.286,1149
2025-04-22T01:09:36.080374Z,2025-04-22T01:09:36.092467Z,12.093,9.382772173913052,7.297,41.286,1150
2025-04-22T01:09:41.081358Z,2025-04-22T01:09:41.089210Z,7.851999999999999,9.381442224152918,7.297,41.286,1151
2025-04-22T01:09:46.100664Z,2025-04-22T01:09:46.108918Z,8.254,9.380463541666675,7.297,41.286,1152
2025-04-22T01:09:51.105766Z,2025-04-22T01:09:51.114133Z,8.366999999999999,9.37958456201215,7.297,41.286,1153
2025-04-22T01:09:56.119294Z,2025-04-22T01:09:56.141215Z,21.921,9.39045233968805,7.297,41.286,1154
2025-04-22T01:10:01.114213Z,2025-04-22T01:10:01.122219Z,8.005999999999998,9.38925367965369,7.297,41.286,1155
2025-04-22T01:10:06.137284Z,2025-04-22T01:10:06.145297Z,8.013,9.388063148788936,7.297,41.286,1156
2025-04-22T01:10:11.136423Z,2025-04-22T01:10:11.144894Z,8.471,9.387270527225592,7.297,41.286,1157
2025-04-22T01:10:16.154286Z,2025-04-22T01:10:16.165832Z,11.546000000000001,9.389134715025916,7.297,41.286,1158
2025-04-22T01:10:21.154189Z,2025-04-22T01:10:21.162216Z,8.027,9.387959447799837,7.297,41.286,1159
2025-04-22T01:10:26.168248Z,2025-04-22T01:10:26.176335Z,8.087,9.38683793103449,7.297,41.286,1160
2025-04-22T01:10:31.169120Z,2025-04-22T01:10:31.177418Z,8.298,9.385900086132652,7.297,41.286,1161
2025-04-22T01:10:36.187432Z,2025-04-22T01:10:36.196510Z,9.078,9.385635111876084,7.297,41.286,1162
2025-04-22T01:10:41.184712Z,2025-04-22T01:10:41.193160Z,8.448,9.384828890799664,7.297,41.286,1163
2025-04-22T01:10:46.208102Z,2025-04-22T01:10:46.216118Z,8.016,9.383652920962207,7.297,41.286,1164
2025-04-22T01:10:51.210190Z,2025-04-22T01:10:51.220856Z,10.666,9.384753648068678,7.297,41.286,1165
2025-04-22T01:10:56.227216Z,2025-04-22T01:10:56.235095Z,7.8790000000000004,9.383462264150953,7.297,41.286,1166
2025-04-22T01:11:01.227992Z,2025-04-22T01:11:01.236144Z,8.152,9.382407026563849,7.297,41.286,1167
2025-04-22T01:11:06.243996Z,2025-04-22T01:11:06.252400Z,8.404,9.381569349315079,7.297,41.286,1168
2025-04-22T01:11:11.242954Z,2025-04-22T01:11:11.254486Z,11.532,9.38340889649274,7.297,41.286,1169
2025-04-22T01:11:16.262985Z,2025-04-22T01:11:16.270692Z,7.707000000000001,9.38197606837608,7.297,41.286,1170
2025-04-22T01:11:21.262023Z,2025-04-22T01:11:21.270064Z,8.041,9.380830913748945,7.297,41.286,1171
2025-04-22T01:11:26.280947Z,2025-04-22T01:11:26.289221Z,8.274000000000001,9.379886518771343,7.297,41.286,1172
2025-04-22T01:11:31.282934Z,2025-04-22T01:11:31.294795Z,11.861,9.38200170502985,7.297,41.286,1173
2025-04-22T01:11:36.301856Z,2025-04-22T01:11:36.309932Z,8.076,9.380889267461681,7.297,41.286,1174
2025-04-22T01:11:41.299384Z,2025-04-22T01:11:41.307547Z,8.163,9.379852765957459,7.297,41.286,1175
2025-04-22T01:11:46.317518Z,2025-04-22T01:11:46.325610Z,8.092,9.378757653061236,7.297,41.286,1176
2025-04-22T01:11:51.320823Z,2025-04-22T01:11:51.332706Z,11.883,9.380885301614285,7.297,41.286,1177
2025-04-22T01:11:56.337759Z,2025-04-22T01:11:56.345701Z,7.941999999999999,9.379663837011895,7.297,41.286,1178
2025-04-22T01:12:01.338796Z,2025-04-22T01:12:01.346472Z,7.675999999999999,9.37821882951655,7.297,41.286,1179
2025-04-22T01:12:06.369807Z,2025-04-22T01:12:06.377673Z,7.866,9.376937288135604,7.297,41.286,1180
2025-04-22T01:12:11.357715Z,2025-04-22T01:12:11.369124Z,11.409,9.378657917019485,7.297,41.286,1181
2025-04-22T01:12:16.388775Z,2025-04-22T01:12:16.398480Z,9.705,9.378934010152296,7.297,41.286,1182
2025-04-22T01:12:21.377802Z,2025-04-22T01:12:21.385926Z,8.123999999999999,9.37787320371937,7.297,41.286,1183
2025-04-22T01:12:26.394848Z,2025-04-22T01:12:26.402706Z,7.8580000000000005,9.37658952702704,7.297,41.286,1184
2025-04-22T01:12:31.419554Z,2025-04-22T01:12:31.431348Z,11.794,9.378629535864992,7.297,41.286,1185
2025-04-22T01:12:36.406541Z,2025-04-22T01:12:36.414468Z,7.927,9.377405564924127,7.297,41.286,1186
2025-04-22T01:12:41.411766Z,2025-04-22T01:12:41.419801Z,8.035,9.37627464195452,7.297,41.286,1187
2025-04-22T01:12:46.431758Z,2025-04-22T01:12:46.440214Z,8.456,9.375500000000013,7.297,41.286,1188
2025-04-22T01:12:51.431624Z,2025-04-22T01:12:51.443243Z,11.619000000000002,9.377386879730878,7.297,41.286,1189
2025-04-22T01:12:56.445534Z,2025-04-22T01:12:56.453232Z,7.698,9.375975630252112,7.297,41.286,1190
2025-04-22T01:13:01.461516Z,2025-04-22T01:13:01.469094Z,7.577999999999999,9.374465994962229,7.297,41.286,1191
2025-04-22T01:13:06.466549Z,2025-04-22T01:13:06.474552Z,8.003,9.373315436241622,7.297,41.286,1192
2025-04-22T01:13:11.466636Z,2025-04-22T01:13:11.478480Z,11.844000000000001,9.375386420787942,7.297,41.286,1193
2025-04-22T01:13:16.483586Z,2025-04-22T01:13:16.491764Z,8.177999999999999,9.374383584589626,7.297,41.286,1194
2025-04-22T01:13:21.483871Z,2025-04-22T01:13:21.492273Z,8.402,9.373569874476999,7.297,41.286,1195
2025-04-22T01:13:26.516053Z,2025-04-22T01:13:26.524128Z,8.075000000000001,9.372484113712387,7.297,41.286,1196
2025-04-22T01:13:31.522193Z,2025-04-22T01:13:31.534218Z,12.024999999999999,9.374700083542201,7.297,41.286,1197
2025-04-22T01:13:36.520445Z,2025-04-22T01:13:36.528575Z,8.13,9.373661101836406,7.297,41.286,1198
2025-04-22T01:13:41.522549Z,2025-04-22T01:13:41.530254Z,7.705,9.37226939115931,7.297,41.286,1199
2025-04-22T01:13:46.541629Z,2025-04-22T01:13:46.549566Z,7.936999999999999,9.371073333333344,7.297,41.286,1200
2025-04-22T01:13:51.540283Z,2025-04-22T01:13:51.562484Z,22.200999999999997,9.38175603663615,7.297,41.286,1201
2025-04-22T01:13:56.564380Z,2025-04-22T01:13:56.572831Z,8.451,9.380981697171393,7.297,41.286,1202
2025-04-22T01:14:01.558944Z,2025-04-22T01:14:01.567278Z,8.334,9.38011138819619,7.297,41.286,1203
2025-04-22T01:14:06.578271Z,2025-04-22T01:14:06.586452Z,8.181000000000001,9.379115448504995,7.297,41.286,1204
2025-04-22T01:14:11.578256Z,2025-04-22T01:14:11.589713Z,11.457,9.380839834024908,7.297,41.286,1205
2025-04-22T01:14:16.596446Z,2025-04-22T01:14:16.604671Z,8.225,9.379881426202333,7.297,41.286,1206
2025-04-22T01:14:21.599232Z,2025-04-22T01:14:21.607536Z,8.304,9.378990057995042,7.297,41.286,1207
2025-04-22T01:14:26.617108Z,2025-04-22T01:14:26.624740Z,7.632,9.377543874172197,7.297,41.286,1208
2025-04-22T01:14:31.616328Z,2025-04-22T01:14:31.624369Z,8.041,9.376438378825487,7.297,41.286,1209
2025-04-22T01:14:36.636278Z,2025-04-22T01:14:36.644375Z,8.097,9.375380991735549,7.297,41.286,1210
2025-04-22T01:14:41.629653Z,2025-04-22T01:14:41.637670Z,8.017,9.374259289843117,7.297,41.286,1211
2025-04-22T01:14:46.652133Z,2025-04-22T01:14:46.662850Z,10.717,9.375367161716182,7.297,41.286,1212
2025-04-22T01:14:51.652185Z,2025-04-22T01:14:51.660469Z,8.283999999999999,9.374467436108832,7.297,41.286,1213
2025-04-22T01:14:56.672914Z,2025-04-22T01:14:56.681322Z,8.408000000000001,9.373671334431641,7.297,41.286,1214
2025-04-22T01:15:01.669158Z,2025-04-22T01:15:01.677379Z,8.220999999999998,9.372722633744868,7.297,41.286,1215
2025-04-22T01:15:06.687054Z,2025-04-22T01:15:06.698904Z,11.85,9.374759868421064,7.297,41.286,1216
2025-04-22T01:15:11.694432Z,2025-04-22T01:15:11.702837Z,8.405,9.373963023829099,7.297,41.286,1217
2025-04-22T01:15:16.708972Z,2025-04-22T01:15:16.717081Z,8.109,9.37292446633827,7.297,41.286,1218
2025-04-22T01:15:21.711055Z,2025-04-22T01:15:21.719387Z,8.332,9.372070549630855,7.297,41.286,1219
2025-04-22T01:15:26.727020Z,2025-04-22T01:15:26.738473Z,11.453,9.373776229508206,7.297,41.286,1220
2025-04-22T01:15:31.723638Z,2025-04-22T01:15:31.731670Z,8.032,9.372677313677324,7.297,41.286,1221
2025-04-22T01:15:36.748064Z,2025-04-22T01:15:36.756386Z,8.322,9.371817512274967,7.297,41.286,1222
2025-04-22T01:15:41.741657Z,2025-04-22T01:15:41.749827Z,8.17,9.370834832379405,7.297,41.286,1223
2025-04-22T01:15:46.761021Z,2025-04-22T01:15:46.772999Z,11.978000000000002,9.372964869281054,7.297,41.286,1224
2025-04-22T01:15:51.763902Z,2025-04-22T01:15:51.772252Z,8.35,9.372129795918376,7.297,41.286,1225
2025-04-22T01:15:56.783814Z,2025-04-22T01:15:56.791789Z,7.975,9.370990212071789,7.297,41.286,1226
2025-04-22T01:16:01.778706Z,2025-04-22T01:16:01.786806Z,8.1,9.369954360228208,7.297,41.286,1227
2025-04-22T01:16:06.796958Z,2025-04-22T01:16:06.808494Z,11.536,9.371718241042354,7.297,41.286,1228
2025-04-22T01:16:11.799841Z,2025-04-22T01:16:11.807897Z,8.056000000000001,9.370647681041508,7.297,41.286,1229
2025-04-22T01:16:16.815372Z,2025-04-22T01:16:16.823689Z,8.317,9.369791056910577,7.297,41.286,1230
2025-04-22T01:16:21.816214Z,2025-04-22T01:16:21.824601Z,8.387,9.368992688870847,7.297,41.286,1231
2025-04-22T01:16:26.838615Z,2025-04-22T01:16:26.849743Z,11.128,9.370420454545465,7.297,41.286,1232
2025-04-22T01:16:31.842690Z,2025-04-22T01:16:31.851052Z,8.362,9.369602595296035,7.297,41.286,1233
2025-04-22T01:16:36.859746Z,2025-04-22T01:16:36.867709Z,7.962999999999999,9.368462722852522,7.297,41.286,1234
2025-04-22T01:16:41.858869Z,2025-04-22T01:16:41.866751Z,7.882,9.36725910931175,7.297,41.286,1235
2025-04-22T01:16:46.880658Z,2025-04-22T01:16:46.892716Z,12.058,9.369436084142405,7.297,41.286,1236
2025-04-22T01:16:51.877472Z,2025-04-22T01:16:51.885534Z,8.062,9.368379143088125,7.297,41.286,1237
2025-04-22T01:16:56.900630Z,2025-04-22T01:16:56.908520Z,7.89,9.367184975767378,7.297,41.286,1238
2025-04-22T01:17:01.901598Z,2025-04-22T01:17:01.909630Z,8.032,9.366107344632777,7.297,41.286,1239
2025-04-22T01:17:06.924678Z,2025-04-22T01:17:06.937197Z,12.519,9.36865000000001,7.297,41.286,1240
2025-04-22T01:17:11.920006Z,2025-04-22T01:17:11.928078Z,8.072,9.367605157131356,7.297,41.286,1241
2025-04-22T01:17:16.933426Z,2025-04-22T01:17:16.941245Z,7.819,9.366358293075693,7.297,41.286,1242
2025-04-22T01:17:21.937516Z,2025-04-22T01:17:21.945706Z,8.19,9.365411906677403,7.297,41.286,1243
2025-04-22T01:17:26.952856Z,2025-04-22T01:17:26.964869Z,12.013,9.367540192926054,7.297,41.286,1244
2025-04-22T01:17:31.956567Z,2025-04-22T01:17:31.964659Z,8.092,9.366515662650611,7.297,41.286,1245
2025-04-22T01:17:36.977451Z,2025-04-22T01:17:36.985402Z,7.951,9.365379614767265,7.297,41.286,1246
2025-04-22T01:17:41.969324Z,2025-04-22T01:17:41.977113Z,7.789,9.364115477145157,7.297,41.286,1247
2025-04-22T01:17:46.992784Z,2025-04-22T01:17:47.015309Z,22.525,9.374661057692318,7.297,41.286,1248
2025-04-22T01:17:51.991589Z,2025-04-22T01:17:51.999733Z,8.144,9.373675740592484,7.297,41.286,1249
2025-04-22T01:17:57.015498Z,2025-04-22T01:17:57.024020Z,8.522,9.37299440000001,7.297,41.286,1250
2025-04-22T01:18:02.016362Z,2025-04-22T01:18:02.024677Z,8.315,9.372148681055164,7.297,41.286,1251
2025-04-22T01:18:07.026311Z,2025-04-22T01:18:07.035876Z,9.565000000000001,9.37230271565496,7.297,41.286,1252
2025-04-22T01:18:12.028520Z,2025-04-22T01:18:12.036455Z,7.935,9.371155626496417,7.297,41.286,1253
2025-04-22T01:18:17.048468Z,2025-04-22T01:18:17.056598Z,8.13,9.370165869218509,7.297,41.286,1254
2025-04-22T01:18:22.046404Z,2025-04-22T01:18:22.054413Z,8.009,9.369081274900406,7.297,41.286,1255
2025-04-22T01:18:27.076863Z,2025-04-22T01:18:27.084808Z,7.945,9.367947452229307,7.297,41.286,1256
2025-04-22T01:18:32.066680Z,2025-04-22T01:18:32.074371Z,7.691,9.366613365155137,7.297,41.286,1257
2025-04-22T01:18:37.087274Z,2025-04-22T01:18:37.095174Z,7.9,9.365447535771072,7.297,41.286,1258
2025-04-22T01:18:42.083550Z,2025-04-22T01:18:42.094055Z,10.505,9.366352660841946,7.297,41.286,1259
2025-04-22T01:18:47.105332Z,2025-04-22T01:18:47.113632Z,8.3,9.365506349206356,7.297,41.286,1260
2025-04-22T01:18:52.106223Z,2025-04-22T01:18:52.114209Z,7.986,9.364412371134026,7.297,41.286,1261
2025-04-22T01:18:57.123222Z,2025-04-22T01:18:57.131435Z,8.213,9.363500000000007,7.297,41.286,1262
2025-04-22T01:19:02.128358Z,2025-04-22T01:19:02.140072Z,11.714,9.365361045130648,7.297,41.286,1263
2025-04-22T01:19:07.142126Z,2025-04-22T01:19:07.149670Z,7.5440000000000005,9.363920094936715,7.297,41.286,1264
2025-04-22T01:19:12.157127Z,2025-04-22T01:19:12.165214Z,8.087,9.362910671936765,7.297,41.286,1265
2025-04-22T01:19:17.163134Z,2025-04-22T01:19:17.171335Z,8.201,9.361992890995266,7.297,41.286,1266
2025-04-22T01:19:22.158207Z,2025-04-22T01:19:22.169672Z,11.465,9.363652722967647,7.297,41.286,1267
2025-04-22T01:19:27.182098Z,2025-04-22T01:19:27.190030Z,7.9319999999999995,9.362523659306,7.297,41.286,1268
2025-04-22T01:19:32.180049Z,2025-04-22T01:19:32.187656Z,7.607,9.361140267927507,7.297,41.286,1269
2025-04-22T01:19:37.203478Z,2025-04-22T01:19:37.212490Z,9.011999999999999,9.360865354330713,7.297,41.286,1270
2025-04-22T01:19:42.197564Z,2025-04-22T01:19:42.210606Z,13.042,9.36376160503541,7.297,41.286,1271
2025-04-22T01:19:47.222364Z,2025-04-22T01:19:47.230079Z,7.715,9.362465408805036,7.297,41.286,1272
2025-04-22T01:19:52.222034Z,2025-04-22T01:19:52.230262Z,8.228,9.361574234092702,7.297,41.286,1273
2025-04-22T01:19:57.290077Z,2025-04-22T01:19:57.298222Z,8.145,9.360619309262173,7.297,41.286,1274
2025-04-22T01:20:02.235987Z,2025-04-22T01:20:02.247961Z,11.974,9.36266901960785,7.297,41.286,1275
2025-04-22T01:20:07.255991Z,2025-04-22T01:20:07.264150Z,8.158999999999999,9.361725705329158,7.297,41.286,1276
2025-04-22T01:20:12.255603Z,2025-04-22T01:20:12.263706Z,8.103000000000002,9.360740015661712,7.297,41.286,1277
2025-04-22T01:20:17.282594Z,2025-04-22T01:20:17.290619Z,8.024999999999999,9.359694835680758,7.297,41.286,1278
2025-04-22T01:20:22.283844Z,2025-04-22T01:20:22.295209Z,11.365,9.361262705238474,7.297,41.286,1279
2025-04-22T01:20:27.297811Z,2025-04-22T01:20:27.305685Z,7.8740000000000006,9.360100781250006,7.297,41.286,1280
2025-04-22T01:20:32.296720Z,2025-04-22T01:20:32.304387Z,7.667,9.358779078844657,7.297,41.286,1281
2025-04-22T01:20:37.312794Z,2025-04-22T01:20:37.320624Z,7.83,9.357586583463343,7.297,41.286,1282
2025-04-22T01:20:42.313926Z,2025-04-22T01:20:42.325329Z,11.403,9.359180826188625,7.297,41.286,1283
2025-04-22T01:20:47.328088Z,2025-04-22T01:20:47.336490Z,8.402,9.358435358255457,7.297,41.286,1284
2025-04-22T01:20:52.329769Z,2025-04-22T01:20:52.337408Z,7.639,9.357097276264597,7.297,41.286,1285
2025-04-22T01:20:57.354855Z,2025-04-22T01:20:57.362840Z,7.985000000000001,9.356030326594095,7.297,41.286,1286
2025-04-22T01:21:02.354800Z,2025-04-22T01:21:02.366790Z,11.99,9.358076923076927,7.297,41.286,1287
2025-04-22T01:21:07.375932Z,2025-04-22T01:21:07.384053Z,8.121,9.357116459627333,7.297,41.286,1288
2025-04-22T01:21:12.373717Z,2025-04-22T01:21:12.381752Z,8.035,9.356090768037243,7.297,41.286,1289
2025-04-22T01:21:17.392736Z,2025-04-22T01:21:17.400823Z,8.087,9.355106976744189,7.297,41.286,1290
2025-04-22T01:21:22.398208Z,2025-04-22T01:21:22.411049Z,12.841,9.357807126258718,7.297,41.286,1291
2025-04-22T01:21:27.413726Z,2025-04-22T01:21:27.421460Z,7.734,9.356550309597527,7.297,41.286,1292
2025-04-22T01:21:32.413724Z,2025-04-22T01:21:32.421619Z,7.895,9.355419953596291,7.297,41.286,1293
2025-04-22T01:21:37.431669Z,2025-04-22T01:21:37.439611Z,7.941999999999999,9.354327666151471,7.297,41.286,1294
2025-04-22T01:21:42.427716Z,2025-04-22T01:21:42.449437Z,21.721,9.363877220077221,7.297,41.286,1295
2025-04-22T01:21:47.450986Z,2025-04-22T01:21:47.459338Z,8.352,9.363096450617286,7.297,41.286,1296
2025-04-22T01:21:52.448751Z,2025-04-22T01:21:52.457008Z,8.257,9.362243639167312,7.297,41.286,1297
2025-04-22T01:21:57.468417Z,2025-04-22T01:21:57.476450Z,8.033,9.361219568567028,7.297,41.286,1298
2025-04-22T01:22:02.471559Z,2025-04-22T01:22:02.483282Z,11.723,9.363037721324098,7.297,41.286,1299
2025-04-22T01:22:07.490595Z,2025-04-22T01:22:07.499226Z,8.631,9.362474615384617,7.297,41.286,1300
2025-04-22T01:22:12.489234Z,2025-04-22T01:22:12.497305Z,8.071,9.361481936971561,7.297,41.286,1301
2025-04-22T01:22:17.509513Z,2025-04-22T01:22:17.517454Z,7.941,9.360390937019972,7.297,41.286,1302
2025-04-22T01:22:22.513322Z,2025-04-22T01:22:22.525371Z,12.049000000000001,9.362454336147353,7.297,41.286,1303
2025-04-22T01:22:27.532418Z,2025-04-22T01:22:27.540864Z,8.446,9.361751533742332,7.297,41.286,1304
2025-04-22T01:22:32.525145Z,2025-04-22T01:22:32.533358Z,8.213,9.360871264367816,7.297,41.286,1305
2025-04-22T01:22:37.544632Z,2025-04-22T01:22:37.552857Z,8.225,9.360001531393568,7.297,41.286,1306
2025-04-22T01:22:42.540381Z,2025-04-22T01:22:42.547910Z,7.529,9.358600612088752,7.297,41.286,1307
2025-04-22T01:22:47.565424Z,2025-04-22T01:22:47.573624Z,8.200000000000001,9.357714831804282,7.297,41.286,1308
2025-04-22T01:22:52.565344Z,2025-04-22T01:22:52.573077Z,7.7330000000000005,9.356473644003056,7.297,41.286,1309
2025-04-22T01:22:57.581342Z,2025-04-22T01:22:57.592187Z,10.845,9.357609923664121,7.297,41.286,1310
2025-04-22T01:23:02.582379Z,2025-04-22T01:23:02.590946Z,8.567,9.357006864988557,7.297,41.286,1311
2025-04-22T01:23:07.596338Z,2025-04-22T01:23:07.604624Z,8.286,9.356190548780488,7.297,41.286,1312
2025-04-22T01:23:12.600270Z,2025-04-22T01:23:12.608139Z,7.868999999999999,9.355057882711346,7.297,41.286,1313
2025-04-22T01:23:17.621315Z,2025-04-22T01:23:17.632955Z,11.639999999999999,9.356796803652967,7.297,41.286,1314
2025-04-22T01:23:22.617254Z,2025-04-22T01:23:22.624628Z,7.3740000000000006,9.35528897338403,7.297,41.286,1315
2025-04-22T01:23:27.651753Z,2025-04-22T01:23:27.659772Z,8.019,9.354273556231004,7.297,41.286,1316
2025-04-22T01:23:32.639731Z,2025-04-22T01:23:32.647904Z,8.173,9.353376613515564,7.297,41.286,1317
2025-04-22T01:23:37.661193Z,2025-04-22T01:23:37.672657Z,11.464,9.354977996965097,7.297,41.286,1318
2025-04-22T01:23:42.655195Z,2025-04-22T01:23:42.663377Z,8.182,9.354088703563304,7.297,41.286,1319
2025-04-22T01:23:47.682660Z,2025-04-22T01:23:47.690887Z,8.227,9.353234848484847,7.297,41.286,1320
2025-04-22T01:23:52.679304Z,2025-04-22T01:23:52.687382Z,8.078,9.352269492808476,7.297,41.286,1321
2025-04-22T01:23:57.702289Z,2025-04-22T01:23:57.714432Z,12.142999999999999,9.354380484114976,7.297,41.286,1322
2025-04-22T01:24:02.695919Z,2025-04-22T01:24:02.704044Z,8.125,9.353451247165532,7.297,41.286,1323
2025-04-22T01:24:07.724796Z,2025-04-22T01:24:07.733381Z,8.585,9.352870845921448,7.297,41.286,1324
2025-04-22T01:24:12.720309Z,2025-04-22T01:24:12.728314Z,8.005,9.351853584905658,7.297,41.286,1325
2025-04-22T01:24:17.733134Z,2025-04-22T01:24:17.744810Z,11.676,9.353606334841627,7.297,41.286,1326
2025-04-22T01:24:22.735170Z,2025-04-22T01:24:22.743404Z,8.234,9.352762622456668,7.297,41.286,1327
2025-04-22T01:24:27.754453Z,2025-04-22T01:24:27.762508Z,8.055,9.351785391566263,7.297,41.286,1328
2025-04-22T01:24:32.752180Z,2025-04-22T01:24:32.760471Z,8.291,9.350987208427387,7.297,41.286,1329
2025-04-22T01:24:37.779586Z,2025-04-22T01:24:37.791550Z,11.964,9.352951879699248,7.297,41.286,1330
2025-04-22T01:24:42.775138Z,2025-04-22T01:24:42.783602Z,8.463999999999999,9.35228399699474,7.297,41.286,1331
2025-04-22T01:24:47.789182Z,2025-04-22T01:24:47.797176Z,7.994,9.351264264264262,7.297,41.286,1332
2025-04-22T01:24:52.791040Z,2025-04-22T01:24:52.799180Z,8.139999999999999,9.350355588897223,7.297,41.286,1333
2025-04-22T01:24:57.808947Z,2025-04-22T01:24:57.820667Z,11.719999999999999,9.352131934032982,7.297,41.286,1334
2025-04-22T01:25:02.808002Z,2025-04-22T01:25:02.816243Z,8.241,9.351299625468164,7.297,41.286,1335
2025-04-22T01:25:07.825897Z,2025-04-22T01:25:07.834080Z,8.183,9.350425149700598,7.297,41.286,1336
2025-04-22T01:25:12.825143Z,2025-04-22T01:25:12.833230Z,8.087,9.349480179506356,7.297,41.286,1337
2025-04-22T01:25:17.844915Z,2025-04-22T01:25:17.856715Z,11.799999999999999,9.351311659192824,7.297,41.286,1338
2025-04-22T01:25:22.841170Z,2025-04-22T01:25:22.849427Z,8.257,9.350494398805079,7.297,41.286,1339
2025-04-22T01:25:27.867088Z,2025-04-22T01:25:27.877020Z,9.932,9.350928358208954,7.297,41.286,1340
2025-04-22T01:25:32.863937Z,2025-04-22T01:25:32.872223Z,8.286,9.350134228187917,7.297,41.286,1341
2025-04-22T01:25:37.881850Z,2025-04-22T01:25:37.904645Z,22.794999999999998,9.360152757078984,7.297,41.286,1342
2025-04-22T01:25:42.880911Z,2025-04-22T01:25:42.888963Z,8.052,9.359178704393146,7.297,41.286,1343
2025-04-22T01:25:47.901922Z,2025-04-22T01:25:47.909743Z,7.821,9.358034226190474,7.297,41.286,1344
2025-04-22T01:25:52.898835Z,2025-04-22T01:25:52.907079Z,8.244,9.357205947955388,7.297,41.286,1345
2025-04-22T01:25:57.919822Z,2025-04-22T01:25:57.931605Z,11.783,9.359008172362554,7.297,41.286,1346
2025-04-22T01:26:02.925789Z,2025-04-22T01:26:02.933870Z,8.081,9.358059391239792,7.297,41.286,1347
2025-04-22T01:26:07.938851Z,2025-04-22T01:26:07.946887Z,8.036,9.357078635014835,7.297,41.286,1348
2025-04-22T01:26:12.933674Z,2025-04-22T01:26:12.942039Z,8.364999999999998,9.356343217197923,7.297,41.286,1349
2025-04-22T01:26:17.967828Z,2025-04-22T01:26:17.978180Z,10.352,9.357080740740738,7.297,41.286,1350
2025-04-22T01:26:22.959854Z,2025-04-22T01:26:22.968188Z,8.334,9.356323464100663,7.297,41.286,1351
2025-04-22T01:26:27.970834Z,2025-04-22T01:26:27.979495Z,8.661,9.35580917159763,7.297,41.286,1352
2025-04-22T01:26:32.972682Z,2025-04-22T01:26:32.981100Z,8.418,9.35511603843311,7.297,41.286,1353
2025-04-22T01:26:37.992804Z,2025-04-22T01:26:38.000708Z,7.904,9.354044313146233,7.297,41.286,1354
2025-04-22T01:26:42.993821Z,2025-04-22T01:26:43.001937Z,8.116,9.353130627306271,7.297,41.286,1355
2025-04-22T01:26:48.019720Z,2025-04-22T01:26:48.028231Z,8.511,9.352509587020645,7.297,41.286,1356
2025-04-22T01:26:53.014670Z,2025-04-22T01:26:53.025621Z,10.951,9.353687546057477,7.297,41.286,1357
2025-04-22T01:26:58.032696Z,2025-04-22T01:26:58.040694Z,7.998,9.352689248895432,7.297,41.286,1358
2025-04-22T01:27:03.038952Z,2025-04-22T01:27:03.046851Z,7.899,9.351619573215599,7.297,41.286,1359
2025-04-22T01:27:08.051852Z,2025-04-22T01:27:08.060355Z,8.503,9.35099558823529,7.297,41.286,1360
2025-04-22T01:27:13.054690Z,2025-04-22T01:27:13.066277Z,11.587,9.352638501102128,7.297,41.286,1361
2025-04-22T01:27:18.070698Z,2025-04-22T01:27:18.078988Z,8.290000000000001,9.351858296622613,7.297,41.286,1362
2025-04-22T01:27:23.067744Z,2025-04-22T01:27:23.075640Z,7.896,9.350790168745412,7.297,41.286,1363
2025-04-22T01:27:28.090750Z,2025-04-22T01:27:28.099057Z,8.307,9.350024926686215,7.297,41.286,1364
2025-04-22T01:27:33.088671Z,2025-04-22T01:27:33.100137Z,11.466000000000001,9.351575091575091,7.297,41.286,1365
2025-04-22T01:27:38.106524Z,2025-04-22T01:27:38.115070Z,8.546,9.350985358711567,7.297,41.286,1366
2025-04-22T01:27:43.107789Z,2025-04-22T01:27:43.115681Z,7.8919999999999995,9.349918068763715,7.297,41.286,1367
2025-04-22T01:27:48.128020Z,2025-04-22T01:27:48.136074Z,8.054,9.348970760233918,7.297,41.286,1368
2025-04-22T01:27:53.126844Z,2025-04-22T01:27:53.140481Z,13.637,9.352102994886778,7.297,41.286,1369
2025-04-22T01:27:58.142621Z,2025-04-22T01:27:58.150822Z,8.201,9.351262773722627,7.297,41.286,1370
2025-04-22T01:28:03.145660Z,2025-04-22T01:28:03.153878Z,8.218,9.35043617797228,7.297,41.286,1371
2025-04-22T01:28:08.159761Z,2025-04-22T01:28:08.167326Z,7.5649999999999995,9.349134839650143,7.297,41.286,1372
2025-04-22T01:28:13.161590Z,2025-04-22T01:28:13.172673Z,11.083,9.350397669337216,7.297,41.286,1373
2025-04-22T01:28:18.182515Z,2025-04-22T01:28:18.190411Z,7.896,9.349339155749634,7.297,41.286,1374
2025-04-22T01:28:23.182688Z,2025-04-22T01:28:23.191605Z,8.917,9.349024727272726,7.297,41.286,1375
2025-04-22T01:28:28.228672Z,2025-04-22T01:28:28.236908Z,8.236,9.348215843023254,7.297,41.286,1376
2025-04-22T01:28:33.203618Z,2025-04-22T01:28:33.215604Z,11.986,9.35013144517066,7.297,41.286,1377
2025-04-22T01:28:38.213616Z,2025-04-22T01:28:38.221713Z,8.097,9.349222060957908,7.297,41.286,1378
2025-04-22T01:28:43.211978Z,2025-04-22T01:28:43.220304Z,8.326,9.348480058013052,7.297,41.286,1379
2025-04-22T01:28:48.234032Z,2025-04-22T01:28:48.242607Z,8.575,9.34791956521739,7.297,41.286,1380
2025-04-22T01:28:53.237504Z,2025-04-22T01:28:53.249130Z,11.626,9.349569152787833,7.297,41.286,1381
2025-04-22T01:28:58.258546Z,2025-04-22T01:28:58.266640Z,8.094000000000001,9.34866063675832,7.297,41.286,1382
2025-04-22T01:29:03.256545Z,2025-04-22T01:29:03.264207Z,7.662000000000001,9.34744107013738,7.297,41.286,1383
2025-04-22T01:29:08.276386Z,2025-04-22T01:29:08.284133Z,7.747000000000001,9.346284682080922,7.297,41.286,1384
2025-04-22T01:29:13.281350Z,2025-04-22T01:29:13.293027Z,11.677,9.347967509025269,7.297,41.286,1385
2025-04-22T01:29:18.291710Z,2025-04-22T01:29:18.300132Z,8.422,9.34729942279942,7.297,41.286,1386
2025-04-22T01:29:23.294799Z,2025-04-22T01:29:23.302991Z,8.192,9.346466474405188,7.297,41.286,1387
2025-04-22T01:29:28.313495Z,2025-04-22T01:29:28.321273Z,7.7780000000000005,9.345336455331411,7.297,41.286,1388
2025-04-22T01:29:33.315556Z,2025-04-22T01:29:33.342665Z,27.109,9.3581252699784,7.297,41.286,1389
2025-04-22T01:29:38.330190Z,2025-04-22T01:29:38.338068Z,7.877999999999999,9.357060431654673,7.297,41.286,1390
2025-04-22T01:29:43.333387Z,2025-04-22T01:29:43.341781Z,8.394,9.35636808051761,7.297,41.286,1391
2025-04-22T01:29:48.354776Z,2025-04-22T01:29:48.362773Z,7.997000000000001,9.355391522988503,7.297,41.286,1392
2025-04-22T01:29:53.349462Z,2025-04-22T01:29:53.361513Z,12.050999999999998,9.357326633165824,7.297,41.286,1393
2025-04-22T01:29:58.370406Z,2025-04-22T01:29:58.378756Z,8.35,9.35660401721664,7.297,41.286,1394
2025-04-22T01:30:03.369444Z,2025-04-22T01:30:03.377388Z,7.944,9.355591397849459,7.297,41.286,1395
2025-04-22T01:30:08.390436Z,2025-04-22T01:30:08.398524Z,8.088,9.354683381088822,7.297,41.286,1396
2025-04-22T01:30:13.389474Z,2025-04-22T01:30:13.397205Z,7.731,9.353521116678595,7.297,41.286,1397
2025-04-22T01:30:18.407360Z,2025-04-22T01:30:18.415610Z,8.25,9.352731759656649,7.297,41.286,1398
2025-04-22T01:30:23.408986Z,2025-04-22T01:30:23.417080Z,8.094000000000001,9.351832022873479,7.297,41.286,1399
2025-04-22T01:30:28.425382Z,2025-04-22T01:30:28.436067Z,10.685,9.352784285714284,7.297,41.286,1400
2025-04-22T01:30:33.428431Z,2025-04-22T01:30:33.436966Z,8.534999999999998,9.352200571020697,7.297,41.286,1401
2025-04-22T01:30:38.445222Z,2025-04-22T01:30:38.453407Z,8.184999999999999,9.35136804564907,7.297,41.286,1402
2025-04-22T01:30:43.444410Z,2025-04-22T01:30:43.452603Z,8.193000000000001,9.350542409123305,7.297,41.286,1403
2025-04-22T01:30:48.465265Z,2025-04-22T01:30:48.476975Z,11.709999999999999,9.352222934472932,7.297,41.286,1404
2025-04-22T01:30:53.465550Z,2025-04-22T01:30:53.473695Z,8.145,9.351363701067614,7.297,41.286,1405
2025-04-22T01:30:58.483201Z,2025-04-22T01:30:58.491576Z,8.375,9.350669274537694,7.297,41.286,1406
2025-04-22T01:31:03.482877Z,2025-04-22T01:31:03.491422Z,8.545,9.350096659559343,7.297,41.286,1407
2025-04-22T01:31:08.502158Z,2025-04-22T01:31:08.513864Z,11.706,9.351769886363632,7.297,41.286,1408
2025-04-22T01:31:13.503323Z,2025-04-22T01:31:13.512146Z,8.822999999999999,9.351394606103616,7.297,41.286,1409
2025-04-22T01:31:18.521250Z,2025-04-22T01:31:18.529273Z,8.023000000000001,9.350452482269501,7.297,41.286,1410
2025-04-22T01:31:23.531232Z,2025-04-22T01:31:23.539142Z,7.91,9.349431608788091,7.297,41.286,1411
2025-04-22T01:31:28.539227Z,2025-04-22T01:31:28.551015Z,11.788,9.351158640226625,7.297,41.286,1412
2025-04-22T01:31:33.542202Z,2025-04-22T01:31:33.550071Z,7.868999999999999,9.35010969568294,7.297,41.286,1413
2025-04-22T01:31:38.559318Z,2025-04-22T01:31:38.567705Z,8.387,9.349428571428568,7.297,41.286,1414
2025-04-22T01:31:43.558180Z,2025-04-22T01:31:43.566024Z,7.844,9.348364664310951,7.297,41.286,1415
2025-04-22T01:31:48.579648Z,2025-04-22T01:31:48.591316Z,11.668,9.350002824858754,7.297,41.286,1416
2025-04-22T01:31:53.578134Z,2025-04-22T01:31:53.586016Z,7.882,9.348966831333803,7.297,41.286,1417
2025-04-22T01:31:58.598090Z,2025-04-22T01:31:58.605760Z,7.67,9.347782792665724,7.297,41.286,1418
2025-04-22T01:32:03.604082Z,2025-04-22T01:32:03.612243Z,8.161,9.34694644115574,7.297,41.286,1419
2025-04-22T01:32:08.613252Z,2025-04-22T01:32:08.625676Z,12.424,9.349113380281688,7.297,41.286,1420
2025-04-22T01:32:13.608542Z,2025-04-22T01:32:13.616594Z,8.052,9.34820056298381,7.297,41.286,1421
2025-04-22T01:32:18.630073Z,2025-04-22T01:32:18.638192Z,8.119,9.34733614627285,7.297,41.286,1422
2025-04-22T01:32:23.632188Z,2025-04-22T01:32:23.640167Z,7.979,9.346374560787066,7.297,41.286,1423
2025-04-22T01:32:28.650022Z,2025-04-22T01:32:28.661829Z,11.807,9.348102528089884,7.297,41.286,1424
2025-04-22T01:32:33.661994Z,2025-04-22T01:32:33.670148Z,8.154,9.347264561403504,7.297,41.286,1425
2025-04-22T01:32:38.667136Z,2025-04-22T01:32:38.675310Z,8.174000000000001,9.346441795231412,7.297,41.286,1426
2025-04-22T01:32:43.660243Z,2025-04-22T01:32:43.668437Z,8.193999999999999,9.345634197617374,7.297,41.286,1427
2025-04-22T01:32:48.690955Z,2025-04-22T01:32:48.703516Z,12.561,9.347885854341733,7.297,41.286,1428
2025-04-22T01:32:53.683173Z,2025-04-22T01:32:53.691807Z,8.633999999999999,9.347386284114762,7.297,41.286,1429
2025-04-22T01:32:58.704049Z,2025-04-22T01:32:58.712219Z,8.17,9.346562937062933,7.297,41.286,1430
2025-04-22T01:33:03.702083Z,2025-04-22T01:33:03.710132Z,8.049000000000001,9.34565618448637,7.297,41.286,1431
2025-04-22T01:33:08.721948Z,2025-04-22T01:33:08.733478Z,11.530000000000001,9.347181564245806,7.297,41.286,1432
2025-04-22T01:33:13.736591Z,2025-04-22T01:33:13.744335Z,7.744,9.346062805303555,7.297,41.286,1433
2025-04-22T01:33:18.737820Z,2025-04-22T01:33:18.746378Z,8.558,9.345513249651322,7.297,41.286,1434
2025-04-22T01:33:23.740032Z,2025-04-22T01:33:23.748441Z,8.408999999999999,9.344860627177697,7.297,41.286,1435
2025-04-22T01:33:28.769548Z,2025-04-22T01:33:28.792126Z,22.578,9.354075905292476,7.297,41.286,1436
2025-04-22T01:33:33.764980Z,2025-04-22T01:33:33.773261Z,8.281,9.353329157967986,7.297,41.286,1437
2025-04-22T01:33:38.777934Z,2025-04-22T01:33:38.785558Z,7.624,9.352126564673155,7.297,41.286,1438
2025-04-22T01:33:43.777034Z,2025-04-22T01:33:43.784619Z,7.585,9.350898540653228,7.297,41.286,1439
2025-04-22T01:33:48.796318Z,2025-04-22T01:33:48.808241Z,11.923,9.35268472222222,7.297,41.286,1440
2025-04-22T01:33:53.797814Z,2025-04-22T01:33:53.805580Z,7.766,9.351583622484384,7.297,41.286,1441
2025-04-22T01:33:58.813854Z,2025-04-22T01:33:58.821907Z,8.052999999999999,9.350683079056862,7.297,41.286,1442
2025-04-22T01:34:03.812792Z,2025-04-22T01:34:03.820622Z,7.83,9.349629244629241,7.297,41.286,1443
2025-04-22T01:34:08.831840Z,2025-04-22T01:34:08.839697Z,7.856999999999999,9.348595567867033,7.297,41.286,1444
2025-04-22T01:34:13.829951Z,2025-04-22T01:34:13.837815Z,7.864,9.347568166089962,7.297,41.286,1445
2025-04-22T01:34:18.849800Z,2025-04-22T01:34:18.857911Z,8.111,9.346713001383122,7.297,41.286,1446
2025-04-22T01:34:23.847224Z,2025-04-22T01:34:23.857662Z,10.437999999999999,9.347467173462332,7.297,41.286,1447
2025-04-22T01:34:28.863574Z,2025-04-22T01:34:28.871791Z,8.217,9.346686464088394,7.297,41.286,1448
2025-04-22T01:34:33.864874Z,2025-04-22T01:34:33.873459Z,8.585,9.3461608005521,7.297,41.286,1449
2025-04-22T01:34:38.887753Z,2025-04-22T01:34:38.896143Z,8.39,9.345501379310342,7.297,41.286,1450
2025-04-22T01:34:43.885894Z,2025-04-22T01:34:43.897506Z,11.612,9.347063404548585,7.297,41.286,1451
2025-04-22T01:34:48.900527Z,2025-04-22T01:34:48.908504Z,7.976999999999999,9.346119834710741,7.297,41.286,1452
2025-04-22T01:34:53.903090Z,2025-04-22T01:34:53.911225Z,8.135,9.345286304198208,7.297,41.286,1453
2025-04-22T01:34:58.936754Z,2025-04-22T01:34:58.945399Z,8.645,9.34480467675378,7.297,41.286,1454
2025-04-22T01:35:03.925762Z,2025-04-22T01:35:03.937599Z,11.837,9.346517525773193,7.297,41.286,1455
2025-04-22T01:35:08.946750Z,2025-04-22T01:35:08.955116Z,8.366,9.34584409340659,7.297,41.286,1456
2025-04-22T01:35:13.945860Z,2025-04-22T01:35:13.953793Z,7.933000000000001,9.344874399450923,7.297,41.286,1457
2025-04-22T01:35:18.966716Z,2025-04-22T01:35:18.975201Z,8.485,9.344284636488338,7.297,41.286,1458
2025-04-22T01:35:23.961634Z,2025-04-22T01:35:23.973222Z,11.588,9.345822481151469,7.297,41.286,1459
2025-04-22T01:35:28.981676Z,2025-04-22T01:35:28.989625Z,7.949,9.344865753424653,7.297,41.286,1460
2025-04-22T01:35:33.980944Z,2025-04-22T01:35:33.989120Z,8.175999999999998,9.344065708418889,7.297,41.286,1461
2025-04-22T01:35:39.003630Z,2025-04-22T01:35:39.011576Z,7.946,9.343109439124484,7.297,41.286,1462
2025-04-22T01:35:44.000763Z,2025-04-22T01:35:44.012716Z,11.953,9.344893369788105,7.297,41.286,1463
2025-04-22T01:35:49.021710Z,2025-04-22T01:35:49.029678Z,7.967999999999999,9.343952868852456,7.297,41.286,1464
2025-04-22T01:35:54.019622Z,2025-04-22T01:35:54.027518Z,7.896,9.342964505119452,7.297,41.286,1465
2025-04-22T01:35:59.042569Z,2025-04-22T01:35:59.050338Z,7.769,9.34189085948158,7.297,41.286,1466
2025-04-22T01:36:04.040570Z,2025-04-22T01:36:04.051890Z,11.32,9.343239263803678,7.297,41.286,1467
2025-04-22T01:36:09.060542Z,2025-04-22T01:36:09.068554Z,8.012,9.342332425068118,7.297,41.286,1468
2025-04-22T01:36:14.059783Z,2025-04-22T01:36:14.068270Z,8.487,9.341750170183797,7.297,41.286,1469
2025-04-22T01:36:19.080526Z,2025-04-22T01:36:19.088632Z,8.106,9.340909523809522,7.297,41.286,1470
2025-04-22T01:36:24.079594Z,2025-04-22T01:36:24.091637Z,12.043,9.342746430999318,7.297,41.286,1471
2025-04-22T01:36:29.098573Z,2025-04-22T01:36:29.106618Z,8.045,9.341864809782606,7.297,41.286,1472
2025-04-22T01:36:34.104955Z,2025-04-22T01:36:34.112700Z,7.745,9.34078071961982,7.297,41.286,1473
2025-04-22T01:36:39.116958Z,2025-04-22T01:36:39.124962Z,8.004000000000001,9.339873812754407,7.297,41.286,1474
2025-04-22T01:36:44.110861Z,2025-04-22T01:36:44.122769Z,11.908,9.341614915254235,7.297,41.286,1475
2025-04-22T01:36:49.133454Z,2025-04-22T01:36:49.141510Z,8.056000000000001,9.340743902439021,7.297,41.286,1476
2025-04-22T01:36:54.144718Z,2025-04-22T01:36:54.152613Z,7.895,9.339765064319563,7.297,41.286,1477
2025-04-22T01:36:59.158566Z,2025-04-22T01:36:59.167281Z,8.715,9.33934235453315,7.297,41.286,1478
2025-04-22T01:37:04.156574Z,2025-04-22T01:37:04.168217Z,11.643,9.340899932386744,7.297,41.286,1479
2025-04-22T01:37:09.173598Z,2025-04-22T01:37:09.181660Z,8.062,9.340035810810807,7.297,41.286,1480
2025-04-22T01:37:14.173540Z,2025-04-22T01:37:14.181398Z,7.8580000000000005,9.339035111411206,7.297,41.286,1481
2025-04-22T01:37:19.196262Z,2025-04-22T01:37:19.203791Z,7.529,9.337813765182183,7.297,41.286,1482
2025-04-22T01:37:24.198374Z,2025-04-22T01:37:24.221414Z,23.040000000000003,9.347053270397838,7.297,41.286,1483
2025-04-22T01:37:29.209961Z,2025-04-22T01:37:29.217587Z,7.626,9.345893530997303,7.297,41.286,1484
2025-04-22T01:37:34.216270Z,2025-04-22T01:37:34.224306Z,8.036,9.345011447811446,7.297,41.286,1485
2025-04-22T01:37:39.229390Z,2025-04-22T01:37:39.237170Z,7.779999999999999,9.343958277254371,7.297,41.286,1486
2025-04-22T01:37:44.229378Z,2025-04-22T01:37:44.241392Z,12.014000000000001,9.345753866845998,7.297,41.286,1487
2025-04-22T01:37:49.249779Z,2025-04-22T01:37:49.258072Z,8.293,9.34504637096774,7.297,41.286,1488
2025-04-22T01:37:54.248354Z,2025-04-22T01:37:54.256290Z,7.936,9.344100067159166,7.297,41.286,1489
2025-04-22T01:37:59.269297Z,2025-04-22T01:37:59.277299Z,8.002,9.34319932885906,7.297,41.286,1490
2025-04-22T01:38:04.266296Z,2025-04-22T01:38:04.278158Z,11.862,9.344888665325284,7.297,41.286,1491
2025-04-22T01:38:09.285288Z,2025-04-22T01:38:09.293319Z,8.031,9.344008042895442,7.297,41.286,1492
2025-04-22T01:38:14.285319Z,2025-04-22T01:38:14.293473Z,8.154,9.343210984594775,7.297,41.286,1493
2025-04-22T01:38:19.304490Z,2025-04-22T01:38:19.312881Z,8.391,9.342573627844711,7.297,41.286,1494
2025-04-22T01:38:24.305199Z,2025-04-22T01:38:24.312928Z,7.729,9.34149431438127,7.297,41.286,1495
2025-04-22T01:38:29.333754Z,2025-04-22T01:38:29.341491Z,7.737,9.34042179144385,7.297,41.286,1496
2025-04-22T01:38:34.326201Z,2025-04-22T01:38:34.334373Z,8.172,9.33964128256513,7.297,41.286,1497
2025-04-22T01:38:39.343402Z,2025-04-22T01:38:39.354786Z,11.384,9.34100600801068,7.297,41.286,1498
2025-04-22T01:38:44.344214Z,2025-04-22T01:38:44.352343Z,8.129000000000001,9.34019746497665,7.297,41.286,1499
2025-04-22T01:38:49.364258Z,2025-04-22T01:38:49.372442Z,8.184000000000001,9.339426666666666,7.297,41.286,1500
2025-04-22T01:38:54.360163Z,2025-04-22T01:38:54.368530Z,8.366999999999999,9.338778814123916,7.297,41.286,1501
2025-04-22T01:38:59.377300Z,2025-04-22T01:38:59.389360Z,12.059999999999999,9.340590545938747,7.297,41.286,1502
2025-04-22T01:39:04.379224Z,2025-04-22T01:39:04.387084Z,7.86,9.339605455755157,7.297,41.286,1503
2025-04-22T01:39:09.398110Z,2025-04-22T01:39:09.406261Z,8.151,9.338815159574466,7.297,41.286,1504
2025-04-22T01:39:14.393750Z,2025-04-22T01:39:14.402036Z,8.286,9.338115614617939,7.297,41.286,1505
2025-04-22T01:39:19.415156Z,2025-04-22T01:39:19.426847Z,11.691,9.339677954847277,7.297,41.286,1506
2025-04-22T01:39:24.416140Z,2025-04-22T01:39:24.424110Z,7.97,9.338769077637691,7.297,41.286,1507
2025-04-22T01:39:29.435969Z,2025-04-22T01:39:29.443635Z,7.666,9.337659814323608,7.297,41.286,1508
2025-04-22T01:39:34.431840Z,2025-04-22T01:39:34.439882Z,8.042,9.336801192842941,7.297,41.286,1509
2025-04-22T01:39:39.452206Z,2025-04-22T01:39:39.464501Z,12.295,9.338760264900662,7.297,41.286,1510
2025-04-22T01:39:44.454200Z,2025-04-22T01:39:44.462281Z,8.081,9.33792786234282,7.297,41.286,1511
2025-04-22T01:39:49.475541Z,2025-04-22T01:39:49.483672Z,8.131,9.337129629629631,7.297,41.286,1512
2025-04-22T01:39:54.472129Z,2025-04-22T01:39:54.480248Z,8.119,9.336324520819565,7.297,41.286,1513
2025-04-22T01:39:59.501975Z,2025-04-22T01:39:59.513997Z,12.022,9.338098414795246,7.297,41.286,1514
2025-04-22T01:40:04.488301Z,2025-04-22T01:40:04.496361Z,8.059999999999999,9.33725478547855,7.297,41.286,1515
2025-04-22T01:40:09.510070Z,2025-04-22T01:40:09.517950Z,7.88,9.336293535620054,7.297,41.286,1516
2025-04-22T01:40:14.523965Z,2025-04-22T01:40:14.532012Z,8.047,9.335443638760713,7.297,41.286,1517
2025-04-22T01:40:19.530035Z,2025-04-22T01:40:19.542912Z,12.876999999999999,9.337776679841898,7.297,41.286,1518
2025-04-22T01:40:24.531933Z,2025-04-22T01:40:24.540143Z,8.21,9.33703423304806,7.297,41.286,1519
2025-04-22T01:40:29.555088Z,2025-04-22T01:40:29.563413Z,8.325000000000001,9.336368421052631,7.297,41.286,1520
2025-04-22T01:40:34.545065Z,2025-04-22T01:40:34.552954Z,7.889,9.335416831032216,7.297,41.286,1521
2025-04-22T01:40:39.565866Z,2025-04-22T01:40:39.577679Z,11.813,9.337044678055191,7.297,41.286,1522
2025-04-22T01:40:44.565965Z,2025-04-22T01:40:44.574144Z,8.179,9.336284307288247,7.297,41.286,1523
2025-04-22T01:40:49.587908Z,2025-04-22T01:40:49.595761Z,7.853000000000001,9.33531102362205,7.297,41.286,1524
2025-04-22T01:40:54.582697Z,2025-04-22T01:40:54.590724Z,8.027,9.3344531147541,7.297,41.286,1525
2025-04-22T01:40:59.600617Z,2025-04-22T01:40:59.612489Z,11.872,9.336115989515076,7.297,41.286,1526
2025-04-22T01:41:04.603965Z,2025-04-22T01:41:04.612609Z,8.644,9.335662737393584,7.297,41.286,1527
2025-04-22T01:41:09.620929Z,2025-04-22T01:41:09.628588Z,7.659,9.33456544502618,7.297,41.286,1528
2025-04-22T01:41:14.619953Z,2025-04-22T01:41:14.628077Z,8.123999999999999,9.333773708306087,7.297,41.286,1529
2025-04-22T01:41:19.641772Z,2025-04-22T01:41:19.664554Z,22.782,9.342563398692812,7.297,41.286,1530
2025-04-22T01:41:24.641766Z,2025-04-22T01:41:24.649621Z,7.8549999999999995,9.341591770084914,7.297,41.286,1531
2025-04-22T01:41:29.659730Z,2025-04-22T01:41:29.667944Z,8.214,9.340855744125328,7.297,41.286,1532
2025-04-22T01:41:34.661675Z,2025-04-22T01:41:34.669845Z,8.17,9.340091976516637,7.297,41.286,1533
2025-04-22T01:41:39.678729Z,2025-04-22T01:41:39.690343Z,11.613999999999999,9.341574315514997,7.297,41.286,1534
2025-04-22T01:41:44.678698Z,2025-04-22T01:41:44.686826Z,8.128,9.34078371335505,7.297,41.286,1535
2025-04-22T01:41:49.698188Z,2025-04-22T01:41:49.706675Z,8.487,9.340227864583335,7.297,41.286,1536
2025-04-22T01:41:54.693747Z,2025-04-22T01:41:54.701935Z,8.188,9.339478204294082,7.297,41.286,1537
2025-04-22T01:41:59.713648Z,2025-04-22T01:41:59.725728Z,12.08,9.341260078023408,7.297,41.286,1538
2025-04-22T01:42:04.712707Z,2025-04-22T01:42:04.720752Z,8.045,9.340417803768682,7.297,41.286,1539
2025-04-22T01:42:09.734647Z,2025-04-22T01:42:09.743188Z,8.541,9.339898701298702,7.297,41.286,1540
2025-04-22T01:42:14.731844Z,2025-04-22T01:42:14.739919Z,8.075000000000001,9.339077871512005,7.297,41.286,1541
2025-04-22T01:42:19.749042Z,2025-04-22T01:42:19.761849Z,12.807,9.341326848249029,7.297,41.286,1542
2025-04-22T01:42:24.750724Z,2025-04-22T01:42:24.758746Z,8.022,9.340471808165912,7.297,41.286,1543
2025-04-22T01:42:29.769614Z,2025-04-22T01:42:29.777948Z,8.334,9.339819948186529,7.297,41.286,1544
2025-04-22T01:42:34.770560Z,2025-04-22T01:42:34.778417Z,7.856999999999999,9.338860194174757,7.297,41.286,1545
2025-04-22T01:42:39.798662Z,2025-04-22T01:42:39.806826Z,8.164,9.338100258732213,7.297,41.286,1546
2025-04-22T01:42:44.783912Z,2025-04-22T01:42:44.792761Z,8.848999999999998,9.337784098254687,7.297,41.286,1547
2025-04-22T01:42:49.804557Z,2025-04-22T01:42:49.812678Z,8.121,9.336998062015505,7.297,41.286,1548
2025-04-22T01:42:54.803055Z,2025-04-22T01:42:54.813968Z,10.913,9.338015493867012,7.297,41.286,1549
2025-04-22T01:42:59.827473Z,2025-04-22T01:42:59.835445Z,7.9719999999999995,9.337134193548387,7.297,41.286,1550
2025-04-22T01:43:04.823421Z,2025-04-22T01:43:04.831405Z,7.984,9.336261766602194,7.297,41.286,1551
2025-04-22T01:43:09.844400Z,2025-04-22T01:43:09.852505Z,8.104999999999999,9.335468427835053,7.297,41.286,1552
2025-04-22T01:43:14.846447Z,2025-04-22T01:43:14.858015Z,11.568,9.33690598840953,7.297,41.286,1553
2025-04-22T01:43:19.863463Z,2025-04-22T01:43:19.871454Z,7.991,9.3360398970399,7.297,41.286,1554
2025-04-22T01:43:24.861082Z,2025-04-22T01:43:24.869238Z,8.156,9.335281028938908,7.297,41.286,1555
2025-04-22T01:43:29.887492Z,2025-04-22T01:43:29.895398Z,7.906,9.334362467866326,7.297,41.286,1556
2025-04-22T01:43:34.882606Z,2025-04-22T01:43:34.894407Z,11.801,9.335946692357098,7.297,41.286,1557
2025-04-22T01:43:39.900392Z,2025-04-22T01:43:39.908499Z,8.107,9.335157894736843,7.297,41.286,1558
2025-04-22T01:43:44.895287Z,2025-04-22T01:43:44.903015Z,7.728,9.33412700449006,7.297,41.286,1559
2025-04-22T01:43:49.920647Z,2025-04-22T01:43:49.928827Z,8.18,9.333387179487183,7.297,41.286,1560
2025-04-22T01:43:54.914513Z,2025-04-22T01:43:54.926170Z,11.657,9.334875720691867,7.297,41.286,1561
2025-04-22T01:43:59.938302Z,2025-04-22T01:43:59.946593Z,8.291,9.334207426376441,7.297,41.286,1562
2025-04-22T01:44:04.935358Z,2025-04-22T01:44:04.943585Z,8.227,9.333499040307103,7.297,41.286,1563
2025-04-22T01:44:09.956306Z,2025-04-22T01:44:09.964523Z,8.217,9.332785166240411,7.297,41.286,1564
2025-04-22T01:44:14.954486Z,2025-04-22T01:44:14.966448Z,11.962,9.33446517571885,7.297,41.286,1565
2025-04-22T01:44:19.974210Z,2025-04-22T01:44:19.982450Z,8.24,9.333766283524907,7.297,41.286,1566
2025-04-22T01:44:24.978404Z,2025-04-22T01:44:24.987374Z,8.97,9.333534141671988,7.297,41.286,1567
2025-04-22T01:44:30.005256Z,2025-04-22T01:44:30.013574Z,8.318000000000001,9.332886479591838,7.297,41.286,1568
2025-04-22T01:44:34.996434Z,2025-04-22T01:44:35.008734Z,12.3,9.334777565328237,7.297,41.286,1569
2025-04-22T01:44:40.010380Z,2025-04-22T01:44:40.018247Z,7.867000000000001,9.333842675159236,7.297,41.286,1570
2025-04-22T01:44:45.018540Z,2025-04-22T01:44:45.026303Z,7.763,9.332842775302357,7.297,41.286,1571
2025-04-22T01:44:50.031287Z,2025-04-22T01:44:50.039408Z,8.121,9.332071882951656,7.297,41.286,1572
2025-04-22T01:44:55.030197Z,2025-04-22T01:44:55.042457Z,12.26,9.333933248569611,7.297,41.286,1573
2025-04-22T01:45:00.054358Z,2025-04-22T01:45:00.062277Z,7.9190000000000005,9.333034307496824,7.297,41.286,1574
2025-04-22T01:45:05.048284Z,2025-04-22T01:45:05.056658Z,8.373999999999999,9.332425396825398,7.297,41.286,1575
2025-04-22T01:45:10.068069Z,2025-04-22T01:45:10.075800Z,7.731,9.331409263959392,7.297,41.286,1576
2025-04-22T01:45:15.066338Z,2025-04-22T01:45:15.089358Z,23.02,9.34008941027267,7.297,41.286,1577
2025-04-22T01:45:20.102487Z,2025-04-22T01:45:20.111031Z,8.543999999999999,9.339584917617238,7.297,41.286,1578
2025-04-22T01:45:25.087505Z,2025-04-22T01:45:25.095705Z,8.200000000000001,9.33886320455985,7.297,41.286,1579
2025-04-22T01:45:30.108152Z,2025-04-22T01:45:30.115935Z,7.783,9.337878481012659,7.297,41.286,1580
2025-04-22T01:45:35.112088Z,2025-04-22T01:45:35.124051Z,11.963,9.33953889943074,7.297,41.286,1581
2025-04-22T01:45:40.129134Z,2025-04-22T01:45:40.137620Z,8.486,9.33899936788875,7.297,41.286,1582
2025-04-22T01:45:45.126474Z,2025-04-22T01:45:45.134668Z,8.193999999999999,9.338276058117499,7.297,41.286,1583
2025-04-22T01:45:50.149000Z,2025-04-22T01:45:50.157190Z,8.19,9.337551136363636,7.297,41.286,1584
2025-04-22T01:45:55.152173Z,2025-04-22T01:45:55.164613Z,12.44,9.33950851735016,7.297,41.286,1585
2025-04-22T01:46:00.163334Z,2025-04-22T01:46:00.171116Z,7.782,9.338526481715007,7.297,41.286,1586
2025-04-22T01:46:05.165093Z,2025-04-22T01:46:05.173782Z,8.689,9.338117202268434,7.297,41.286,1587
2025-04-22T01:46:10.186972Z,2025-04-22T01:46:10.195300Z,8.328000000000001,9.337481108312343,7.297,41.286,1588
2025-04-22T01:46:15.185025Z,2025-04-22T01:46:15.192796Z,7.771,9.336495280050348,7.297,41.286,1589
2025-04-22T01:46:20.201951Z,2025-04-22T01:46:20.210084Z,8.133,9.335738364779877,7.297,41.286,1590
2025-04-22T01:46:25.207039Z,2025-04-22T01:46:25.214849Z,7.8100000000000005,9.3347793840352,7.297,41.286,1591
2025-04-22T01:46:30.224083Z,2025-04-22T01:46:30.234748Z,10.665,9.335614949748745,7.297,41.286,1592
2025-04-22T01:46:35.220371Z,2025-04-22T01:46:35.228476Z,8.104999999999999,9.334842435655997,7.297,41.286,1593
2025-04-22T01:46:40.240065Z,2025-04-22T01:46:40.248412Z,8.347,9.334222710163115,7.297,41.286,1594
2025-04-22T01:46:45.238056Z,2025-04-22T01:46:45.246220Z,8.164,9.333489028213169,7.297,41.286,1595
2025-04-22T01:46:50.267553Z,2025-04-22T01:46:50.281164Z,13.611,9.336169172932333,7.297,41.286,1596
2025-04-22T01:46:55.256323Z,2025-04-22T01:46:55.264990Z,8.667,9.335750156543522,7.297,41.286,1597
2025-04-22T01:47:00.314174Z,2025-04-22T01:47:00.322178Z,8.004000000000001,9.334916770963707,7.297,41.286,1598
2025-04-22T01:47:05.281805Z,2025-04-22T01:47:05.289866Z,8.061,9.334120075046906,7.297,41.286,1599
2025-04-22T01:47:10.291956Z,2025-04-22T01:47:10.303719Z,11.763,9.335638125000003,7.297,41.286,1600
2025-04-22T01:47:15.293140Z,2025-04-22T01:47:15.301228Z,8.088,9.334858838226111,7.297,41.286,1601
2025-04-22T01:47:20.313878Z,2025-04-22T01:47:20.321579Z,7.7010000000000005,9.333838951310865,7.297,41.286,1602
2025-04-22T01:47:25.311440Z,2025-04-22T01:47:25.319666Z,8.226,9.333147847785407,7.297,41.286,1603
2025-04-22T01:47:30.332836Z,2025-04-22T01:47:30.344346Z,11.51,9.334504987531176,7.297,41.286,1604
2025-04-22T01:47:35.334729Z,2025-04-22T01:47:35.342415Z,7.686,9.33347788161994,7.297,41.286,1605
2025-04-22T01:47:40.349993Z,2025-04-22T01:47:40.358006Z,8.013,9.33265566625156,7.297,41.286,1606
2025-04-22T01:47:45.352748Z,2025-04-22T01:47:45.361055Z,8.307,9.332017423771005,7.297,41.286,1607
2025-04-22T01:47:50.369312Z,2025-04-22T01:47:50.381140Z,11.828,9.333569651741296,7.297,41.286,1608
2025-04-22T01:47:55.369692Z,2025-04-22T01:47:55.377803Z,8.111,9.332809819763831,7.297,41.286,1609
2025-04-22T01:48:00.384408Z,2025-04-22T01:48:00.392685Z,8.277,9.332154037267083,7.297,41.286,1610
2025-04-22T01:48:05.383736Z,2025-04-22T01:48:05.391703Z,7.9670000000000005,9.33130664183737,7.297,41.286,1611
2025-04-22T01:48:10.401614Z,2025-04-22T01:48:10.413161Z,11.547,9.332681141439208,7.297,41.286,1612
2025-04-22T01:48:15.395906Z,2025-04-22T01:48:15.403981Z,8.075000000000001,9.331901425914447,7.297,41.286,1613
2025-04-22T01:48:20.422692Z,2025-04-22T01:48:20.431382Z,8.69,9.33150371747212,7.297,41.286,1614
2025-04-22T01:48:25.424758Z,2025-04-22T01:48:25.432527Z,7.769,9.330536222910219,7.297,41.286,1615
2025-04-22T01:48:30.458228Z,2025-04-22T01:48:30.471010Z,12.782,9.332672029702973,7.297,41.286,1616
2025-04-22T01:48:35.447040Z,2025-04-22T01:48:35.455009Z,7.969,9.33182869511441,7.297,41.286,1617
2025-04-22T01:48:40.474578Z,2025-04-22T01:48:40.482912Z,8.334,9.33121199011125,7.297,41.286,1618
2025-04-22T01:48:45.463509Z,2025-04-22T01:48:45.471754Z,8.245000000000001,9.330541074737493,7.297,41.286,1619
2025-04-22T01:48:50.478597Z,2025-04-22T01:48:50.490132Z,11.535,9.331901851851853,7.297,41.286,1620
2025-04-22T01:48:55.478551Z,2025-04-22T01:48:55.486765Z,8.214,9.331212214682296,7.297,41.286,1621
2025-04-22T01:49:00.499544Z,2025-04-22T01:49:00.507936Z,8.392,9.330633168927251,7.297,41.286,1622
2025-04-22T01:49:05.494289Z,2025-04-22T01:49:05.501633Z,7.343999999999999,9.329409118915592,7.297,41.286,1623
2025-04-22T01:49:10.539446Z,2025-04-22T01:49:10.563612Z,24.166,9.33854495073892,7.297,41.286,1624
2025-04-22T01:49:15.519390Z,2025-04-22T01:49:15.527278Z,7.887999999999999,9.33765230769231,7.297,41.286,1625
2025-04-22T01:49:20.532464Z,2025-04-22T01:49:20.539860Z,7.396,9.336458179581799,7.297,41.286,1626
2025-04-22T01:49:25.537538Z,2025-04-22T01:49:25.545332Z,7.794,9.335510141364475,7.297,41.286,1627
2025-04-22T01:49:30.554493Z,2025-04-22T01:49:30.566732Z,12.239,9.337293611793614,7.297,41.286,1628
2025-04-22T01:49:35.553760Z,2025-04-22T01:49:35.561922Z,8.162,9.336572130141192,7.297,41.286,1629
2025-04-22T01:49:40.573479Z,2025-04-22T01:49:40.581546Z,8.067,9.335793251533744,7.297,41.286,1630
2025-04-22T01:49:45.569445Z,2025-04-22T01:49:45.577321Z,7.8759999999999994,9.334898221949725,7.297,41.286,1631
2025-04-22T01:49:50.593653Z,2025-04-22T01:49:50.601645Z,7.992000000000001,9.334075367647062,7.297,41.286,1632
2025-04-22T01:49:55.596258Z,2025-04-22T01:49:55.604036Z,7.7780000000000005,9.333122473974283,7.297,41.286,1633
2025-04-22T01:50:00.612356Z,2025-04-22T01:50:00.620522Z,8.166,9.332408200734395,7.297,41.286,1634
2025-04-22T01:50:05.611535Z,2025-04-22T01:50:05.621848Z,10.312999999999999,9.333007951070337,7.297,41.286,1635
2025-04-22T01:50:10.631540Z,2025-04-22T01:50:10.640283Z,8.743,9.33264731051345,7.297,41.286,1636
2025-04-22T01:50:15.623336Z,2025-04-22T01:50:15.631545Z,8.209,9.331960904092854,7.297,41.286,1637
2025-04-22T01:50:20.647286Z,2025-04-22T01:50:20.655447Z,8.161,9.331246031746034,7.297,41.286,1638
2025-04-22T01:50:25.647588Z,2025-04-22T01:50:25.659516Z,11.927999999999999,9.332830384380722,7.297,41.286,1639
2025-04-22T01:50:30.667200Z,2025-04-22T01:50:30.674840Z,7.64,9.331798170731709,7.297,41.286,1640
2025-04-22T01:50:35.664532Z,2025-04-22T01:50:35.672627Z,8.095,9.331044485070082,7.297,41.286,1641
2025-04-22T01:50:40.687389Z,2025-04-22T01:50:40.695347Z,7.958,9.33020828258222,7.297,41.286,1642
2025-04-22T01:50:45.687395Z,2025-04-22T01:50:45.698872Z,11.476999999999999,9.331514911746806,7.297,41.286,1643
2025-04-22T01:50:50.715070Z,2025-04-22T01:50:50.723316Z,8.246,9.330854622871048,7.297,41.286,1644
2025-04-22T01:50:55.709688Z,2025-04-22T01:50:55.717260Z,7.572,9.329785410334349,7.297,41.286,1645
2025-04-22T01:51:00.728195Z,2025-04-22T01:51:00.736793Z,8.597999999999999,9.329340826245444,7.297,41.286,1646
2025-04-22T01:51:05.727206Z,2025-04-22T01:51:05.739068Z,11.862,9.330878567091684,7.297,41.286,1647
2025-04-22T01:51:10.744233Z,2025-04-22T01:51:10.752379Z,8.146,9.330159587378642,7.297,41.286,1648
2025-04-22T01:51:15.736796Z,2025-04-22T01:51:15.745128Z,8.332,9.329554275318376,7.297,41.286,1649
2025-04-22T01:51:20.761147Z,2025-04-22T01:51:20.769340Z,8.193000000000001,9.328865454545456,7.297,41.286,1650
2025-04-22T01:51:25.759535Z,2025-04-22T01:51:25.771443Z,11.908,9.330427619624473,7.297,41.286,1651
2025-04-22T01:51:30.782287Z,2025-04-22T01:51:30.790748Z,8.461,9.32990133171913,7.297,41.286,1652
2025-04-22T01:51:35.784180Z,2025-04-22T01:51:35.792366Z,8.186,9.329209316394437,7.297,41.286,1653
2025-04-22T01:51:40.799040Z,2025-04-22T01:51:40.806835Z,7.795,9.328281741233376,7.297,41.286,1654
2025-04-22T01:51:45.802019Z,2025-04-22T01:51:45.813832Z,11.813,9.329783081570998,7.297,41.286,1655
2025-04-22T01:51:50.820550Z,2025-04-22T01:51:50.828978Z,8.427999999999999,9.32923852657005,7.297,41.286,1656
2025-04-22T01:51:55.816397Z,2025-04-22T01:51:55.824400Z,8.003,9.328438141219072,7.297,41.286,1657
2025-04-22T01:52:00.837001Z,2025-04-22T01:52:00.845289Z,8.288,9.327810615199036,7.297,41.286,1658
2025-04-22T01:52:05.838060Z,2025-04-22T01:52:05.850006Z,11.946,9.329388788426765,7.297,41.286,1659
2025-04-22T01:52:10.855997Z,2025-04-22T01:52:10.863884Z,7.887,9.328519879518074,7.297,41.286,1660
2025-04-22T01:52:15.851592Z,2025-04-22T01:52:15.859413Z,7.821,9.327612281757979,7.297,41.286,1661
2025-04-22T01:52:20.873931Z,2025-04-22T01:52:20.881973Z,8.042,9.32683874849579,7.297,41.286,1662
2025-04-22T01:52:25.875022Z,2025-04-22T01:52:25.887091Z,12.068999999999999,9.328487672880339,7.297,41.286,1663
2025-04-22T01:52:30.888982Z,2025-04-22T01:52:30.896807Z,7.825,9.327584134615387,7.297,41.286,1664
2025-04-22T01:52:35.885471Z,2025-04-22T01:52:35.894038Z,8.567,9.327127327327329,7.297,41.286,1665
2025-04-22T01:52:40.927903Z,2025-04-22T01:52:40.936289Z,8.386,9.326562424969989,7.297,41.286,1666
2025-04-22T01:52:45.907960Z,2025-04-22T01:52:45.920012Z,12.052,9.328197360527897,7.297,41.286,1667
2025-04-22T01:52:50.927891Z,2025-04-22T01:52:50.936150Z,8.259,9.32755635491607,7.297,41.286,1668
2025-04-22T01:52:55.925248Z,2025-04-22T01:52:55.933197Z,7.949,9.326730377471542,7.297,41.286,1669
2025-04-22T01:53:00.953458Z,2025-04-22T01:53:00.961952Z,8.494,9.32623173652695,7.297,41.286,1670
2025-04-22T01:53:05.945916Z,2025-04-22T01:53:05.968850Z,22.934,9.334375224416519,7.297,41.286,1671
2025-04-22T01:53:10.964786Z,2025-04-22T01:53:10.973217Z,8.431,9.333834928229667,7.297,41.286,1672
2025-04-22T01:53:15.964249Z,2025-04-22T01:53:15.971990Z,7.741,9.332882845188287,7.297,41.286,1673
2025-04-22T01:53:20.984172Z,2025-04-22T01:53:20.992086Z,7.913999999999999,9.332035244922343,7.297,41.286,1674
2025-04-22T01:53:25.983924Z,2025-04-22T01:53:25.996321Z,12.397,9.333865074626868,7.297,41.286,1675
2025-04-22T01:53:31.012331Z,2025-04-22T01:53:31.020290Z,7.9590000000000005,9.333044749403344,7.297,41.286,1676
2025-04-22T01:53:36.004334Z,2025-04-22T01:53:36.012526Z,8.192,9.332364341085272,7.297,41.286,1677
2025-04-22T01:53:41.046687Z,2025-04-22T01:53:41.055191Z,8.504,9.331870679380216,7.297,41.286,1678
2025-04-22T01:53:46.016192Z,2025-04-22T01:53:46.024830Z,8.638,9.331457415128053,7.297,41.286,1679
2025-04-22T01:53:51.036070Z,2025-04-22T01:53:51.044462Z,8.392,9.330898214285716,7.297,41.286,1680
2025-04-22T01:53:56.035688Z,2025-04-22T01:53:56.043975Z,8.286999999999999,9.33027721594289,7.297,41.286,1681
2025-04-22T01:54:01.060735Z,2025-04-22T01:54:01.071734Z,10.999,9.331269322235435,7.297,41.286,1682
2025-04-22T01:54:06.055499Z,2025-04-22T01:54:06.064189Z,8.69,9.330888294711825,7.297,41.286,1683
2025-04-22T01:54:11.077667Z,2025-04-22T01:54:11.085976Z,8.309000000000001,9.330281472684087,7.297,41.286,1684
2025-04-22T01:54:16.081730Z,2025-04-22T01:54:16.090066Z,8.336,9.329691394658754,7.297,41.286,1685
2025-04-22T01:54:21.098598Z,2025-04-22T01:54:21.110664Z,12.066,9.331314353499408,7.297,41.286,1686
2025-04-22T01:54:26.098770Z,2025-04-22T01:54:26.107091Z,8.321,9.330715471250743,7.297,41.286,1687
2025-04-22T01:54:31.114617Z,2025-04-22T01:54:31.122653Z,8.036,9.329948459715641,7.297,41.286,1688
2025-04-22T01:54:36.115627Z,2025-04-22T01:54:36.123820Z,8.193000000000001,9.329275310834817,7.297,41.286,1689
2025-04-22T01:54:41.138802Z,2025-04-22T01:54:41.151067Z,12.265,9.331012426035505,7.297,41.286,1690
2025-04-22T01:54:46.131790Z,2025-04-22T01:54:46.140108Z,8.318000000000001,9.330413364872859,7.297,41.286,1691
2025-04-22T01:54:51.148708Z,2025-04-22T01:54:51.157011Z,8.302999999999999,9.329806146572105,7.297,41.286,1692
2025-04-22T01:54:56.159532Z,2025-04-22T01:54:56.167453Z,7.920999999999999,9.328974010632015,7.297,41.286,1693
2025-04-22T01:55:01.170718Z,2025-04-22T01:55:01.182469Z,11.751,9.330403778040143,7.297,41.286,1694
2025-04-22T01:55:06.167616Z,2025-04-22T01:55:06.175760Z,8.144,9.32970383480826,7.297,41.286,1695
2025-04-22T01:55:11.195859Z,2025-04-22T01:55:11.207016Z,11.157,9.330781250000001,7.297,41.286,1696
2025-04-22T01:55:16.188604Z,2025-04-22T01:55:16.196926Z,8.322,9.330186800235712,7.297,41.286,1697
2025-04-22T01:55:21.207476Z,2025-04-22T01:55:21.219564Z,12.088,9.331810954063606,7.297,41.286,1698
2025-04-22T01:55:26.210478Z,2025-04-22T01:55:26.218494Z,8.016,9.33103649205415,7.297,41.286,1699
2025-04-22T01:55:31.226565Z,2025-04-22T01:55:31.234742Z,8.177,9.330357647058824,7.297,41.286,1700
2025-04-22T01:55:36.224050Z,2025-04-22T01:55:36.232426Z,8.376,9.329796590241036,7.297,41.286,1701
2025-04-22T01:55:41.244621Z,2025-04-22T01:55:41.256486Z,11.865,9.331286133960049,7.297,41.286,1702
2025-04-22T01:55:46.243494Z,2025-04-22T01:55:46.251636Z,8.142,9.330587786259542,7.297,41.286,1703
2025-04-22T01:55:51.263383Z,2025-04-22T01:55:51.271200Z,7.816999999999999,9.329699530516432,7.297,41.286,1704
2025-04-22T01:55:56.260834Z,2025-04-22T01:55:56.269466Z,8.632000000000001,9.329290322580647,7.297,41.286,1705
2025-04-22T01:56:01.283496Z,2025-04-22T01:56:01.295294Z,11.798,9.330737397420869,7.297,41.286,1706
2025-04-22T01:56:06.297374Z,2025-04-22T01:56:06.304855Z,7.481,9.329653778558878,7.297,41.286,1707
2025-04-22T01:56:11.299436Z,2025-04-22T01:56:11.307465Z,8.029,9.328892271662765,7.297,41.286,1708
2025-04-22T01:56:16.295687Z,2025-04-22T01:56:16.303983Z,8.296,9.328287887653602,7.297,41.286,1709
2025-04-22T01:56:21.317274Z,2025-04-22T01:56:21.329355Z,12.081,9.329897660818716,7.297,41.286,1710
2025-04-22T01:56:26.317742Z,2025-04-22T01:56:26.325698Z,7.9559999999999995,9.329094681472824,7.297,41.286,1711
2025-04-22T01:56:31.336342Z,2025-04-22T01:56:31.344276Z,7.934,9.328279789719629,7.297,41.286,1712
2025-04-22T01:56:36.334387Z,2025-04-22T01:56:36.342098Z,7.711,9.327335668417984,7.297,41.286,1713
2025-04-22T01:56:41.354195Z,2025-04-22T01:56:41.365541Z,11.346,9.328513418903151,7.297,41.286,1714
2025-04-22T01:56:46.353260Z,2025-04-22T01:56:46.361493Z,8.233,9.327874635568516,7.297,41.286,1715
2025-04-22T01:56:51.381206Z,2025-04-22T01:56:51.389610Z,8.404,9.327336247086249,7.297,41.286,1716
2025-04-22T01:56:56.373587Z,2025-04-22T01:56:56.381567Z,7.9799999999999995,9.326551543389634,7.297,41.286,1717
2025-04-22T01:57:01.392198Z,2025-04-22T01:57:01.415869Z,23.671,9.33490104772992,7.297,41.286,1718
2025-04-22T01:57:06.423920Z,2025-04-22T01:57:06.432164Z,8.244,9.334266433973244,7.297,41.286,1719
2025-04-22T01:57:11.410425Z,2025-04-22T01:57:11.418610Z,8.184999999999999,9.333598255813957,7.297,41.286,1720
2025-04-22T01:57:16.409146Z,2025-04-22T01:57:16.417402Z,8.256,9.332972109238817,7.297,41.286,1721
2025-04-22T01:57:21.425654Z,2025-04-22T01:57:21.437603Z,11.949,9.33449128919861,7.297,41.286,1722
2025-04-22T01:57:26.429109Z,2025-04-22T01:57:26.437528Z,8.418999999999999,9.33395995356936,7.297,41.286,1723
2025-04-22T01:57:31.445115Z,2025-04-22T01:57:31.453262Z,8.147,9.333271461716942,7.297,41.286,1724
2025-04-22T01:57:36.446174Z,2025-04-22T01:57:36.455102Z,8.928,9.333036521739135,7.297,41.286,1725
2025-04-22T01:57:41.465079Z,2025-04-22T01:57:41.477294Z,12.215,9.334706257242184,7.297,41.286,1726
2025-04-22T01:57:46.464100Z,2025-04-22T01:57:46.472008Z,7.908,9.333880138969317,7.297,41.286,1727
2025-04-22T01:57:51.482479Z,2025-04-22T01:57:51.490533Z,8.054,9.333139467592598,7.297,41.286,1728
2025-04-22T01:57:56.479214Z,2025-04-22T01:57:56.487169Z,7.955,9.332342394447664,7.297,41.286,1729
2025-04-22T01:58:01.501046Z,2025-04-22T01:58:01.509415Z,8.369,9.331785549132952,7.297,41.286,1730
2025-04-22T01:58:06.502969Z,2025-04-22T01:58:06.511322Z,8.353,9.33122010398614,7.297,41.286,1731
2025-04-22T01:58:11.519045Z,2025-04-22T01:58:11.527149Z,8.104,9.330511547344116,7.297,41.286,1732
2025-04-22T01:58:16.519051Z,2025-04-22T01:58:16.529747Z,10.696000000000002,9.331299480669363,7.297,41.286,1733
2025-04-22T01:58:21.542137Z,2025-04-22T01:58:21.551257Z,9.12,9.331177623990778,7.297,41.286,1734
2025-04-22T01:58:26.541058Z,2025-04-22T01:58:26.549045Z,7.986999999999999,9.330402881844384,7.297,41.286,1735
2025-04-22T01:58:31.568462Z,2025-04-22T01:58:31.576752Z,8.290000000000001,9.329803571428574,7.297,41.286,1736
2025-04-22T01:58:36.561901Z,2025-04-22T01:58:36.573679Z,11.778,9.331213010938402,7.297,41.286,1737
2025-04-22T01:58:41.575228Z,2025-04-22T01:58:41.583465Z,8.237,9.330583429229003,7.297,41.286,1738
2025-04-22T01:58:46.575833Z,2025-04-22T01:58:46.584276Z,8.443000000000001,9.330073030477289,7.297,41.286,1739
2025-04-22T01:58:51.595850Z,2025-04-22T01:58:51.604268Z,8.418,9.329548850574716,7.297,41.286,1740
2025-04-22T01:58:56.597825Z,2025-04-22T01:58:56.609728Z,11.903,9.331026995979324,7.297,41.286,1741
2025-04-22T01:59:01.614852Z,2025-04-22T01:59:01.623197Z,8.345,9.330460964408728,7.297,41.286,1742
2025-04-22T01:59:06.611296Z,2025-04-22T01:59:06.619414Z,8.118,9.329765347102697,7.297,41.286,1743
2025-04-22T01:59:11.632842Z,2025-04-22T01:59:11.641088Z,8.246,9.32914392201835,7.297,41.286,1744
2025-04-22T01:59:16.630296Z,2025-04-22T01:59:16.643405Z,13.109,9.331310028653297,7.297,41.286,1745
2025-04-22T01:59:21.647787Z,2025-04-22T01:59:21.655856Z,8.068999999999999,9.330587056128294,7.297,41.286,1746
2025-04-22T01:59:26.649904Z,2025-04-22T01:59:26.657760Z,7.856,9.329742987979394,7.297,41.286,1747
2025-04-22T01:59:31.673864Z,2025-04-22T01:59:31.681937Z,8.073,9.329024027459955,7.297,41.286,1748
2025-04-22T01:59:36.663493Z,2025-04-22T01:59:36.675467Z,11.974,9.330536306460834,7.297,41.286,1749
2025-04-22T01:59:41.687765Z,2025-04-22T01:59:41.695745Z,7.9799999999999995,9.329764571428571,7.297,41.286,1750
2025-04-22T01:59:46.693399Z,2025-04-22T01:59:46.700988Z,7.589,9.328770416904625,7.297,41.286,1751
2025-04-22T01:59:51.708140Z,2025-04-22T01:59:51.715945Z,7.805000000000001,9.327900684931507,7.297,41.286,1752
2025-04-22T01:59:56.706828Z,2025-04-22T01:59:56.718846Z,12.017999999999999,9.329435253850544,7.297,41.286,1753
2025-04-22T02:00:01.733702Z,2025-04-22T02:00:01.743480Z,9.778,9.329690992018245,7.297,41.286,1754
2025-04-22T02:00:06.728652Z,2025-04-22T02:00:06.736715Z,8.063,9.328969230769232,7.297,41.286,1755
2025-04-22T02:00:11.749610Z,2025-04-22T02:00:11.757367Z,7.757,9.328074031890662,7.297,41.286,1756
2025-04-22T02:00:16.747699Z,2025-04-22T02:00:16.759508Z,11.809,9.329486055776895,7.297,41.286,1757
2025-04-22T02:00:21.767619Z,2025-04-22T02:00:21.775119Z,7.5,9.328445392491469,7.297,41.286,1758
2025-04-22T02:00:26.761835Z,2025-04-22T02:00:26.769456Z,7.621,9.327474701534966,7.297,41.286,1759
2025-04-22T02:00:31.785609Z,2025-04-22T02:00:31.793329Z,7.720000000000001,9.326561363636365,7.297,41.286,1760
2025-04-22T02:00:36.784650Z,2025-04-22T02:00:36.796224Z,11.574,9.327837592277117,7.297,41.286,1761
2025-04-22T02:00:41.802640Z,2025-04-22T02:00:41.811216Z,8.576,9.327410896708288,7.297,41.286,1762
2025-04-22T02:00:46.800610Z,2025-04-22T02:00:46.808339Z,7.729,9.326504254112312,7.297,41.286,1763
2025-04-22T02:00:51.822557Z,2025-04-22T02:00:51.830649Z,8.092,9.325804421768712,7.297,41.286,1764
2025-04-22T02:00:56.819054Z,2025-04-22T02:00:56.842148Z,23.094,9.333605099150144,7.297,41.286,1765
2025-04-22T02:01:01.844600Z,2025-04-22T02:01:01.852704Z,8.104,9.332908833522087,7.297,41.286,1766
2025-04-22T02:01:06.843748Z,2025-04-22T02:01:06.851925Z,8.177,9.332254668930394,7.297,41.286,1767
2025-04-22T02:01:11.862766Z,2025-04-22T02:01:11.871314Z,8.548,9.331811085972854,7.297,41.286,1768
2025-04-22T02:01:16.859725Z,2025-04-22T02:01:16.871588Z,11.863,9.333241944601474,7.297,41.286,1769
2025-04-22T02:01:21.878579Z,2025-04-22T02:01:21.886518Z,7.939,9.332454237288141,7.297,41.286,1770
2025-04-22T02:01:26.882714Z,2025-04-22T02:01:26.890945Z,8.231,9.33183229813665,7.297,41.286,1771
2025-04-22T02:01:31.899608Z,2025-04-22T02:01:31.907728Z,8.120000000000001,9.331148419864565,7.297,41.286,1772
2025-04-22T02:01:36.896642Z,2025-04-22T02:01:36.908960Z,12.318000000000001,9.332833051325442,7.297,41.286,1773
2025-04-22T02:01:41.930732Z,2025-04-22T02:01:41.939567Z,8.835,9.332552423900795,7.297,41.286,1774
2025-04-22T02:01:46.923556Z,2025-04-22T02:01:46.931479Z,7.922999999999999,9.331758309859161,7.297,41.286,1775
2025-04-22T02:01:51.940928Z,2025-04-22T02:01:51.949033Z,8.104999999999999,9.331067567567574,7.297,41.286,1776
2025-04-22T02:01:56.940506Z,2025-04-22T02:01:56.953274Z,12.768,9.333001688238612,7.297,41.286,1777
2025-04-22T02:02:01.961535Z,2025-04-22T02:02:01.969796Z,8.261,9.332398762654678,7.297,41.286,1778
2025-04-22T02:02:06.960558Z,2025-04-22T02:02:06.968390Z,7.832000000000001,9.331555368184382,7.297,41.286,1779
2025-04-22T02:02:11.979541Z,2025-04-22T02:02:11.987563Z,8.022,9.330819662921357,7.297,41.286,1780
2025-04-22T02:02:16.976576Z,2025-04-22T02:02:16.984356Z,7.779999999999999,9.329948905109498,7.297,41.286,1781
2025-04-22T02:02:21.998532Z,2025-04-22T02:02:22.006939Z,8.407,9.329430976430984,7.297,41.286,1782
2025-04-22T02:02:26.998513Z,2025-04-22T02:02:27.006224Z,7.711,9.328523275378585,7.297,41.286,1783
2025-04-22T02:02:32.017589Z,2025-04-22T02:02:32.028196Z,10.607,9.32923991031391,7.297,41.286,1784
2025-04-22T02:02:37.017508Z,2025-04-22T02:02:37.025623Z,8.115,9.328559663865555,7.297,41.286,1785
2025-04-22T02:02:42.034653Z,2025-04-22T02:02:42.043068Z,8.415000000000001,9.328048152295642,7.297,41.286,1786
2025-04-22T02:02:47.030842Z,2025-04-22T02:02:47.038823Z,7.981,9.3272943480694,7.297,41.286,1787
2025-04-22T02:02:52.053428Z,2025-04-22T02:02:52.065022Z,11.594,9.328562080536921,7.297,41.286,1788
2025-04-22T02:02:57.052481Z,2025-04-22T02:02:57.060590Z,8.109,9.327880380100625,7.297,41.286,1789
2025-04-22T02:03:02.074521Z,2025-04-22T02:03:02.082408Z,7.887,9.327075418994424,7.297,41.286,1790
2025-04-22T02:03:07.072546Z,2025-04-22T02:03:07.080523Z,7.976999999999999,9.32632160804021,7.297,41.286,1791
2025-04-22T02:03:12.090471Z,2025-04-22T02:03:12.102600Z,12.129,9.327885602678581,7.297,41.286,1792
2025-04-22T02:03:17.089514Z,2025-04-22T02:03:17.097351Z,7.837000000000001,9.327054099274967,7.297,41.286,1793
2025-04-22T02:03:22.116536Z,2025-04-22T02:03:22.124300Z,7.764,9.326182831661104,7.297,41.286,1794
2025-04-22T02:03:27.112451Z,2025-04-22T02:03:27.120627Z,8.175999999999998,9.325542061281347,7.297,41.286,1795
2025-04-22T02:03:32.140726Z,2025-04-22T02:03:32.152799Z,12.073,9.327071826280633,7.297,41.286,1796
2025-04-22T02:03:37.134536Z,2025-04-22T02:03:37.142497Z,7.960999999999999,9.326311630495281,7.297,41.286,1797
2025-04-22T02:03:42.150447Z,2025-04-22T02:03:42.158715Z,8.267999999999999,9.325723025583994,7.297,41.286,1798
2025-04-22T02:03:47.148553Z,2025-04-22T02:03:47.157050Z,8.497,9.325262367982223,7.297,41.286,1799
2025-04-22T02:03:52.165284Z,2025-04-22T02:03:52.177556Z,12.272,9.326899444444456,7.297,41.286,1800
2025-04-22T02:03:57.160660Z,2025-04-22T02:03:57.168821Z,8.161,9.32625208217658,7.297,41.286,1801
2025-04-22T02:04:02.187388Z,2025-04-22T02:04:02.195501Z,8.113,9.325578801331865,7.297,41.286,1802
2025-04-22T02:04:07.194426Z,2025-04-22T02:04:07.202184Z,7.758,9.32470937326679,7.297,41.286,1803
2025-04-22T02:04:12.204422Z,2025-04-22T02:04:12.216297Z,11.875,9.326123059866973,7.297,41.286,1804
2025-04-22T02:04:17.203418Z,2025-04-22T02:04:17.211483Z,8.065,9.325424376731311,7.297,41.286,1805
2025-04-22T02:04:22.242598Z,2025-04-22T02:04:22.250894Z,8.296,9.324854374307874,7.297,41.286,1806
2025-04-22T02:04:27.229446Z,2025-04-22T02:04:27.237531Z,8.085,9.324168234643066,7.297,41.286,1807
2025-04-22T02:04:32.253670Z,2025-04-22T02:04:32.265754Z,12.084,9.3256946902655,7.297,41.286,1808
2025-04-22T02:04:37.239318Z,2025-04-22T02:04:37.247280Z,7.962000000000001,9.324940851299074,7.297,41.286,1809
2025-04-22T02:04:42.258360Z,2025-04-22T02:04:42.266394Z,8.033999999999999,9.324227624309403,7.297,41.286,1810
2025-04-22T02:04:47.258316Z,2025-04-22T02:04:47.266152Z,7.835999999999999,9.323405853119835,7.297,41.286,1811
2025-04-22T02:04:52.277383Z,2025-04-22T02:04:52.300367Z,22.984,9.330944812362043,7.297,41.286,1812
2025-04-22T02:04:57.272415Z,2025-04-22T02:04:57.280649Z,8.234,9.330339768339783,7.297,41.286,1813
2025-04-22T02:05:02.294654Z,2025-04-22T02:05:02.303387Z,8.732999999999999,9.330010474090422,7.297,41.286,1814
2025-04-22T02:05:07.297226Z,2025-04-22T02:05:07.305638Z,8.411999999999999,9.329504683195605,7.297,41.286,1815
2025-04-22T02:05:12.316357Z,2025-04-22T02:05:12.328315Z,11.958,9.330952092511026,7.297,41.286,1816
2025-04-22T02:05:17.314251Z,2025-04-22T02:05:17.322612Z,8.361,9.330418271876733,7.297,41.286,1817
2025-04-22T02:05:22.338554Z,2025-04-22T02:05:22.346280Z,7.726,9.329535753575373,7.297,41.286,1818
2025-04-22T02:05:27.333129Z,2025-04-22T02:05:27.340755Z,7.626,9.328599230346358,7.297,41.286,1819
2025-04-22T02:05:32.352151Z,2025-04-22T02:05:32.364170Z,12.019,9.330077472527485,7.297,41.286,1820
2025-04-22T02:05:37.353431Z,2025-04-22T02:05:37.361713Z,8.282,9.32950192202088,7.297,41.286,1821
2025-04-22T02:05:42.373270Z,2025-04-22T02:05:42.381635Z,8.364999999999998,9.328972557628992,7.297,41.286,1822
2025-04-22T02:05:47.372207Z,2025-04-22T02:05:47.380692Z,8.485,9.328509599561178,7.297,41.286,1823
2025-04-22T02:05:52.392205Z,2025-04-22T02:05:52.400530Z,8.325000000000001,9.327959429824576,7.297,41.286,1824
2025-04-22T02:05:57.389191Z,2025-04-22T02:05:57.397141Z,7.95,9.327204383561659,7.297,41.286,1825
2025-04-22T02:06:02.419320Z,2025-04-22T02:06:02.427470Z,8.149999999999999,9.326559693318744,7.297,41.286,1826
2025-04-22T02:06:07.404536Z,2025-04-22T02:06:07.415264Z,10.728,9.327326765188849,7.297,41.286,1827
2025-04-22T02:06:12.425150Z,2025-04-22T02:06:12.433332Z,8.182,9.326700218818395,7.297,41.286,1828
2025-04-22T02:06:17.431171Z,2025-04-22T02:06:17.438930Z,7.759,9.325843083652286,7.297,41.286,1829
2025-04-22T02:06:22.451205Z,2025-04-22T02:06:22.458962Z,7.757,9.324985792349745,7.297,41.286,1830
2025-04-22T02:06:27.452159Z,2025-04-22T02:06:27.463570Z,11.411,9.326125068268722,7.297,41.286,1831
2025-04-22T02:06:32.475786Z,2025-04-22T02:06:32.484361Z,8.575,9.3257150655022,7.297,41.286,1832
2025-04-22T02:06:37.468096Z,2025-04-22T02:06:37.476608Z,8.512,9.325271140207326,7.297,41.286,1833
2025-04-22T02:06:42.488107Z,2025-04-22T02:06:42.496655Z,8.548,9.324847328244292,7.297,41.286,1834
2025-04-22T02:06:47.488271Z,2025-04-22T02:06:47.500551Z,12.28,9.326457765667591,7.297,41.286,1835
2025-04-22T02:06:52.509414Z,2025-04-22T02:06:52.517434Z,8.02,9.32574618736385,7.297,41.286,1836
2025-04-22T02:06:57.510165Z,2025-04-22T02:06:57.517815Z,7.6499999999999995,9.3248339684268,7.297,41.286,1837
2025-04-22T02:07:02.531031Z,2025-04-22T02:07:02.539005Z,7.974,9.324099020674664,7.297,41.286,1838
2025-04-22T02:07:07.529012Z,2025-04-22T02:07:07.541034Z,12.022,9.325566068515517,7.297,41.286,1839
2025-04-22T02:07:12.544892Z,2025-04-22T02:07:12.552612Z,7.720000000000001,9.324693478260889,7.297,41.286,1840
2025-04-22T02:07:17.546478Z,2025-04-22T02:07:17.554100Z,7.622,9.323768604019573,7.297,41.286,1841
2025-04-22T02:07:22.579974Z,2025-04-22T02:07:22.587873Z,7.899,9.322995114006533,7.297,41.286,1842
2025-04-22T02:07:27.571303Z,2025-04-22T02:07:27.585324Z,14.021,9.325544221378205,7.297,41.286,1843
2025-04-22T02:07:32.587902Z,2025-04-22T02:07:32.595569Z,7.667,9.324644793926264,7.297,41.286,1844
2025-04-22T02:07:37.591166Z,2025-04-22T02:07:37.599322Z,8.156,9.32401138211384,7.297,41.286,1845
2025-04-22T02:07:42.601191Z,2025-04-22T02:07:42.609044Z,7.853000000000001,9.323214517876506,7.297,41.286,1846
2025-04-22T02:07:47.607035Z,2025-04-22T02:07:47.618715Z,11.68,9.324490525175978,7.297,41.286,1847
2025-04-22T02:07:52.626337Z,2025-04-22T02:07:52.633913Z,7.5760000000000005,9.32354437229439,7.297,41.286,1848
2025-04-22T02:07:57.625973Z,2025-04-22T02:07:57.633919Z,7.946,9.322799351000558,7.297,41.286,1849
2025-04-22T02:08:02.644020Z,2025-04-22T02:08:02.652209Z,8.189,9.322186486486505,7.297,41.286,1850
2025-04-22T02:08:07.640064Z,2025-04-22T02:08:07.651574Z,11.51,9.323368449486782,7.297,41.286,1851
2025-04-22T02:08:12.662014Z,2025-04-22T02:08:12.670200Z,8.186,9.322754319654447,7.297,41.286,1852
2025-04-22T02:08:17.663981Z,2025-04-22T02:08:17.672304Z,8.323,9.322214786832184,7.297,41.286,1853
2025-04-22T02:08:22.687110Z,2025-04-22T02:08:22.694993Z,7.882999999999999,9.32143851132688,7.297,41.286,1854
2025-04-22T02:08:27.678296Z,2025-04-22T02:08:27.689926Z,11.629999999999999,9.322683018867943,7.297,41.286,1855
2025-04-22T02:08:32.703855Z,2025-04-22T02:08:32.712114Z,8.259,9.32210991379312,7.297,41.286,1856
2025-04-22T02:08:37.699003Z,2025-04-22T02:08:37.707123Z,8.120000000000001,9.321462574044176,7.297,41.286,1857
2025-04-22T02:08:42.721855Z,2025-04-22T02:08:42.729733Z,7.877999999999999,9.320685683530698,7.297,41.286,1858
2025-04-22T02:08:47.715402Z,2025-04-22T02:08:47.739063Z,23.661,9.328399677245852,7.297,41.286,1859
2025-04-22T02:08:52.736054Z,2025-04-22T02:08:52.744017Z,7.962999999999999,9.32766559139787,7.297,41.286,1860
2025-04-22T02:08:57.742835Z,2025-04-22T02:08:57.751240Z,8.405,9.32716980118218,7.297,41.286,1861
2025-04-22T02:09:02.754909Z,2025-04-22T02:09:02.762852Z,7.9430000000000005,9.32642642320088,7.297,41.286,1862
2025-04-22T02:09:07.752918Z,2025-04-22T02:09:07.766075Z,13.157,9.328482555018807,7.297,41.286,1863
2025-04-22T02:09:12.772826Z,2025-04-22T02:09:12.780564Z,7.738,9.327629291845513,7.297,41.286,1864
2025-04-22T02:09:17.769918Z,2025-04-22T02:09:17.777862Z,7.944,9.326887399463825,7.297,41.286,1865
2025-04-22T02:09:22.793890Z,2025-04-22T02:09:22.802206Z,8.316,9.326345659164007,7.297,41.286,1866
2025-04-22T02:09:27.791023Z,2025-04-22T02:09:27.799307Z,8.283999999999999,9.325787359400126,7.297,41.286,1867
2025-04-22T02:09:32.809748Z,2025-04-22T02:09:32.818090Z,8.342,9.325260706638135,7.297,41.286,1868
2025-04-22T02:09:37.807829Z,2025-04-22T02:09:37.815707Z,7.877999999999999,9.32448635634031,7.297,41.286,1869
2025-04-22T02:09:42.830760Z,2025-04-22T02:09:42.841704Z,10.944,9.325352406417132,7.297,41.286,1870
2025-04-22T02:09:47.827255Z,2025-04-22T02:09:47.835400Z,8.145,9.324721539283823,7.297,41.286,1871
2025-04-22T02:09:52.849111Z,2025-04-22T02:09:52.857000Z,7.889,9.323954594017112,7.297,41.286,1872
2025-04-22T02:09:57.847731Z,2025-04-22T02:09:57.855843Z,8.112,9.323307528029916,7.297,41.286,1873
2025-04-22T02:10:02.867691Z,2025-04-22T02:10:02.879749Z,12.058,9.3247668089648,7.297,41.286,1874
2025-04-22T02:10:07.866751Z,2025-04-22T02:10:07.874252Z,7.5009999999999994,9.323794133333351,7.297,41.286,1875
2025-04-22T02:10:12.883691Z,2025-04-22T02:10:12.891349Z,7.6579999999999995,9.322906183368888,7.297,41.286,1876
2025-04-22T02:10:17.883922Z,2025-04-22T02:10:17.891663Z,7.741,9.32206339904104,7.297,41.286,1877
2025-04-22T02:10:22.915756Z,2025-04-22T02:10:22.927677Z,11.921,9.323447284345066,7.297,41.286,1878
2025-04-22T02:10:27.904814Z,2025-04-22T02:10:27.912457Z,7.643,9.322552953698795,7.297,41.286,1879
2025-04-22T02:10:32.922669Z,2025-04-22T02:10:32.930842Z,8.173,9.321941489361722,7.297,41.286,1880
2025-04-22T02:10:37.922525Z,2025-04-22T02:10:37.930649Z,8.123999999999999,9.321304625199382,7.297,41.286,1881
2025-04-22T02:10:42.937860Z,2025-04-22T02:10:42.949639Z,11.779,9.322610520722655,7.297,41.286,1882
2025-04-22T02:10:47.943584Z,2025-04-22T02:10:47.951637Z,8.052999999999999,9.32193627190655,7.297,41.286,1883
2025-04-22T02:10:52.967719Z,2025-04-22T02:10:52.975718Z,7.998999999999999,9.321234076433141,7.297,41.286,1884
2025-04-22T02:10:57.959559Z,2025-04-22T02:10:57.967195Z,7.636,9.320340053050417,7.297,41.286,1885
2025-04-22T02:11:02.977462Z,2025-04-22T02:11:02.989372Z,11.91,9.32171314952282,7.297,41.286,1886
2025-04-22T02:11:07.975706Z,2025-04-22T02:11:07.984015Z,8.309000000000001,9.321176470588256,7.297,41.286,1887
2025-04-22T02:11:12.994746Z,2025-04-22T02:11:13.003037Z,8.291,9.320630826271207,7.297,41.286,1888
2025-04-22T02:11:17.995588Z,2025-04-22T02:11:18.003522Z,7.934,9.31989677077821,7.297,41.286,1889
2025-04-22T02:11:23.012528Z,2025-04-22T02:11:23.024486Z,11.958,9.321292592592613,7.297,41.286,1890
2025-04-22T02:11:28.011616Z,2025-04-22T02:11:28.019689Z,8.073,9.320632469592827,7.297,41.286,1891
2025-04-22T02:11:33.033158Z,2025-04-22T02:11:33.041793Z,8.635,9.320270084566616,7.297,41.286,1892
2025-04-22T02:11:38.032994Z,2025-04-22T02:11:38.041348Z,8.354000000000001,9.319759640781848,7.297,41.286,1893
2025-04-22T02:11:43.053472Z,2025-04-22T02:11:43.065489Z,12.017,9.321183738120402,7.297,41.286,1894
2025-04-22T02:11:48.052631Z,2025-04-22T02:11:48.060776Z,8.145,9.320563060686036,7.297,41.286,1895
2025-04-22T02:11:53.072817Z,2025-04-22T02:11:53.080798Z,7.981,9.319856540084409,7.297,41.286,1896
2025-04-22T02:11:58.065298Z,2025-04-22T02:11:58.073480Z,8.182,9.319256721138663,7.297,41.286,1897
2025-04-22T02:12:03.090508Z,2025-04-22T02:12:03.102735Z,12.227,9.320788724973678,7.297,41.286,1898
2025-04-22T02:12:08.087593Z,2025-04-22T02:12:08.095857Z,8.264000000000001,9.320232227488173,7.297,41.286,1899
2025-04-22T02:12:13.109392Z,2025-04-22T02:12:13.117502Z,8.11,9.319595263157916,7.297,41.286,1900
2025-04-22T02:12:18.104375Z,2025-04-22T02:12:18.112470Z,8.095,9.31895107837982,7.297,41.286,1901
2025-04-22T02:12:23.125436Z,2025-04-22T02:12:23.137415Z,11.979,9.320349631966373,7.297,41.286,1902
2025-04-22T02:12:28.127377Z,2025-04-22T02:12:28.135258Z,7.881000000000001,9.319593273778267,7.297,41.286,1903
2025-04-22T02:12:33.141918Z,2025-04-22T02:12:33.150455Z,8.536999999999999,9.319182247899182,7.297,41.286,1904
2025-04-22T02:12:38.138192Z,2025-04-22T02:12:38.146136Z,7.944,9.318460367454088,7.297,41.286,1905
2025-04-22T02:12:43.162444Z,2025-04-22T02:12:43.185726Z,23.282,9.32578646379855,7.297,41.286,1906
2025-04-22T02:12:48.161430Z,2025-04-22T02:12:48.169504Z,8.074,9.325130047194566,7.297,41.286,1907
2025-04-22T02:12:53.175716Z,2025-04-22T02:12:53.183874Z,8.158,9.324518343815535,7.297,41.286,1908
2025-04-22T02:12:58.173001Z,2025-04-22T02:12:58.181368Z,8.366999999999999,9.324016762703007,7.297,41.286,1909
2025-04-22T02:13:03.200321Z,2025-04-22T02:13:03.212698Z,12.377,9.325615183246095,7.297,41.286,1910
2025-04-22T02:13:08.199406Z,2025-04-22T02:13:08.207469Z,8.063,9.324954474097353,7.297,41.286,1911
2025-04-22T02:13:13.219504Z,2025-04-22T02:13:13.227536Z,8.032,9.324278242677847,7.297,41.286,1912
2025-04-22T02:13:18.221434Z,2025-04-22T02:13:18.229042Z,7.6080000000000005,9.32338107684268,7.297,41.286,1913
2025-04-22T02:13:23.240243Z,2025-04-22T02:13:23.248559Z,8.316,9.322854754440984,7.297,41.286,1914
2025-04-22T02:13:28.236549Z,2025-04-22T02:13:28.244685Z,8.136,9.322234986945192,7.297,41.286,1915
2025-04-22T02:13:33.264737Z,2025-04-22T02:13:33.272800Z,8.063,9.321577766179564,7.297,41.286,1916
2025-04-22T02:13:38.263361Z,2025-04-22T02:13:38.274055Z,10.694,9.322293688054273,7.297,41.286,1917
2025-04-22T02:13:43.280302Z,2025-04-22T02:13:43.288220Z,7.917999999999999,9.32156152241921,7.297,41.286,1918
2025-04-22T02:13:48.277296Z,2025-04-22T02:13:48.284685Z,7.388999999999999,9.320554455445569,7.297,41.286,1919
2025-04-22T02:13:53.299486Z,2025-04-22T02:13:53.307445Z,7.9590000000000005,9.319845312500023,7.297,41.286,1920
2025-04-22T02:13:58.303484Z,2025-04-22T02:13:58.315273Z,11.789000000000001,9.321130661114026,7.297,41.286,1921
2025-04-22T02:14:03.315333Z,2025-04-22T02:14:03.323459Z,8.126,9.320508844953197,7.297,41.286,1922
2025-04-22T02:14:08.314228Z,2025-04-22T02:14:08.322912Z,8.684000000000001,9.320177847113907,7.297,41.286,1923
2025-04-22T02:14:13.333256Z,2025-04-22T02:14:13.341696Z,8.44,9.319720374220397,7.297,41.286,1924
2025-04-22T02:14:18.332956Z,2025-04-22T02:14:18.344859Z,11.903,9.321062337662362,7.297,41.286,1925
2025-04-22T02:14:23.352149Z,2025-04-22T02:14:23.360180Z,8.031,9.320392523364509,7.297,41.286,1926
2025-04-22T02:14:28.349379Z,2025-04-22T02:14:28.357630Z,8.251,9.31983757135446,7.297,41.286,1927
2025-04-22T02:14:33.371166Z,2025-04-22T02:14:33.379358Z,8.192,9.31925259336102,7.297,41.286,1928
2025-04-22T02:14:38.367880Z,2025-04-22T02:14:38.380037Z,12.157,9.320723691031645,7.297,41.286,1929
2025-04-22T02:14:43.388121Z,2025-04-22T02:14:43.396179Z,8.058,9.320069430051834,7.297,41.286,1930
2025-04-22T02:14:48.390443Z,2025-04-22T02:14:48.398332Z,7.889,9.31932832729158,7.297,41.286,1931
2025-04-22T02:14:53.408288Z,2025-04-22T02:14:53.417041Z,8.753,9.319035196687391,7.297,41.286,1932
2025-04-22T02:14:58.415337Z,2025-04-22T02:14:58.427810Z,12.472999999999999,9.320666839110212,7.297,41.286,1933
2025-04-22T02:15:03.471180Z,2025-04-22T02:15:03.478937Z,7.757,9.319858324715637,7.297,41.286,1934
2025-04-22T02:15:08.420456Z,2025-04-22T02:15:08.428305Z,7.849,9.319098191214492,7.297,41.286,1935
2025-04-22T02:15:13.441180Z,2025-04-22T02:15:13.449320Z,8.139999999999999,9.318489152892584,7.297,41.286,1936
2025-04-22T02:15:18.443088Z,2025-04-22T02:15:18.454846Z,11.758,9.319748580278803,7.297,41.286,1937
2025-04-22T02:15:23.460948Z,2025-04-22T02:15:23.469039Z,8.091,9.319114551083615,7.297,41.286,1938
2025-04-22T02:15:28.463980Z,2025-04-22T02:15:28.472404Z,8.424,9.318652913873153,7.297,41.286,1939
2025-04-22T02:15:33.484046Z,2025-04-22T02:15:33.492337Z,8.291,9.31812319587631,7.297,41.286,1940
2025-04-22T02:15:38.483992Z,2025-04-22T02:15:38.496691Z,12.699,9.319865018031967,7.297,41.286,1941
2025-04-22T02:15:43.503973Z,2025-04-22T02:15:43.512041Z,8.068000000000001,9.319220391349148,7.297,41.286,1942
2025-04-22T02:15:48.501561Z,2025-04-22T02:15:48.509651Z,8.09,9.318587750900694,7.297,41.286,1943
2025-04-22T02:15:53.533957Z,2025-04-22T02:15:53.542166Z,8.209,9.318016975308666,7.297,41.286,1944
2025-04-22T02:15:58.520706Z,2025-04-22T02:15:58.532955Z,12.248999999999999,9.319523907455038,7.297,41.286,1945
2025-04-22T02:16:03.543026Z,2025-04-22T02:16:03.551281Z,8.255,9.318976875642367,7.297,41.286,1946
2025-04-22T02:16:08.549488Z,2025-04-22T02:16:08.557614Z,8.126,9.318364149974343,7.297,41.286,1947
2025-04-22T02:16:13.561027Z,2025-04-22T02:16:13.569151Z,8.123999999999999,9.317751026694069,7.297,41.286,1948
2025-04-22T02:16:18.556102Z,2025-04-22T02:16:18.568575Z,12.472999999999999,9.31936993329915,7.297,41.286,1949
2025-04-22T02:16:23.586216Z,2025-04-22T02:16:23.594314Z,8.097999999999999,9.318743589743613,7.297,41.286,1950
2025-04-22T02:16:28.578895Z,2025-04-22T02:16:28.587189Z,8.293999999999999,9.318218349564349,7.297,41.286,1951
2025-04-22T02:16:33.601952Z,2025-04-22T02:16:33.610624Z,8.671999999999999,9.31788729508199,7.297,41.286,1952
2025-04-22T02:16:38.601896Z,2025-04-22T02:16:38.626553Z,24.657,9.325741423451126,7.297,41.286,1953
2025-04-22T02:16:43.618920Z,2025-04-22T02:16:43.627124Z,8.203999999999999,9.32516734902766,7.297,41.286,1954
2025-04-22T02:16:48.615496Z,2025-04-22T02:16:48.623668Z,8.172,9.324577493606162,7.297,41.286,1955
2025-04-22T02:16:53.635860Z,2025-04-22T02:16:53.644281Z,8.421,9.324115541922312,7.297,41.286,1956
2025-04-22T02:16:58.630957Z,2025-04-22T02:16:58.639127Z,8.17,9.323525804803293,7.297,41.286,1957
2025-04-22T02:17:03.656742Z,2025-04-22T02:17:03.664839Z,8.097,9.322899387129747,7.297,41.286,1958
2025-04-22T02:17:08.653882Z,2025-04-22T02:17:08.661706Z,7.823999999999999,9.322134252169496,7.297,41.286,1959
2025-04-22T02:17:13.676762Z,2025-04-22T02:17:13.687924Z,11.162,9.323072959183694,7.297,41.286,1960
2025-04-22T02:17:18.675991Z,2025-04-22T02:17:18.684490Z,8.498999999999999,9.32265272819992,7.297,41.286,1961
2025-04-22T02:17:23.693082Z,2025-04-22T02:17:23.701302Z,8.22,9.322090723751296,7.297,41.286,1962
2025-04-22T02:17:28.694750Z,2025-04-22T02:17:28.702913Z,8.163,9.321500254712197,7.297,41.286,1963
2025-04-22T02:17:33.713819Z,2025-04-22T02:17:33.725943Z,12.123999999999999,9.322927189409391,7.297,41.286,1964
2025-04-22T02:17:38.712355Z,2025-04-22T02:17:38.720451Z,8.096,9.322302798982209,7.297,41.286,1965
2025-04-22T02:17:43.731644Z,2025-04-22T02:17:43.740062Z,8.418,9.321842828077335,7.297,41.286,1966
2025-04-22T02:17:48.726924Z,2025-04-22T02:17:48.735095Z,8.171,9.321257752923254,7.297,41.286,1967
2025-04-22T02:17:53.753992Z,2025-04-22T02:17:53.765632Z,11.639999999999999,9.322435975609777,7.297,41.286,1968
2025-04-22T02:17:58.749868Z,2025-04-22T02:17:58.757918Z,8.05,9.321789740985293,7.297,41.286,1969
2025-04-22T02:18:03.769658Z,2025-04-22T02:18:03.777626Z,7.967999999999999,9.321102538071088,7.297,41.286,1970
2025-04-22T02:18:08.770731Z,2025-04-22T02:18:08.778719Z,7.988,9.320426179604285,7.297,41.286,1971
2025-04-22T02:18:13.790610Z,2025-04-22T02:18:13.802126Z,11.516,9.321539553752558,7.297,41.286,1972
2025-04-22T02:18:18.787759Z,2025-04-22T02:18:18.795923Z,8.164,9.320952863659423,7.297,41.286,1973
2025-04-22T02:18:23.811599Z,2025-04-22T02:18:23.819696Z,8.097,9.320332826747743,7.297,41.286,1974
2025-04-22T02:18:28.810677Z,2025-04-22T02:18:28.818680Z,8.003,9.319665822784831,7.297,41.286,1975
2025-04-22T02:18:33.858099Z,2025-04-22T02:18:33.870443Z,12.344000000000001,9.321196356275324,7.297,41.286,1976
2025-04-22T02:18:38.828477Z,2025-04-22T02:18:38.836362Z,7.885,9.320469903894812,7.297,41.286,1977
2025-04-22T02:18:43.848737Z,2025-04-22T02:18:43.856801Z,8.064,9.319834681496483,7.297,41.286,1978
2025-04-22T02:18:48.861551Z,2025-04-22T02:18:48.870021Z,8.47,9.319405255179404,7.297,41.286,1979
2025-04-22T02:18:53.868560Z,2025-04-22T02:18:53.880328Z,11.768,9.32064191919194,7.297,41.286,1980
2025-04-22T02:18:58.870630Z,2025-04-22T02:18:58.879394Z,8.764,9.320360928823847,7.297,41.286,1981
2025-04-22T02:19:03.888670Z,2025-04-22T02:19:03.896989Z,8.319,9.319855701311829,7.297,41.286,1982
2025-04-22T02:19:08.885568Z,2025-04-22T02:19:08.893508Z,7.9399999999999995,9.31915985879982,7.297,41.286,1983
2025-04-22T02:19:13.908478Z,2025-04-22T02:19:13.920236Z,11.758,9.320389112903248,7.297,41.286,1984
2025-04-22T02:19:18.905683Z,2025-04-22T02:19:18.913714Z,8.031,9.319739546599518,7.297,41.286,1985
2025-04-22T02:19:23.927436Z,2025-04-22T02:19:23.935779Z,8.343,9.319247734138996,7.297,41.286,1986
2025-04-22T02:19:28.925610Z,2025-04-22T02:19:28.933880Z,8.27,9.318719677906413,7.297,41.286,1987
2025-04-22T02:19:33.946020Z,2025-04-22T02:19:33.957991Z,11.971,9.320053822937647,7.297,41.286,1988
2025-04-22T02:19:38.945554Z,2025-04-22T02:19:38.953614Z,8.059999999999999,9.31942031171445,7.297,41.286,1989
2025-04-22T02:19:43.960068Z,2025-04-22T02:19:43.968441Z,8.373000000000001,9.318944723618111,7.297,41.286,1990
2025-04-22T02:19:48.965341Z,2025-04-22T02:19:48.973303Z,7.962000000000001,9.318263184329503,7.297,41.286,1991
2025-04-22T02:19:53.984596Z,2025-04-22T02:19:53.996579Z,11.983,9.319600903614479,7.297,41.286,1992
2025-04-22T02:19:58.976004Z,2025-04-22T02:19:58.984149Z,8.145,9.31901154039139,7.297,41.286,1993
2025-04-22T02:20:04.002398Z,2025-04-22T02:20:04.010542Z,8.144,9.318422266800422,7.297,41.286,1994
2025-04-22T02:20:08.999300Z,2025-04-22T02:20:09.007414Z,8.113999999999999,9.317818546365935,7.297,41.286,1995
2025-04-22T02:20:14.022408Z,2025-04-22T02:20:14.034520Z,12.112,9.319218436873767,7.297,41.286,1996
2025-04-22T02:20:19.018380Z,2025-04-22T02:20:19.026091Z,7.711,9.31841311967954,7.297,41.286,1997
2025-04-22T02:20:24.039355Z,2025-04-22T02:20:24.047386Z,8.031,9.317768768768788,7.297,41.286,1998
2025-04-22T02:20:29.040317Z,2025-04-22T02:20:29.048347Z,8.030000000000001,9.31712456228116,7.297,41.286,1999
2025-04-22T02:20:34.060354Z,2025-04-22T02:20:34.085630Z,25.276,9.325104000000021,7.297,41.286,2000
2025-04-22T02:20:39.061422Z,2025-04-22T02:20:39.069881Z,8.459,9.324671164417811,7.297,41.286,2001
2025-04-22T02:20:44.077223Z,2025-04-22T02:20:44.085257Z,8.033999999999999,9.324026473526493,7.297,41.286,2002
2025-04-22T02:20:49.073685Z,2025-04-22T02:20:49.081915Z,8.229999999999999,9.323480279580648,7.297,41.286,2003
2025-04-22T02:20:54.096213Z,2025-04-22T02:20:54.104102Z,7.889,9.322764471057903,7.297,41.286,2004
2025-04-22T02:20:59.094591Z,2025-04-22T02:20:59.101911Z,7.32,9.321765586034932,7.297,41.286,2005
2025-04-22T02:21:04.113923Z,2025-04-22T02:21:04.122410Z,8.487,9.321349451645084,7.297,41.286,2006
2025-04-22T02:21:09.117290Z,2025-04-22T02:21:09.128010Z,10.72,9.322046337817657,7.297,41.286,2007
2025-04-22T02:21:14.137153Z,2025-04-22T02:21:14.145065Z,7.912000000000001,9.321344123505995,7.297,41.286,2008
2025-04-22T02:21:19.137174Z,2025-04-22T02:21:19.144781Z,7.607,9.320490791438546,7.297,41.286,2009
2025-04-22T02:21:24.154193Z,2025-04-22T02:21:24.162079Z,7.886000000000001,9.319777114427879,7.297,41.286,2010
2025-04-22T02:21:29.157144Z,2025-04-22T02:21:29.168793Z,11.649,9.320935355544524,7.297,41.286,2011
2025-04-22T02:21:34.175079Z,2025-04-22T02:21:34.182833Z,7.754,9.3201565606362,7.297,41.286,2012
2025-04-22T02:21:39.177193Z,2025-04-22T02:21:39.184988Z,7.795,9.319398907103842,7.297,41.286,2013
2025-04-22T02:21:44.193038Z,2025-04-22T02:21:44.200635Z,7.5969999999999995,9.318543694141031,7.297,41.286,2014
2025-04-22T02:21:49.197161Z,2025-04-22T02:21:49.209130Z,11.969000000000001,9.319859057071978,7.297,41.286,2015
2025-04-22T02:21:54.213364Z,2025-04-22T02:21:54.221148Z,7.784,9.31909722222224,7.297,41.286,2016
2025-04-22T02:21:59.210605Z,2025-04-22T02:21:59.219012Z,8.407,9.318645017352521,7.297,41.286,2017
2025-04-22T02:22:04.234056Z,2025-04-22T02:22:04.241937Z,7.881000000000001,9.317932606541149,7.297,41.286,2018
2025-04-22T02:22:09.233144Z,2025-04-22T02:22:09.244868Z,11.724,9.319124318969806,7.297,41.286,2019
2025-04-22T02:22:14.248148Z,2025-04-22T02:22:14.256230Z,8.082,9.318511881188138,7.297,41.286,2020
2025-04-22T02:22:19.245884Z,2025-04-22T02:22:19.255034Z,9.15,9.318428500742227,7.297,41.286,2021
2025-04-22T02:22:24.269062Z,2025-04-22T02:22:24.277367Z,8.305,9.317927299703285,7.297,41.286,2022
2025-04-22T02:22:29.263755Z,2025-04-22T02:22:29.275792Z,12.037,9.319271379139911,7.297,41.286,2023
2025-04-22T02:22:34.285034Z,2025-04-22T02:22:34.293163Z,8.129000000000001,9.318683300395277,7.297,41.286,2024
2025-04-22T02:22:39.287171Z,2025-04-22T02:22:39.295591Z,8.42,9.31823950617286,7.297,41.286,2025
2025-04-22T02:22:44.304046Z,2025-04-22T02:22:44.312120Z,8.074,9.317625370187583,7.297,41.286,2026
2025-04-22T02:22:49.305933Z,2025-04-22T02:22:49.318018Z,12.085,9.318990626541709,7.297,41.286,2027
2025-04-22T02:22:54.330955Z,2025-04-22T02:22:54.339093Z,8.138,9.318408284023688,7.297,41.286,2028
2025-04-22T02:22:59.322121Z,2025-04-22T02:22:59.329993Z,7.872000000000001,9.31769541646133,7.297,41.286,2029
2025-04-22T02:23:04.341976Z,2025-04-22T02:23:04.350475Z,8.498999999999999,9.317292118226622,7.297,41.286,2030
2025-04-22T02:23:09.348426Z,2025-04-22T02:23:09.361659Z,13.233,9.319220088626313,7.297,41.286,2031
2025-04-22T02:23:14.360874Z,2025-04-22T02:23:14.368775Z,7.901,9.318522145669311,7.297,41.286,2032
2025-04-22T02:23:19.355139Z,2025-04-22T02:23:19.363161Z,8.022,9.317884407279902,7.297,41.286,2033
2025-04-22T02:23:24.381114Z,2025-04-22T02:23:24.389569Z,8.455,9.31746017699117,7.297,41.286,2034
2025-04-22T02:23:29.379975Z,2025-04-22T02:23:29.391914Z,11.939,9.318748402948424,7.297,41.286,2035
2025-04-22T02:23:34.411272Z,2025-04-22T02:23:34.419285Z,8.013,9.318107072691573,7.297,41.286,2036
2025-04-22T02:23:39.406802Z,2025-04-22T02:23:39.415109Z,8.307,9.317610702012784,7.297,41.286,2037
2025-04-22T02:23:44.418004Z,2025-04-22T02:23:44.425781Z,7.777,9.316854759568225,7.297,41.286,2038
2025-04-22T02:23:49.418854Z,2025-04-22T02:23:49.430894Z,12.040000000000001,9.318190289357547,7.297,41.286,2039
2025-04-22T02:23:54.439176Z,2025-04-22T02:23:54.447336Z,8.16,9.317622549019628,7.297,41.286,2040
2025-04-22T02:23:59.431183Z,2025-04-22T02:23:59.439430Z,8.247000000000002,9.317097991180814,7.297,41.286,2041
2025-04-22T02:24:04.455764Z,2025-04-22T02:24:04.463668Z,7.904,9.31640597453479,7.297,41.286,2042
2025-04-22T02:24:09.456719Z,2025-04-22T02:24:09.468896Z,12.177,9.317806167400901,7.297,41.286,2043
2025-04-22T02:24:14.472567Z,2025-04-22T02:24:14.480320Z,7.753,9.317040606653642,7.297,41.286,2044
2025-04-22T02:24:19.473728Z,2025-04-22T02:24:19.481664Z,7.936,9.316365281173615,7.297,41.286,2045
2025-04-22T02:24:24.492693Z,2025-04-22T02:24:24.500847Z,8.154,9.315797165200413,7.297,41.286,2046
2025-04-22T02:24:29.491012Z,2025-04-22T02:24:29.514838Z,23.826,9.32288568637032,7.297,41.286,2047
2025-04-22T02:24:34.513260Z,2025-04-22T02:24:34.521598Z,8.338,9.322404785156271,7.297,41.286,2048
2025-04-22T02:24:39.512841Z,2025-04-22T02:24:39.521311Z,8.47,9.32198877501222,7.297,41.286,2049
2025-04-22T02:24:44.533842Z,2025-04-22T02:24:44.543561Z,9.719,9.322182439024411,7.297,41.286,2050
2025-04-22T02:24:49.529342Z,2025-04-22T02:24:49.541838Z,12.496,9.323729887859601,7.297,41.286,2051
2025-04-22T02:24:54.550610Z,2025-04-22T02:24:54.558326Z,7.716,9.322946393762201,7.297,41.286,2052
2025-04-22T02:24:59.553678Z,2025-04-22T02:24:59.561652Z,7.974,9.322289332683898,7.297,41.286,2053
2025-04-22T02:25:04.566632Z,2025-04-22T02:25:04.575178Z,8.546,9.321911392405083,7.297,41.286,2054
2025-04-22T02:25:09.568654Z,2025-04-22T02:25:09.576862Z,8.208,9.321369343065712,7.297,41.286,2055
2025-04-22T02:25:14.588564Z,2025-04-22T02:25:14.596669Z,8.104999999999999,9.320777723735429,7.297,41.286,2056
2025-04-22T02:25:19.582745Z,2025-04-22T02:25:19.590748Z,8.003,9.32013709285369,7.297,41.286,2057
2025-04-22T02:25:24.601986Z,2025-04-22T02:25:24.612328Z,10.342,9.320633624878543,7.297,41.286,2058
2025-04-22T02:25:29.604612Z,2025-04-22T02:25:29.612478Z,7.866,9.319927149101526,7.297,41.286,2059
2025-04-22T02:25:34.625564Z,2025-04-22T02:25:34.633518Z,7.953999999999999,9.319264077669922,7.297,41.286,2060
2025-04-22T02:25:39.623550Z,2025-04-22T02:25:39.631572Z,8.022,9.31863464337702,7.297,41.286,2061
2025-04-22T02:25:44.644528Z,2025-04-22T02:25:44.657000Z,12.472000000000001,9.320163918525724,7.297,41.286,2062
2025-04-22T02:25:49.640779Z,2025-04-22T02:25:49.649219Z,8.44,9.319737275811944,7.297,41.286,2063
2025-04-22T02:25:54.660525Z,2025-04-22T02:25:54.668576Z,8.051,9.3191225775194,7.297,41.286,2064
2025-04-22T02:25:59.660596Z,2025-04-22T02:25:59.668820Z,8.224,9.318592251816,7.297,41.286,2065
2025-04-22T02:26:04.680494Z,2025-04-22T02:26:04.692311Z,11.817,9.319801548886756,7.297,41.286,2066
2025-04-22T02:26:09.682504Z,2025-04-22T02:26:09.691047Z,8.543000000000001,9.319425737784247,7.297,41.286,2067
2025-04-22T02:26:14.702452Z,2025-04-22T02:26:14.710445Z,7.993,9.318784332688606,7.297,41.286,2068
2025-04-22T02:26:19.700456Z,2025-04-22T02:26:19.708599Z,8.142999999999999,9.318216046399245,7.297,41.286,2069
2025-04-22T02:26:24.722608Z,2025-04-22T02:26:24.736449Z,13.841,9.320400966183593,7.297,41.286,2070
2025-04-22T02:26:29.719310Z,2025-04-22T02:26:29.727523Z,8.213,9.319866248189298,7.297,41.286,2071
2025-04-22T02:26:34.736181Z,2025-04-22T02:26:34.744630Z,8.449,9.319445945945963,7.297,41.286,2072
2025-04-22T02:26:39.735292Z,2025-04-22T02:26:39.743527Z,8.235,9.318922817173195,7.297,41.286,2073
2025-04-22T02:26:44.759407Z,2025-04-22T02:26:44.771334Z,11.927,9.32018032786887,7.297,41.286,2074
2025-04-22T02:26:49.761375Z,2025-04-22T02:26:49.769500Z,8.125,9.319604337349414,7.297,41.286,2075
2025-04-22T02:26:54.778493Z,2025-04-22T02:26:54.786462Z,7.969,9.31895375722545,7.297,41.286,2076
2025-04-22T02:26:59.776514Z,2025-04-22T02:26:59.784664Z,8.149999999999999,9.318390948483408,7.297,41.286,2077
2025-04-22T02:27:04.796313Z,2025-04-22T02:27:04.808328Z,12.014999999999999,9.31968864292591,7.297,41.286,2078
2025-04-22T02:27:09.792344Z,2025-04-22T02:27:09.799797Z,7.453,9.318790764790783,7.297,41.286,2079
2025-04-22T02:27:14.818525Z,2025-04-22T02:27:14.826750Z,8.225,9.318264903846172,7.297,41.286,2080
2025-04-22T02:27:19.818404Z,2025-04-22T02:27:19.826624Z,8.22,9.317737145603095,7.297,41.286,2081
2025-04-22T02:27:24.838462Z,2025-04-22T02:27:24.850223Z,11.761000000000001,9.318910662824226,7.297,41.286,2082
2025-04-22T02:27:29.836427Z,2025-04-22T02:27:29.844554Z,8.127,9.318338454152684,7.297,41.286,2083
2025-04-22T02:27:34.858231Z,2025-04-22T02:27:34.866273Z,8.042,9.317726007677564,7.297,41.286,2084
2025-04-22T02:27:39.856016Z,2025-04-22T02:27:39.864042Z,8.026,9.317106474820164,7.297,41.286,2085
2025-04-22T02:27:44.875222Z,2025-04-22T02:27:44.887302Z,12.08,9.31843096836052,7.297,41.286,2086
2025-04-22T02:27:49.879228Z,2025-04-22T02:27:49.887278Z,8.05,9.317823191183539,7.297,41.286,2087
2025-04-22T02:27:54.897508Z,2025-04-22T02:27:54.905466Z,7.958,9.31717193486592,7.297,41.286,2088
2025-04-22T02:27:59.890663Z,2025-04-22T02:27:59.898808Z,8.145,9.3166108185735,7.297,41.286,2089
2025-04-22T02:28:04.917216Z,2025-04-22T02:28:04.930001Z,12.785,9.31827033492825,7.297,41.286,2090
2025-04-22T02:28:09.912924Z,2025-04-22T02:28:09.921247Z,8.323,9.317794356767118,7.297,41.286,2091
2025-04-22T02:28:14.939454Z,2025-04-22T02:28:14.947801Z,8.347,9.317330305927364,7.297,41.286,2092
2025-04-22T02:28:19.932326Z,2025-04-22T02:28:19.940377Z,8.051,9.316725274725295,7.297,41.286,2093
2025-04-22T02:28:24.952104Z,2025-04-22T02:28:24.976055Z,23.951,9.32371394460365,7.297,41.286,2094
2025-04-22T02:28:29.953218Z,2025-04-22T02:28:29.961354Z,8.136,9.323147016706464,7.297,41.286,2095
2025-04-22T02:28:34.978456Z,2025-04-22T02:28:34.987096Z,8.64,9.32282108778628,7.297,41.286,2096
2025-04-22T02:28:39.971021Z,2025-04-22T02:28:39.978992Z,7.971000000000001,9.322176442536978,7.297,41.286,2097
2025-04-22T02:28:44.986941Z,2025-04-22T02:28:44.999467Z,12.526,9.323703527168753,7.297,41.286,2098
2025-04-22T02:28:49.987795Z,2025-04-22T02:28:49.996268Z,8.472999999999999,9.323298237255857,7.297,41.286,2099
2025-04-22T02:28:55.008190Z,2025-04-22T02:28:55.015988Z,7.798,9.322571904761926,7.297,41.286,2100
2025-04-22T02:29:00.003169Z,2025-04-22T02:29:00.011409Z,8.24,9.322056639695404,7.297,41.286,2101
2025-04-22T02:29:05.028055Z,2025-04-22T02:29:05.040164Z,12.109,9.32338249286396,7.297,41.286,2102
2025-04-22T02:29:10.023818Z,2025-04-22T02:29:10.032260Z,8.442,9.322963385639582,7.297,41.286,2103
2025-04-22T02:29:15.046044Z,2025-04-22T02:29:15.054026Z,7.981999999999999,9.322326045627397,7.297,41.286,2104
2025-04-22T02:29:20.046086Z,2025-04-22T02:29:20.054180Z,8.094000000000001,9.321742517814746,7.297,41.286,2105
2025-04-22T02:29:25.064942Z,2025-04-22T02:29:25.077689Z,12.747,9.323368945868966,7.297,41.286,2106
2025-04-22T02:29:30.064156Z,2025-04-22T02:29:30.072244Z,8.088,9.322782629330822,7.297,41.286,2107
2025-04-22T02:29:35.082994Z,2025-04-22T02:29:35.091371Z,8.377,9.322333965844422,7.297,41.286,2108
2025-04-22T02:29:40.080150Z,2025-04-22T02:29:40.088054Z,7.904,9.32166145092463,7.297,41.286,2109
2025-04-22T02:29:45.101956Z,2025-04-22T02:29:45.110462Z,8.506,9.321274881516608,7.297,41.286,2110
2025-04-22T02:29:50.109772Z,2025-04-22T02:29:50.117975Z,8.203,9.32074514448131,7.297,41.286,2111
2025-04-22T02:29:55.120292Z,2025-04-22T02:29:55.128478Z,8.186,9.320207859848505,7.297,41.286,2112
2025-04-22T02:30:00.116102Z,2025-04-22T02:30:00.126786Z,10.684000000000001,9.320853289162349,7.297,41.286,2113
2025-04-22T02:30:05.137916Z,2025-04-22T02:30:05.145881Z,7.965,9.320211920529822,7.297,41.286,2114
2025-04-22T02:30:10.140846Z,2025-04-22T02:30:10.149233Z,8.387,9.319770685579217,7.297,41.286,2115
2025-04-22T02:30:15.156796Z,2025-04-22T02:30:15.164807Z,8.011000000000001,9.319152173913064,7.297,41.286,2116
2025-04-22T02:30:20.153560Z,2025-04-22T02:30:20.165385Z,11.825000000000001,9.320335852621655,7.297,41.286,2117
2025-04-22T02:30:25.182246Z,2025-04-22T02:30:25.190551Z,8.305,9.319856468366405,7.297,41.286,2118
2025-04-22T02:30:30.177008Z,2025-04-22T02:30:30.185619Z,8.611,9.319521944313374,7.297,41.286,2119
2025-04-22T02:30:35.195783Z,2025-04-22T02:30:35.203928Z,8.145,9.318967924528321,7.297,41.286,2120
2025-04-22T02:30:40.195827Z,2025-04-22T02:30:40.207765Z,11.938,9.320202734559189,7.297,41.286,2121
2025-04-22T02:30:45.214810Z,2025-04-22T02:30:45.222672Z,7.861999999999999,9.319515551366655,7.297,41.286,2122
2025-04-22T02:30:50.213908Z,2025-04-22T02:30:50.221638Z,7.7299999999999995,9.318766839378258,7.297,41.286,2123
2025-04-22T02:30:55.235744Z,2025-04-22T02:30:55.243379Z,7.635000000000001,9.317974105461412,7.297,41.286,2124
2025-04-22T02:31:00.231270Z,2025-04-22T02:31:00.243085Z,11.815000000000001,9.319149176470606,7.297,41.286,2125
2025-04-22T02:31:05.251794Z,2025-04-22T02:31:05.259882Z,8.088,9.318570084666057,7.297,41.286,2126
2025-04-22T02:31:10.253696Z,2025-04-22T02:31:10.261560Z,7.864,9.317886224729685,7.297,41.286,2127
2025-04-22T02:31:15.268760Z,2025-04-22T02:31:15.276739Z,7.979,9.317257048872198,7.297,41.286,2128
2025-04-22T02:31:20.271830Z,2025-04-22T02:31:20.283344Z,11.514,9.31828886801317,7.297,41.286,2129
2025-04-22T02:31:25.284676Z,2025-04-22T02:31:25.292498Z,7.822000000000001,9.317586384976545,7.297,41.286,2130
2025-04-22T02:31:30.291762Z,2025-04-22T02:31:30.299599Z,7.837000000000001,9.316891600187724,7.297,41.286,2131
2025-04-22T02:31:35.305606Z,2025-04-22T02:31:35.313337Z,7.731,9.316147748592888,7.297,41.286,2132
2025-04-22T02:31:40.309823Z,2025-04-22T02:31:40.321400Z,11.577,9.317207688701377,7.297,41.286,2133
2025-04-22T02:31:45.329649Z,2025-04-22T02:31:45.337528Z,7.8790000000000004,9.316533739456435,7.297,41.286,2134
2025-04-22T02:31:50.333681Z,2025-04-22T02:31:50.341396Z,7.715,9.315783606557394,7.297,41.286,2135
2025-04-22T02:31:55.346991Z,2025-04-22T02:31:55.354723Z,7.732,9.315042134831478,7.297,41.286,2136
2025-04-22T02:32:00.341778Z,2025-04-22T02:32:00.353348Z,11.57,9.316097332709424,7.297,41.286,2137
2025-04-22T02:32:05.373499Z,2025-04-22T02:32:05.381296Z,7.797,9.315386810102916,7.297,41.286,2138
2025-04-22T02:32:10.359740Z,2025-04-22T02:32:10.369311Z,9.571,9.315506311360465,7.297,41.286,2139
2025-04-22T02:32:15.382567Z,2025-04-22T02:32:15.390289Z,7.7219999999999995,9.314761682243008,7.297,41.286,2140
2025-04-22T02:32:20.378680Z,2025-04-22T02:32:20.403750Z,25.07,9.322120504437196,7.297,41.286,2141
2025-04-22T02:32:25.397190Z,2025-04-22T02:32:25.404891Z,7.7010000000000005,9.321363678804872,7.297,41.286,2142
2025-04-22T02:32:30.400557Z,2025-04-22T02:32:30.408679Z,8.122,9.320804013065814,7.297,41.286,2143
2025-04-22T02:32:35.429625Z,2025-04-22T02:32:35.437844Z,8.219000000000001,9.320290111940317,7.297,41.286,2144
2025-04-22T02:32:40.413574Z,2025-04-22T02:32:40.425912Z,12.338,9.321696969696989,7.297,41.286,2145
2025-04-22T02:32:45.436552Z,2025-04-22T02:32:45.444798Z,8.246,9.321195712954351,7.297,41.286,2146
2025-04-22T02:32:50.444783Z,2025-04-22T02:32:50.453199Z,8.416,9.320774103400112,7.297,41.286,2147
2025-04-22T02:32:55.456364Z,2025-04-22T02:32:55.463888Z,7.524,9.319937616387355,7.297,41.286,2148
2025-04-22T02:33:00.450248Z,2025-04-22T02:33:00.462583Z,12.335,9.321340623545852,7.297,41.286,2149
2025-04-22T02:33:05.474529Z,2025-04-22T02:33:05.482750Z,8.220999999999998,9.320828837209321,7.297,41.286,2150
2025-04-22T02:33:10.474450Z,2025-04-22T02:33:10.482463Z,8.013,9.3202208275221,7.297,41.286,2151
2025-04-22T02:33:15.491408Z,2025-04-22T02:33:15.499734Z,8.326,9.3197588289963,7.297,41.286,2152
2025-04-22T02:33:20.486103Z,2025-04-22T02:33:20.498870Z,12.767000000000001,9.321359962842562,7.297,41.286,2153
2025-04-22T02:33:25.530428Z,2025-04-22T02:33:25.537826Z,7.398,9.320467038068726,7.297,41.286,2154
2025-04-22T02:33:30.508932Z,2025-04-22T02:33:30.516592Z,7.66,9.319696519721594,7.297,41.286,2155
2025-04-22T02:33:35.538804Z,2025-04-22T02:33:35.546608Z,7.804,9.318993506493523,7.297,41.286,2156
2025-04-22T02:33:40.527514Z,2025-04-22T02:33:40.538325Z,10.811,9.319685210941138,7.297,41.286,2157
2025-04-22T02:33:45.544359Z,2025-04-22T02:33:45.552651Z,8.292000000000002,9.319208989805393,7.297,41.286,2158
2025-04-22T02:33:50.546493Z,2025-04-22T02:33:50.555371Z,8.878,9.319004631773986,7.297,41.286,2159
2025-04-22T02:33:55.566178Z,2025-04-22T02:33:55.574183Z,8.005,9.318396296296314,7.297,41.286,2160
2025-04-22T02:34:00.556293Z,2025-04-22T02:34:00.564632Z,8.338999999999999,9.317943081906543,7.297,41.286,2161
2025-04-22T02:34:05.584356Z,2025-04-22T02:34:05.592621Z,8.265,9.317456059204458,7.297,41.286,2162
2025-04-22T02:34:10.580288Z,2025-04-22T02:34:10.588385Z,8.097,9.316891816920961,7.297,41.286,2163
2025-04-22T02:34:15.602215Z,2025-04-22T02:34:15.613099Z,10.884,9.317615988909445,7.297,41.286,2164
2025-04-22T02:34:20.604285Z,2025-04-22T02:34:20.612340Z,8.055,9.317032794457292,7.297,41.286,2165
2025-04-22T02:34:25.618568Z,2025-04-22T02:34:25.627091Z,8.523,9.316666204986166,7.297,41.286,2166
2025-04-22T02:34:30.616312Z,2025-04-22T02:34:30.624556Z,8.244,9.316171204430105,7.297,41.286,2167
2025-04-22T02:34:35.643530Z,2025-04-22T02:34:35.656403Z,12.873000000000001,9.3178118081181,7.297,41.286,2168
2025-04-22T02:34:40.639461Z,2025-04-22T02:34:40.647789Z,8.328000000000001,9.317355463347182,7.297,41.286,2169
2025-04-22T02:34:45.664440Z,2025-04-22T02:34:45.672629Z,8.189,9.316835483870985,7.297,41.286,2170
2025-04-22T02:34:50.659240Z,2025-04-22T02:34:50.667391Z,8.151,9.31629847996317,7.297,41.286,2171
2025-04-22T02:34:55.675180Z,2025-04-22T02:34:55.686865Z,11.684999999999999,9.317389042357293,7.297,41.286,2172
2025-04-22T02:35:00.684164Z,2025-04-22T02:35:00.692466Z,8.302,9.316921767142219,7.297,41.286,2173
2025-04-22T02:35:05.697138Z,2025-04-22T02:35:05.705468Z,8.33,9.316467801287967,7.297,41.286,2174
2025-04-22T02:35:10.691104Z,2025-04-22T02:35:10.699236Z,8.132,9.315923218390823,7.297,41.286,2175
2025-04-22T02:35:15.716114Z,2025-04-22T02:35:15.728575Z,12.461,9.317368566176489,7.297,41.286,2176
2025-04-22T02:35:20.716041Z,2025-04-22T02:35:20.723778Z,7.737,9.31664262746901,7.297,41.286,2177
2025-04-22T02:35:25.732956Z,2025-04-22T02:35:25.741163Z,8.207,9.31613314967862,7.297,41.286,2178
2025-04-22T02:35:30.735296Z,2025-04-22T02:35:30.743463Z,8.167,9.31560578246904,7.297,41.286,2179
2025-04-22T02:35:35.750073Z,2025-04-22T02:35:35.761824Z,11.751,9.316722935779833,7.297,41.286,2180
2025-04-22T02:35:40.751004Z,2025-04-22T02:35:40.759356Z,8.352,9.316280605226975,7.297,41.286,2181
2025-04-22T02:35:45.768109Z,2025-04-22T02:35:45.776148Z,8.039,9.315695233730539,7.297,41.286,2182
2025-04-22T02:35:50.770971Z,2025-04-22T02:35:50.779074Z,8.103000000000002,9.31513971598719,7.297,41.286,2183
2025-04-22T02:35:55.788010Z,2025-04-22T02:35:55.799882Z,11.872,9.316310439560455,7.297,41.286,2184
2025-04-22T02:36:00.787161Z,2025-04-22T02:36:00.795356Z,8.194999999999999,9.315797254004591,7.297,41.286,2185
2025-04-22T02:36:05.807046Z,2025-04-22T02:36:05.815331Z,8.285,9.315325709057655,7.297,41.286,2186
2025-04-22T02:36:10.805995Z,2025-04-22T02:36:10.813991Z,7.9959999999999996,9.314722450845924,7.297,41.286,2187
2025-04-22T02:36:15.829060Z,2025-04-22T02:36:15.856491Z,27.431,9.323002285191972,7.297,41.286,2188
2025-04-22T02:36:20.831928Z,2025-04-22T02:36:20.840428Z,8.5,9.322626313385124,7.297,41.286,2189
2025-04-22T02:36:25.848905Z,2025-04-22T02:36:25.856990Z,8.085,9.32206118721463,7.297,41.286,2190
2025-04-22T02:36:30.851090Z,2025-04-22T02:36:30.859337Z,8.247000000000002,9.321570515746252,7.297,41.286,2191
2025-04-22T02:36:35.867906Z,2025-04-22T02:36:35.880209Z,12.302999999999999,9.322930656934323,7.297,41.286,2192
2025-04-22T02:36:40.862290Z,2025-04-22T02:36:40.870749Z,8.459,9.322536707706355,7.297,41.286,2193
2025-04-22T02:36:45.884952Z,2025-04-22T02:36:45.893438Z,8.486,9.322155423883334,7.297,41.286,2194
2025-04-22T02:36:50.886844Z,2025-04-22T02:36:50.895197Z,8.353,9.321713895216417,7.297,41.286,2195
2025-04-22T02:36:55.904811Z,2025-04-22T02:36:55.917508Z,12.697,9.323250910746829,7.297,41.286,2196
2025-04-22T02:37:00.902912Z,2025-04-22T02:37:00.911266Z,8.354000000000001,9.32280974055532,7.297,41.286,2197
2025-04-22T02:37:05.917690Z,2025-04-22T02:37:05.926090Z,8.4,9.322389899909027,7.297,41.286,2198
2025-04-22T02:37:10.918636Z,2025-04-22T02:37:10.926288Z,7.652,9.321630286493878,7.297,41.286,2199
2025-04-22T02:37:15.943696Z,2025-04-22T02:37:15.951776Z,8.08,9.321065909090928,7.297,41.286,2200
2025-04-22T02:37:20.941128Z,2025-04-22T02:37:20.949200Z,8.072,9.32049840981374,7.297,41.286,2201
2025-04-22T02:37:25.966955Z,2025-04-22T02:37:25.975330Z,8.375,9.32006902815624,7.297,41.286,2202
2025-04-22T02:37:30.962866Z,2025-04-22T02:37:30.973723Z,10.857000000000001,9.320766681797567,7.297,41.286,2203
2025-04-22T02:37:35.976659Z,2025-04-22T02:37:35.984853Z,8.193999999999999,9.320255444646117,7.297,41.286,2204
2025-04-22T02:37:40.981942Z,2025-04-22T02:37:40.990011Z,8.068999999999999,9.319687981859428,7.297,41.286,2205
2025-04-22T02:37:45.999631Z,2025-04-22T02:37:46.007639Z,8.008,9.319093381686328,7.297,41.286,2206
2025-04-22T02:37:50.996656Z,2025-04-22T02:37:51.008681Z,12.024999999999999,9.320319438151355,7.297,41.286,2207
2025-04-22T02:37:56.020171Z,2025-04-22T02:37:56.028583Z,8.411999999999999,9.319908061594221,7.297,41.286,2208
2025-04-22T02:38:01.015862Z,2025-04-22T02:38:01.024435Z,8.573,9.31956994114986,7.297,41.286,2209
2025-04-22T02:38:06.037562Z,2025-04-22T02:38:06.045538Z,7.976000000000001,9.318961990950243,7.297,41.286,2210
2025-04-22T02:38:11.036778Z,2025-04-22T02:38:11.048666Z,11.888,9.320123925825435,7.297,41.286,2211
2025-04-22T02:38:16.058604Z,2025-04-22T02:38:16.066892Z,8.288,9.319657323688986,7.297,41.286,2212
2025-04-22T02:38:21.060562Z,2025-04-22T02:38:21.068778Z,8.216,9.319158608224148,7.297,41.286,2213
2025-04-22T02:38:26.075598Z,2025-04-22T02:38:26.083542Z,7.944,9.318537488708238,7.297,41.286,2214
2025-04-22T02:38:31.071648Z,2025-04-22T02:38:31.084257Z,12.609,9.320023024830716,7.297,41.286,2215
2025-04-22T02:38:36.105068Z,2025-04-22T02:38:36.113492Z,8.424,9.319618682310486,7.297,41.286,2216
2025-04-22T02:38:41.099512Z,2025-04-22T02:38:41.107377Z,7.865,9.318962562020765,7.297,41.286,2217
2025-04-22T02:38:46.114935Z,2025-04-22T02:38:46.123191Z,8.256,9.318483318304796,7.297,41.286,2218
2025-04-22T02:38:51.111478Z,2025-04-22T02:38:51.123338Z,11.860000000000001,9.319628661559278,7.297,41.286,2219
2025-04-22T02:38:56.129993Z,2025-04-22T02:38:56.138047Z,8.054,9.319058558558575,7.297,41.286,2220
2025-04-22T02:39:01.127841Z,2025-04-22T02:39:01.135943Z,8.102,9.318510580819467,7.297,41.286,2221
2025-04-22T02:39:06.152338Z,2025-04-22T02:39:06.160574Z,8.236,9.318023402340252,7.297,41.286,2222
2025-04-22T02:39:11.153408Z,2025-04-22T02:39:11.165719Z,12.311,9.319369770580314,7.297,41.286,2223
2025-04-22T02:39:16.171309Z,2025-04-22T02:39:16.179521Z,8.212,9.318871852518004,7.297,41.286,2224
2025-04-22T02:39:21.171565Z,2025-04-22T02:39:21.179492Z,7.927,9.318246292134848,7.297,41.286,2225
2025-04-22T02:39:26.189319Z,2025-04-22T02:39:26.197420Z,8.101,9.317699460916458,7.297,41.286,2226
2025-04-22T02:39:31.188487Z,2025-04-22T02:39:31.200448Z,11.960999999999999,9.318886394252374,7.297,41.286,2227
2025-04-22T02:39:36.215215Z,2025-04-22T02:39:36.224254Z,9.039,9.318760771992837,7.297,41.286,2228
2025-04-22T02:39:41.209971Z,2025-04-22T02:39:41.217950Z,7.979,9.318159712875746,7.297,41.286,2229
2025-04-22T02:39:46.230278Z,2025-04-22T02:39:46.237936Z,7.6579999999999995,9.317415246636788,7.297,41.286,2230
2025-04-22T02:39:51.226408Z,2025-04-22T02:39:51.237990Z,11.582,9.318430300313777,7.297,41.286,2231
2025-04-22T02:39:56.247712Z,2025-04-22T02:39:56.256085Z,8.373000000000001,9.318006720430123,7.297,41.286,2232
2025-04-22T02:40:01.240642Z,2025-04-22T02:40:01.248404Z,7.762,9.317309896999568,7.297,41.286,2233
2025-04-22T02:40:06.298196Z,2025-04-22T02:40:06.306192Z,7.9959999999999996,9.316718442256057,7.297,41.286,2234
2025-04-22T02:40:11.263787Z,2025-04-22T02:40:11.287982Z,24.195,9.323375391498896,7.297,41.286,2235
2025-04-22T02:40:16.282380Z,2025-04-22T02:40:16.290479Z,8.099,9.322827817531321,7.297,41.286,2236
2025-04-22T02:40:21.290136Z,2025-04-22T02:40:21.297917Z,7.781,9.322138578453302,7.297,41.286,2237
2025-04-22T02:40:26.302208Z,2025-04-22T02:40:26.310140Z,7.9319999999999995,9.321517426273475,7.297,41.286,2238
2025-04-22T02:40:31.307138Z,2025-04-22T02:40:31.319475Z,12.337000000000002,9.322864225100506,7.297,41.286,2239
2025-04-22T02:40:36.321248Z,2025-04-22T02:40:36.329283Z,8.035,9.3222892857143,7.297,41.286,2240
2025-04-22T02:40:41.321186Z,2025-04-22T02:40:41.329190Z,8.004000000000001,9.321701026327547,7.297,41.286,2241
2025-04-22T02:40:46.335561Z,2025-04-22T02:40:46.343537Z,7.976000000000001,9.321100802854607,7.297,41.286,2242
2025-04-22T02:40:51.340054Z,2025-04-22T02:40:51.348196Z,8.142,9.32057512260367,7.297,41.286,2243
2025-04-22T02:40:56.360048Z,2025-04-22T02:40:56.368018Z,7.97,9.3199732620321,7.297,41.286,2244
2025-04-22T02:41:01.352938Z,2025-04-22T02:41:01.361110Z,8.172,9.319461915367496,7.297,41.286,2245
2025-04-22T02:41:06.396013Z,2025-04-22T02:41:06.406705Z,10.692,9.320073018699924,7.297,41.286,2246
2025-04-22T02:41:11.378085Z,2025-04-22T02:41:11.386343Z,8.258,9.319600356030277,7.297,41.286,2247
2025-04-22T02:41:16.396182Z,2025-04-22T02:41:16.404703Z,8.521,9.31924510676158,7.297,41.286,2248
2025-04-22T02:41:21.400067Z,2025-04-22T02:41:21.408352Z,8.285,9.318785237883517,7.297,41.286,2249
2025-04-22T02:41:26.416978Z,2025-04-22T02:41:26.429277Z,12.299,9.32010977777779,7.297,41.286,2250
2025-04-22T02:41:31.415095Z,2025-04-22T02:41:31.423403Z,8.308,9.319660151043994,7.297,41.286,2251
2025-04-22T02:41:36.435972Z,2025-04-22T02:41:36.444145Z,8.173,9.319150976909427,7.297,41.286,2252
2025-04-22T02:41:41.430962Z,2025-04-22T02:41:41.438876Z,7.913999999999999,9.318527296937429,7.297,41.286,2253
2025-04-22T02:41:46.465069Z,2025-04-22T02:41:46.477619Z,12.55,9.319960958296376,7.297,41.286,2254
2025-04-22T02:41:51.452320Z,2025-04-22T02:41:51.460091Z,7.771,9.31927405764968,7.297,41.286,2255
2025-04-22T02:41:56.472346Z,2025-04-22T02:41:56.480304Z,7.958,9.318670656028383,7.297,41.286,2256
2025-04-22T02:42:01.474162Z,2025-04-22T02:42:01.483100Z,8.938,9.318501993797089,7.297,41.286,2257
2025-04-22T02:42:06.495920Z,2025-04-22T02:42:06.508395Z,12.475,9.319899911426052,7.297,41.286,2258
2025-04-22T02:42:11.494320Z,2025-04-22T02:42:11.502539Z,8.219000000000001,9.319412571934498,7.297,41.286,2259
2025-04-22T02:42:16.514988Z,2025-04-22T02:42:16.523188Z,8.200000000000001,9.31891725663718,7.297,41.286,2260
2025-04-22T02:42:21.509724Z,2025-04-22T02:42:21.517827Z,8.103000000000002,9.318379478107044,7.297,41.286,2261
2025-04-22T02:42:26.537790Z,2025-04-22T02:42:26.549636Z,11.846,9.319496905393466,7.297,41.286,2262
2025-04-22T02:42:31.532000Z,2025-04-22T02:42:31.540099Z,8.099,9.318957578435715,7.297,41.286,2263
2025-04-22T02:42:36.564629Z,2025-04-22T02:42:36.572447Z,7.8180000000000005,9.318294611307431,7.297,41.286,2264
2025-04-22T02:42:41.556962Z,2025-04-22T02:42:41.564590Z,7.628,9.317548344370872,7.297,41.286,2265
2025-04-22T02:42:46.570710Z,2025-04-22T02:42:46.583518Z,12.808,9.319088702559588,7.297,41.286,2266
2025-04-22T02:42:51.577974Z,2025-04-22T02:42:51.585692Z,7.718,9.318382443758281,7.297,41.286,2267
2025-04-22T02:42:56.597212Z,2025-04-22T02:42:56.604939Z,7.727,9.317680776014122,7.297,41.286,2268
2025-04-22T02:43:01.590890Z,2025-04-22T02:43:01.599366Z,8.475999999999999,9.317309828118125,7.297,41.286,2269
2025-04-22T02:43:06.612719Z,2025-04-22T02:43:06.625052Z,12.333,9.318638325991202,7.297,41.286,2270
2025-04-22T02:43:11.621746Z,2025-04-22T02:43:11.629731Z,7.985000000000001,9.318051078819916,7.297,41.286,2271
2025-04-22T02:43:16.629639Z,2025-04-22T02:43:16.637952Z,8.312999999999999,9.317608714788745,7.297,41.286,2272
2025-04-22T02:43:21.628796Z,2025-04-22T02:43:21.636891Z,8.095,9.317070831500233,7.297,41.286,2273
2025-04-22T02:43:26.646771Z,2025-04-22T02:43:26.658985Z,12.213999999999999,9.318344766930533,7.297,41.286,2274
2025-04-22T02:43:31.644642Z,2025-04-22T02:43:31.652388Z,7.746,9.317653626373641,7.297,41.286,2275
2025-04-22T02:43:36.676152Z,2025-04-22T02:43:36.684431Z,8.279,9.317197275922688,7.297,41.286,2276
2025-04-22T02:43:41.665760Z,2025-04-22T02:43:41.675295Z,9.535,9.317292929292945,7.297,41.286,2277
2025-04-22T02:43:46.682727Z,2025-04-22T02:43:46.694262Z,11.535,9.318266461808618,7.297,41.286,2278
2025-04-22T02:43:51.686764Z,2025-04-22T02:43:51.695052Z,8.288,9.317814392277329,7.297,41.286,2279
2025-04-22T02:43:56.703911Z,2025-04-22T02:43:56.711969Z,8.058,9.317261842105276,7.297,41.286,2280
2025-04-22T02:44:01.699781Z,2025-04-22T02:44:01.708393Z,8.612,9.316952652345476,7.297,41.286,2281
2025-04-22T02:44:06.716585Z,2025-04-22T02:44:06.740927Z,24.342,9.323536809815964,7.297,41.286,2282
2025-04-22T02:44:11.721215Z,2025-04-22T02:44:11.729366Z,8.151,9.323023215067908,7.297,41.286,2283
2025-04-22T02:44:16.737527Z,2025-04-22T02:44:16.745630Z,8.103000000000002,9.322489054290731,7.297,41.286,2284
2025-04-22T02:44:21.740532Z,2025-04-22T02:44:21.748709Z,8.177,9.321987746170691,7.297,41.286,2285
2025-04-22T02:44:26.757505Z,2025-04-22T02:44:26.770390Z,12.885,9.323546369203864,7.297,41.286,2286
2025-04-22T02:44:31.757452Z,2025-04-22T02:44:31.765691Z,8.238999999999999,9.323072146917372,7.297,41.286,2287
2025-04-22T02:44:36.772534Z,2025-04-22T02:44:36.780836Z,8.302,9.322625874125889,7.297,41.286,2288
2025-04-22T02:44:41.781387Z,2025-04-22T02:44:41.789898Z,8.511,9.322271297509843,7.297,41.286,2289
2025-04-22T02:44:46.794548Z,2025-04-22T02:44:46.802384Z,7.835999999999999,9.321622270742372,7.297,41.286,2290
2025-04-22T02:44:51.792133Z,2025-04-22T02:44:51.800506Z,8.373000000000001,9.321208206023584,7.297,41.286,2291
2025-04-22T02:44:56.812420Z,2025-04-22T02:44:56.820593Z,8.173,9.320707242582909,7.297,41.286,2292
2025-04-22T02:45:01.812625Z,2025-04-22T02:45:01.823609Z,10.984,9.321432621020511,7.297,41.286,2293
2025-04-22T02:45:06.833378Z,2025-04-22T02:45:06.841556Z,8.177999999999999,9.32093417611161,7.297,41.286,2294
2025-04-22T02:45:11.831479Z,2025-04-22T02:45:11.839439Z,7.96,9.320341176470603,7.297,41.286,2295
2025-04-22T02:45:16.852353Z,2025-04-22T02:45:16.860592Z,8.238999999999999,9.319870209059246,7.297,41.286,2296
2025-04-22T02:45:21.849620Z,2025-04-22T02:45:21.863123Z,13.503,9.321691336525916,7.297,41.286,2297
2025-04-22T02:45:26.869342Z,2025-04-22T02:45:26.877413Z,8.071,9.32114708442125,7.297,41.286,2298
2025-04-22T02:45:31.867373Z,2025-04-22T02:45:31.875516Z,8.142999999999999,9.320634623749472,7.297,41.286,2299
2025-04-22T02:45:36.887369Z,2025-04-22T02:45:36.895571Z,8.202,9.32014826086958,7.297,41.286,2300
2025-04-22T02:45:41.887316Z,2025-04-22T02:45:41.899498Z,12.182,9.321392003476763,7.297,41.286,2301
2025-04-22T02:45:46.904281Z,2025-04-22T02:45:46.912456Z,8.175,9.320894005212873,7.297,41.286,2302
2025-04-22T02:45:51.908325Z,2025-04-22T02:45:51.916413Z,8.088,9.320358662613998,7.297,41.286,2303
2025-04-22T02:45:56.924256Z,2025-04-22T02:45:56.931973Z,7.717,9.319662760416682,7.297,41.286,2304
2025-04-22T02:46:01.924431Z,2025-04-22T02:46:01.937408Z,12.977,9.321249457700667,7.297,41.286,2305
2025-04-22T02:46:06.954240Z,2025-04-22T02:46:06.962135Z,7.895,9.320630962706,7.297,41.286,2306
2025-04-22T02:46:11.944591Z,2025-04-22T02:46:11.952878Z,8.286999999999999,9.320182921543145,7.297,41.286,2307
2025-04-22T02:46:16.964259Z,2025-04-22T02:46:16.972275Z,8.016,9.319617850953222,7.297,41.286,2308
2025-04-22T02:46:21.972234Z,2025-04-22T02:46:21.984615Z,12.381,9.320943698570826,7.297,41.286,2309
2025-04-22T02:46:26.982170Z,2025-04-22T02:46:26.990325Z,8.155000000000001,9.320438961038976,7.297,41.286,2310
2025-04-22T02:46:31.984190Z,2025-04-22T02:46:31.992322Z,8.132,9.319924707918664,7.297,41.286,2311
2025-04-22T02:46:37.000180Z,2025-04-22T02:46:37.008389Z,8.209,9.319444204152266,7.297,41.286,2312
2025-04-22T02:46:42.001288Z,2025-04-22T02:46:42.012913Z,11.625,9.32044098573283,7.297,41.286,2313
2025-04-22T02:46:47.018110Z,2025-04-22T02:46:47.026112Z,8.002,9.319871218668988,7.297,41.286,2314
2025-04-22T02:46:52.018122Z,2025-04-22T02:46:52.025666Z,7.5440000000000005,9.319104103671723,7.297,41.286,2315
2025-04-22T02:46:57.032073Z,2025-04-22T02:46:57.040550Z,8.477,9.318740500863573,7.297,41.286,2316
2025-04-22T02:47:02.035266Z,2025-04-22T02:47:02.048498Z,13.232000000000001,9.32042943461374,7.297,41.286,2317
2025-04-22T02:47:07.054057Z,2025-04-22T02:47:07.062157Z,8.1,9.319902933563432,7.297,41.286,2318
2025-04-22T02:47:12.054073Z,2025-04-22T02:47:12.062137Z,8.064,9.319361362656332,7.297,41.286,2319
2025-04-22T02:47:17.074120Z,2025-04-22T02:47:17.082507Z,8.387,9.318959482758634,7.297,41.286,2320
2025-04-22T02:47:22.073281Z,2025-04-22T02:47:22.085434Z,12.153,9.320180525635516,7.297,41.286,2321
2025-04-22T02:47:27.094068Z,2025-04-22T02:47:27.102156Z,8.088,9.31964987080105,7.297,41.286,2322
2025-04-22T02:47:32.092029Z,2025-04-22T02:47:32.100390Z,8.361,9.319237193284561,7.297,41.286,2323
2025-04-22T02:47:37.112060Z,2025-04-22T02:47:37.120504Z,8.444,9.318860585197951,7.297,41.286,2324
2025-04-22T02:47:42.113153Z,2025-04-22T02:47:42.124884Z,11.731,9.319898064516146,7.297,41.286,2325
2025-04-22T02:47:47.133081Z,2025-04-22T02:47:47.142118Z,9.036999999999999,9.319776440240773,7.297,41.286,2326
2025-04-22T02:47:52.132055Z,2025-04-22T02:47:52.140317Z,8.262,9.319321873657085,7.297,41.286,2327
2025-04-22T02:47:57.150189Z,2025-04-22T02:47:57.158115Z,7.926000000000001,9.31872336769761,7.297,41.286,2328
2025-04-22T02:48:02.146382Z,2025-04-22T02:48:02.171960Z,25.578,9.325704594246474,7.297,41.286,2329
2025-04-22T02:48:07.170986Z,2025-04-22T02:48:07.179413Z,8.427,9.325318884120188,7.297,41.286,2330
2025-04-22T02:48:12.169050Z,2025-04-22T02:48:12.177349Z,8.299000000000001,9.324878592878608,7.297,41.286,2331
2025-04-22T02:48:17.187903Z,2025-04-22T02:48:17.195775Z,7.872000000000001,9.32425557461408,7.297,41.286,2332
2025-04-22T02:48:22.188994Z,2025-04-22T02:48:22.201666Z,12.671999999999999,9.325690527218189,7.297,41.286,2333
2025-04-22T02:48:27.205906Z,2025-04-22T02:48:27.213864Z,7.958,9.325104541559568,7.297,41.286,2334
2025-04-22T02:48:32.205878Z,2025-04-22T02:48:32.213861Z,7.9830000000000005,9.324529764453976,7.297,41.286,2335
2025-04-22T02:48:37.237355Z,2025-04-22T02:48:37.245495Z,8.139999999999999,9.324022688356179,7.297,41.286,2336
2025-04-22T02:48:42.225901Z,2025-04-22T02:48:42.239060Z,13.159,9.32566367137357,7.297,41.286,2337
2025-04-22T02:48:47.241852Z,2025-04-22T02:48:47.249819Z,7.9670000000000005,9.325082549187355,7.297,41.286,2338
2025-04-22T02:48:52.241760Z,2025-04-22T02:48:52.249828Z,8.068000000000001,9.324545104745635,7.297,41.286,2339
2025-04-22T02:48:57.262866Z,2025-04-22T02:48:57.270877Z,8.011000000000001,9.323983760683777,7.297,41.286,2340
2025-04-22T02:49:02.257713Z,2025-04-22T02:49:02.270097Z,12.383999999999999,9.325290901324237,7.297,41.286,2341
2025-04-22T02:49:07.281733Z,2025-04-22T02:49:07.289777Z,8.044,9.32474380871052,7.297,41.286,2342
2025-04-22T02:49:12.276601Z,2025-04-22T02:49:12.284777Z,8.175999999999998,9.324253521126776,7.297,41.286,2343
2025-04-22T02:49:17.300604Z,2025-04-22T02:49:17.308391Z,7.787,9.323597696245752,7.297,41.286,2344
2025-04-22T02:49:22.311076Z,2025-04-22T02:49:22.324369Z,13.293,9.325290405117288,7.297,41.286,2345
2025-04-22T02:49:27.321815Z,2025-04-22T02:49:27.329877Z,8.062,9.324751918158585,7.297,41.286,2346
2025-04-22T02:49:32.321705Z,2025-04-22T02:49:32.329904Z,8.199,9.324272262462735,7.297,41.286,2347
2025-04-22T02:49:37.338634Z,2025-04-22T02:49:37.346797Z,8.163,9.3237776831346,7.297,41.286,2348
2025-04-22T02:49:42.336704Z,2025-04-22T02:49:42.344507Z,7.803,9.32313026819925,7.297,41.286,2349
2025-04-22T02:49:47.353653Z,2025-04-22T02:49:47.361691Z,8.038,9.322583404255337,7.297,41.286,2350
2025-04-22T02:49:52.355028Z,2025-04-22T02:49:52.362802Z,7.774,9.32192471288815,7.297,41.286,2351
2025-04-22T02:49:57.373910Z,2025-04-22T02:49:57.385038Z,11.128,9.322692602040833,7.297,41.286,2352
2025-04-22T02:50:02.372045Z,2025-04-22T02:50:02.379999Z,7.953999999999999,9.322110922226962,7.297,41.286,2353
2025-04-22T02:50:07.393569Z,2025-04-22T02:50:07.401796Z,8.227,9.321645709430774,7.297,41.286,2354
2025-04-22T02:50:12.394476Z,2025-04-22T02:50:12.401820Z,7.343999999999999,9.32080594479832,7.297,41.286,2355
2025-04-22T02:50:17.410621Z,2025-04-22T02:50:17.422556Z,11.934999999999999,9.321915534804772,7.297,41.286,2356
2025-04-22T02:50:22.415917Z,2025-04-22T02:50:22.423925Z,8.008,9.321358082308038,7.297,41.286,2357
2025-04-22T02:50:27.435834Z,2025-04-22T02:50:27.444425Z,8.591,9.321048346055997,7.297,41.286,2358
2025-04-22T02:50:32.423606Z,2025-04-22T02:50:32.431154Z,7.548,9.320296735905064,7.297,41.286,2359
2025-04-22T02:50:37.449556Z,2025-04-22T02:50:37.461322Z,11.766,9.321333050847477,7.297,41.286,2360
2025-04-22T02:50:42.450608Z,2025-04-22T02:50:42.458865Z,8.257,9.320882253282527,7.297,41.286,2361
2025-04-22T02:50:47.468513Z,2025-04-22T02:50:47.476301Z,7.787999999999999,9.320233276884016,7.297,41.286,2362
2025-04-22T02:50:52.469398Z,2025-04-22T02:50:52.477640Z,8.241999999999999,9.319776978417284,7.297,41.286,2363
2025-04-22T02:50:57.487622Z,2025-04-22T02:50:57.499276Z,11.654,9.320764382402727,7.297,41.286,2364
2025-04-22T02:51:02.487449Z,2025-04-22T02:51:02.495347Z,7.898000000000001,9.320162790697694,7.297,41.286,2365
2025-04-22T02:51:07.511748Z,2025-04-22T02:51:07.520472Z,8.724,9.319910819949301,7.297,41.286,2366
2025-04-22T02:51:12.503980Z,2025-04-22T02:51:12.512447Z,8.467,9.319550485847085,7.297,41.286,2367
2025-04-22T02:51:17.527356Z,2025-04-22T02:51:17.538901Z,11.545,9.320490287162182,7.297,41.286,2368
2025-04-22T02:51:22.525845Z,2025-04-22T02:51:22.533924Z,8.078999999999999,9.319966230477014,7.297,41.286,2369
2025-04-22T02:51:27.544467Z,2025-04-22T02:51:27.552656Z,8.189,9.319489029535886,7.297,41.286,2370
2025-04-22T02:51:32.546392Z,2025-04-22T02:51:32.554306Z,7.913999999999999,9.318896246309594,7.297,41.286,2371
2025-04-22T02:51:37.564406Z,2025-04-22T02:51:37.576370Z,11.964,9.320011382799345,7.297,41.286,2372
2025-04-22T02:51:42.565261Z,2025-04-22T02:51:42.572952Z,7.691,9.319324905183333,7.297,41.286,2373
2025-04-22T02:51:47.582365Z,2025-04-22T02:51:47.590706Z,8.341,9.318912805391765,7.297,41.286,2374
2025-04-22T02:51:52.584210Z,2025-04-22T02:51:52.592345Z,8.135,9.318414315789495,7.297,41.286,2375
2025-04-22T02:51:57.601560Z,2025-04-22T02:51:57.625649Z,24.089,9.324630892255914,7.297,41.286,2376
2025-04-22T02:52:02.600206Z,2025-04-22T02:52:02.607985Z,7.779,9.323980647875494,7.297,41.286,2377
2025-04-22T02:52:07.628334Z,2025-04-22T02:52:07.637076Z,8.741999999999999,9.32373591253156,7.297,41.286,2378
2025-04-22T02:52:12.618292Z,2025-04-22T02:52:12.625868Z,7.5760000000000005,9.323001261034069,7.297,41.286,2379
2025-04-22T02:52:17.637256Z,2025-04-22T02:52:17.649449Z,12.193000000000001,9.324207142857164,7.297,41.286,2380
2025-04-22T02:52:22.648506Z,2025-04-22T02:52:22.656457Z,7.951,9.323630407391873,7.297,41.286,2381
2025-04-22T02:52:27.654289Z,2025-04-22T02:52:27.662432Z,8.142999999999999,9.32313476070531,7.297,41.286,2382
2025-04-22T02:52:32.653724Z,2025-04-22T02:52:32.661344Z,7.62,9.322420058749497,7.297,41.286,2383
2025-04-22T02:52:37.674303Z,2025-04-22T02:52:37.687456Z,13.153,9.324026845637604,7.297,41.286,2384
2025-04-22T02:52:42.675456Z,2025-04-22T02:52:42.683292Z,7.835999999999999,9.323402935010503,7.297,41.286,2385
2025-04-22T02:52:47.700250Z,2025-04-22T02:52:47.708561Z,8.311,9.322978625314354,7.297,41.286,2386
2025-04-22T02:52:52.702460Z,2025-04-22T02:52:52.710620Z,8.16,9.322491411814012,7.297,41.286,2387
2025-04-22T02:52:57.718140Z,2025-04-22T02:52:57.730404Z,12.264000000000001,9.323723199330002,7.297,41.286,2388
2025-04-22T02:53:02.716312Z,2025-04-22T02:53:02.724442Z,8.13,9.323223524487252,7.297,41.286,2389
2025-04-22T02:53:07.738137Z,2025-04-22T02:53:07.746137Z,8.0,9.322669874477008,7.297,41.286,2390
2025-04-22T02:53:12.735294Z,2025-04-22T02:53:12.743412Z,8.118,9.322166039314114,7.297,41.286,2391
2025-04-22T02:53:17.758152Z,2025-04-22T02:53:17.771071Z,12.919,9.323669732441491,7.297,41.286,2392
2025-04-22T02:53:22.776116Z,2025-04-22T02:53:22.784311Z,8.194999999999999,9.323198077726722,7.297,41.286,2393
2025-04-22T02:53:27.774060Z,2025-04-22T02:53:27.782227Z,8.167,9.322715121136193,7.297,41.286,2394
2025-04-22T02:53:32.775197Z,2025-04-22T02:53:32.784021Z,8.824,9.322506889352837,7.297,41.286,2395
2025-04-22T02:53:37.801130Z,2025-04-22T02:53:37.814450Z,13.32,9.324175292153608,7.297,41.286,2396
2025-04-22T02:53:42.793247Z,2025-04-22T02:53:42.801113Z,7.866,9.323566958698393,7.297,41.286,2397
2025-04-22T02:53:47.811980Z,2025-04-22T02:53:47.819804Z,7.823999999999999,9.322941618015033,7.297,41.286,2398
2025-04-22T02:53:52.818020Z,2025-04-22T02:53:52.825693Z,7.673,9.322253855773258,7.297,41.286,2399
2025-04-22T02:53:57.839328Z,2025-04-22T02:53:57.847077Z,7.749,9.321598333333352,7.297,41.286,2400
2025-04-22T02:54:02.829770Z,2025-04-22T02:54:02.837121Z,7.351,9.32077759266974,7.297,41.286,2401
2025-04-22T02:54:07.855919Z,2025-04-22T02:54:07.863944Z,8.024999999999999,9.320238134887614,7.297,41.286,2402
2025-04-22T02:54:12.849396Z,2025-04-22T02:54:12.860419Z,11.023,9.320946733250125,7.297,41.286,2403
2025-04-22T02:54:17.884016Z,2025-04-22T02:54:17.892649Z,8.633000000000001,9.320660565723815,7.297,41.286,2404
2025-04-22T02:54:22.871225Z,2025-04-22T02:54:22.879553Z,8.328000000000001,9.320247817047838,7.297,41.286,2405
2025-04-22T02:54:27.887863Z,2025-04-22T02:54:27.896069Z,8.206,9.319784704904427,7.297,41.286,2406
2025-04-22T02:54:32.892920Z,2025-04-22T02:54:32.904999Z,12.078999999999999,9.32093103448278,7.297,41.286,2407
2025-04-22T02:54:37.911900Z,2025-04-22T02:54:37.920074Z,8.174000000000001,9.32045473421929,7.297,41.286,2408
2025-04-22T02:54:42.911984Z,2025-04-22T02:54:42.920337Z,8.353,9.320053134080553,7.297,41.286,2409
2025-04-22T02:54:47.926970Z,2025-04-22T02:54:47.935302Z,8.332,9.319643153526991,7.297,41.286,2410
2025-04-22T02:54:52.924556Z,2025-04-22T02:54:52.936066Z,11.51,9.320551638324368,7.297,41.286,2411
2025-04-22T02:54:57.943842Z,2025-04-22T02:54:57.952391Z,8.549,9.3202317578773,7.297,41.286,2412
2025-04-22T02:55:02.937898Z,2025-04-22T02:55:02.946068Z,8.17,9.319755076668068,7.297,41.286,2413
2025-04-22T02:55:07.965794Z,2025-04-22T02:55:07.973746Z,7.952000000000001,9.319188483844263,7.297,41.286,2414
2025-04-22T02:55:12.958990Z,2025-04-22T02:55:12.972178Z,13.188,9.320790476190496,7.297,41.286,2415
2025-04-22T02:55:17.983738Z,2025-04-22T02:55:17.991750Z,8.012,9.320248758278165,7.297,41.286,2416
2025-04-22T02:55:22.982967Z,2025-04-22T02:55:22.991020Z,8.052999999999999,9.319724451799772,7.297,41.286,2417
2025-04-22T02:55:28.000880Z,2025-04-22T02:55:28.009057Z,8.177,9.319251861042204,7.297,41.286,2418
2025-04-22T02:55:33.000715Z,2025-04-22T02:55:33.012850Z,12.135,9.320415874328255,7.297,41.286,2419
2025-04-22T02:55:38.018749Z,2025-04-22T02:55:38.027106Z,8.357,9.320017768595061,7.297,41.286,2420
2025-04-22T02:55:43.021728Z,2025-04-22T02:55:43.029853Z,8.125,9.319524163568794,7.297,41.286,2421
2025-04-22T02:55:48.038760Z,2025-04-22T02:55:48.046929Z,8.168999999999999,9.319049132947995,7.297,41.286,2422
2025-04-22T02:55:53.035233Z,2025-04-22T02:55:53.059615Z,24.382,9.325265786215455,7.297,41.286,2423
2025-04-22T02:55:58.053186Z,2025-04-22T02:55:58.061152Z,7.966000000000001,9.324705033003319,7.297,41.286,2424
2025-04-22T02:56:03.054980Z,2025-04-22T02:56:03.063100Z,8.120000000000001,9.324208247422701,7.297,41.286,2425
2025-04-22T02:56:08.074628Z,2025-04-22T02:56:08.082755Z,8.127,9.323714756801339,7.297,41.286,2426
2025-04-22T02:56:13.071758Z,2025-04-22T02:56:13.084121Z,12.363000000000001,9.32496703749487,7.297,41.286,2427
2025-04-22T02:56:18.093646Z,2025-04-22T02:56:18.101628Z,7.981999999999999,9.32441392092259,7.297,41.286,2428
2025-04-22T02:56:23.090358Z,2025-04-22T02:56:23.098365Z,8.007,9.323871552079064,7.297,41.286,2429
2025-04-22T02:56:28.120898Z,2025-04-22T02:56:28.129284Z,8.386,9.323485596707838,7.297,41.286,2430
2025-04-22T02:56:33.111546Z,2025-04-22T02:56:33.123989Z,12.443,9.3247688194159,7.297,41.286,2431
2025-04-22T02:56:38.132514Z,2025-04-22T02:56:38.140784Z,8.27,9.3243351151316,7.297,41.286,2432
2025-04-22T02:56:43.125328Z,2025-04-22T02:56:43.132977Z,7.649,9.323646526921516,7.297,41.286,2433
2025-04-22T02:56:48.149546Z,2025-04-22T02:56:48.157119Z,7.5729999999999995,9.322927280197229,7.297,41.286,2434
2025-04-22T02:56:53.148725Z,2025-04-22T02:56:53.162399Z,13.674000000000001,9.324714168377845,7.297,41.286,2435
2025-04-22T02:56:58.169603Z,2025-04-22T02:56:58.177753Z,8.149999999999999,9.324231937602649,7.297,41.286,2436
2025-04-22T02:57:03.165969Z,2025-04-22T02:57:03.174396Z,8.427,9.323863766926571,7.297,41.286,2437
2025-04-22T02:57:08.188692Z,2025-04-22T02:57:08.197161Z,8.469000000000001,9.323513125512738,7.297,41.286,2438
2025-04-22T02:57:13.183085Z,2025-04-22T02:57:13.191164Z,8.078999999999999,9.323002870028724,7.297,41.286,2439
2025-04-22T02:57:18.206678Z,2025-04-22T02:57:18.214987Z,8.309000000000001,9.32258729508199,7.297,41.286,2440
2025-04-22T02:57:23.206447Z,2025-04-22T02:57:23.214466Z,8.019,9.322053256861965,7.297,41.286,2441
2025-04-22T02:57:28.223599Z,2025-04-22T02:57:28.234610Z,11.011,9.322744881244905,7.297,41.286,2442
2025-04-22T02:57:33.219420Z,2025-04-22T02:57:33.227976Z,8.556,9.32243102742532,7.297,41.286,2443
2025-04-22T02:57:38.247409Z,2025-04-22T02:57:38.255246Z,7.837000000000001,9.32182324058922,7.297,41.286,2444
2025-04-22T02:57:43.239928Z,2025-04-22T02:57:43.248129Z,8.201,9.32136482617589,7.297,41.286,2445
2025-04-22T02:57:48.259491Z,2025-04-22T02:57:48.271488Z,11.997,9.32245870809487,7.297,41.286,2446
2025-04-22T02:57:53.260423Z,2025-04-22T02:57:53.268553Z,8.13,9.321971393543137,7.297,41.286,2447
2025-04-22T02:57:58.283675Z,2025-04-22T02:57:58.291620Z,7.945,9.32140890522878,7.297,41.286,2448
2025-04-22T02:58:03.284296Z,2025-04-22T02:58:03.292384Z,8.088,9.320905267456128,7.297,41.286,2449
2025-04-22T02:58:08.301295Z,2025-04-22T02:58:08.313505Z,12.21,9.322084489795941,7.297,41.286,2450
2025-04-22T02:58:13.291520Z,2025-04-22T02:58:13.299683Z,8.163,9.321611587107325,7.297,41.286,2451
2025-04-22T02:58:18.317252Z,2025-04-22T02:58:18.325662Z,8.41,9.321239804241458,7.297,41.286,2452
2025-04-22T02:58:23.315447Z,2025-04-22T02:58:23.323517Z,8.07,9.320729718711805,7.297,41.286,2453
2025-04-22T02:58:28.337348Z,2025-04-22T02:58:28.349480Z,12.132,9.321875305623495,7.297,41.286,2454
2025-04-22T02:58:33.334647Z,2025-04-22T02:58:33.343272Z,8.625,9.321591446028537,7.297,41.286,2455
2025-04-22T02:58:38.362278Z,2025-04-22T02:58:38.370351Z,8.073,9.321083061889274,7.297,41.286,2456
2025-04-22T02:58:43.355510Z,2025-04-22T02:58:43.363655Z,8.145,9.320604395604416,7.297,41.286,2457
2025-04-22T02:58:48.368891Z,2025-04-22T02:58:48.381051Z,12.16,9.321759560618412,7.297,41.286,2458
2025-04-22T02:58:53.373328Z,2025-04-22T02:58:53.381721Z,8.392999999999999,9.321381862545774,7.297,41.286,2459
2025-04-22T02:58:58.394177Z,2025-04-22T02:58:58.402420Z,8.243,9.320943495934982,7.297,41.286,2460
2025-04-22T02:59:03.393261Z,2025-04-22T02:59:03.401387Z,8.126,9.320457943925257,7.297,41.286,2461
2025-04-22T02:59:08.412801Z,2025-04-22T02:59:08.425465Z,12.664,9.321816003249415,7.297,41.286,2462
2025-04-22T02:59:13.409556Z,2025-04-22T02:59:13.417627Z,8.071,9.321308160779562,7.297,41.286,2463
2025-04-22T02:59:18.429562Z,2025-04-22T02:59:18.438301Z,8.739,9.321071834415608,7.297,41.286,2464
2025-04-22T02:59:23.433203Z,2025-04-22T02:59:23.441801Z,8.597999999999999,9.320778498985826,7.297,41.286,2465
2025-04-22T02:59:28.450071Z,2025-04-22T02:59:28.461970Z,11.899,9.321824006488264,7.297,41.286,2466
2025-04-22T02:59:33.448319Z,2025-04-22T02:59:33.456735Z,8.416,9.32145683015811,7.297,41.286,2467
2025-04-22T02:59:38.474054Z,2025-04-22T02:59:38.482209Z,8.155000000000001,9.32098419773098,7.297,41.286,2468
2025-04-22T02:59:43.467093Z,2025-04-22T02:59:43.475345Z,8.252,9.320551235317964,7.297,41.286,2469
2025-04-22T02:59:48.484708Z,2025-04-22T02:59:48.509976Z,25.267999999999997,9.327007692307715,7.297,41.286,2470
2025-04-22T02:59:53.484144Z,2025-04-22T02:59:53.492157Z,8.013,9.326475920679908,7.297,41.286,2471
2025-04-22T02:59:58.504782Z,2025-04-22T02:59:58.512927Z,8.145,9.3259979773463,7.297,41.286,2472
2025-04-22T03:00:03.498865Z,2025-04-22T03:00:03.506874Z,8.009,9.325465426607382,7.297,41.286,2473
2025-04-22T03:00:08.521012Z,2025-04-22T03:00:08.533147Z,12.135,9.32660105092969,7.297,41.286,2474
2025-04-22T03:00:13.521002Z,2025-04-22T03:00:13.529319Z,8.317,9.326193131313154,7.297,41.286,2475
2025-04-22T03:00:18.545065Z,2025-04-22T03:00:18.553432Z,8.366999999999999,9.325805735056566,7.297,41.286,2476
2025-04-22T03:00:23.542019Z,2025-04-22T03:00:23.550127Z,8.108,9.32531408962457,7.297,41.286,2477
2025-04-22T03:00:28.553999Z,2025-04-22T03:00:28.567341Z,13.342,9.326935028248611,7.297,41.286,2478
2025-04-22T03:00:33.560067Z,2025-04-22T03:00:33.568831Z,8.764,9.326707946752746,7.297,41.286,2479
2025-04-22T03:00:38.576066Z,2025-04-22T03:00:38.584285Z,8.219000000000001,9.326261290322604,7.297,41.286,2480
2025-04-22T03:00:43.572038Z,2025-04-22T03:00:43.580344Z,8.306,9.325850060459516,7.297,41.286,2481
2025-04-22T03:00:48.598834Z,2025-04-22T03:00:48.607286Z,8.452,9.325497985495591,7.297,41.286,2482
2025-04-22T03:00:53.592563Z,2025-04-22T03:00:53.600456Z,7.893000000000001,9.324921063229986,7.297,41.286,2483
2025-04-22T03:00:58.615946Z,2025-04-22T03:00:58.623646Z,7.7,9.324266908212582,7.297,41.286,2484
2025-04-22T03:01:03.608590Z,2025-04-22T03:01:03.619631Z,11.041,9.324957746478896,7.297,41.286,2485
2025-04-22T03:01:08.632852Z,2025-04-22T03:01:08.641018Z,8.166,9.324491552695115,7.297,41.286,2486
2025-04-22T03:01:13.629071Z,2025-04-22T03:01:13.637199Z,8.128,9.324010454362707,7.297,41.286,2487
2025-04-22T03:01:18.654862Z,2025-04-22T03:01:18.663147Z,8.285,9.323592845659185,7.297,41.286,2488
2025-04-22T03:01:23.647418Z,2025-04-22T03:01:23.659320Z,11.902,9.324628766572943,7.297,41.286,2489
2025-04-22T03:01:28.664137Z,2025-04-22T03:01:28.672341Z,8.203999999999999,9.324178714859459,7.297,41.286,2490
2025-04-22T03:01:33.664898Z,2025-04-22T03:01:33.673088Z,8.19,9.32372340425534,7.297,41.286,2491
2025-04-22T03:01:38.681809Z,2025-04-22T03:01:38.689874Z,8.065,9.323218298555396,7.297,41.286,2492
2025-04-22T03:01:43.682760Z,2025-04-22T03:01:43.693960Z,11.2,9.323971119133594,7.297,41.286,2493
2025-04-22T03:01:48.723239Z,2025-04-22T03:01:48.731678Z,8.439,9.323616279069785,7.297,41.286,2494
2025-04-22T03:01:53.706882Z,2025-04-22T03:01:53.715219Z,8.337000000000002,9.323220841683387,7.297,41.286,2495
2025-04-22T03:01:58.720555Z,2025-04-22T03:01:58.728406Z,7.851,9.322631009615403,7.297,41.286,2496
2025-04-22T03:02:03.724849Z,2025-04-22T03:02:03.737033Z,12.184000000000001,9.323776932318802,7.297,41.286,2497
2025-04-22T03:02:08.742662Z,2025-04-22T03:02:08.751042Z,8.38,9.323399119295456,7.297,41.286,2498
2025-04-22T03:02:13.735964Z,2025-04-22T03:02:13.744435Z,8.471,9.323058023209303,7.297,41.286,2499
2025-04-22T03:02:18.756898Z,2025-04-22T03:02:18.765270Z,8.372,9.32267760000002,7.297,41.286,2500
2025-04-22T03:02:23.758868Z,2025-04-22T03:02:23.770879Z,12.011000000000001,9.32375249900042,7.297,41.286,2501
2025-04-22T03:02:28.779664Z,2025-04-22T03:02:28.787887Z,8.222999999999999,9.323312549960054,7.297,41.286,2502
2025-04-22T03:02:33.779832Z,2025-04-22T03:02:33.787814Z,7.981999999999999,9.322776667998422,7.297,41.286,2503
2025-04-22T03:02:38.799802Z,2025-04-22T03:02:38.808694Z,8.892000000000001,9.322604632587879,7.297,41.286,2504
2025-04-22T03:02:43.795459Z,2025-04-22T03:02:43.807459Z,12.0,9.323673453093832,7.297,41.286,2505
2025-04-22T03:02:48.811148Z,2025-04-22T03:02:48.819496Z,8.347999999999999,9.32328411811654,7.297,41.286,2506
2025-04-22T03:02:53.815544Z,2025-04-22T03:02:53.823188Z,7.644,9.322614280015976,7.297,41.286,2507
2025-04-22T03:02:58.834646Z,2025-04-22T03:02:58.842604Z,7.958,9.322070175438617,7.297,41.286,2508
2025-04-22T03:03:03.837516Z,2025-04-22T03:03:03.848971Z,11.455,9.32292028696694,7.297,41.286,2509
2025-04-22T03:03:08.855462Z,2025-04-22T03:03:08.863614Z,8.152,9.322453784860578,7.297,41.286,2510
2025-04-22T03:03:13.851644Z,2025-04-22T03:03:13.859547Z,7.9030000000000005,9.321888490641198,7.297,41.286,2511
2025-04-22T03:03:18.873592Z,2025-04-22T03:03:18.882215Z,8.623000000000001,9.321610270700658,7.297,41.286,2512
2025-04-22T03:03:23.874010Z,2025-04-22T03:03:23.888580Z,14.57,9.323698766414664,7.297,41.286,2513
2025-04-22T03:03:28.894533Z,2025-04-22T03:03:28.907351Z,12.818,9.325088703261754,7.297,41.286,2514
2025-04-22T03:03:33.900506Z,2025-04-22T03:03:33.908952Z,8.446,9.324739165009959,7.297,41.286,2515
2025-04-22T03:03:38.921652Z,2025-04-22T03:03:38.929793Z,8.141,9.324268680445169,7.297,41.286,2516
2025-04-22T03:03:43.914503Z,2025-04-22T03:03:43.939948Z,25.445,9.330673420738993,7.297,41.286,2517
2025-04-22T03:03:48.932568Z,2025-04-22T03:03:48.940696Z,8.128,9.330195790309787,7.297,41.286,2518
2025-04-22T03:03:53.927704Z,2025-04-22T03:03:53.935815Z,8.111,9.32971179039303,7.297,41.286,2519
2025-04-22T03:03:58.952782Z,2025-04-22T03:03:58.960729Z,7.946999999999999,9.329163095238114,7.297,41.286,2520
2025-04-22T03:04:03.949800Z,2025-04-22T03:04:03.962305Z,12.505,9.330422848076179,7.297,41.286,2521
2025-04-22T03:04:08.968308Z,2025-04-22T03:04:08.976178Z,7.87,9.329843774781937,7.297,41.286,2522
2025-04-22T03:04:13.967300Z,2025-04-22T03:04:13.975384Z,8.084,9.329349980182343,7.297,41.286,2523
2025-04-22T03:04:18.991482Z,2025-04-22T03:04:18.999987Z,8.505,9.329023375594312,7.297,41.286,2524
2025-04-22T03:04:23.988462Z,2025-04-22T03:04:23.996010Z,7.548,9.328318019802,7.297,41.286,2525
2025-04-22T03:04:29.018282Z,2025-04-22T03:04:29.026028Z,7.746,9.327691607284263,7.297,41.286,2526
2025-04-22T03:04:34.008658Z,2025-04-22T03:04:34.016545Z,7.887,9.327121487930372,7.297,41.286,2527
2025-04-22T03:04:39.024319Z,2025-04-22T03:04:39.035190Z,10.871,9.327732199367109,7.297,41.286,2528
2025-04-22T03:04:44.026304Z,2025-04-22T03:04:44.033965Z,7.6610000000000005,9.327073151443278,7.297,41.286,2529
2025-04-22T03:04:49.040620Z,2025-04-22T03:04:49.048877Z,8.257,9.326650197628478,7.297,41.286,2530
2025-04-22T03:04:54.043512Z,2025-04-22T03:04:54.051369Z,7.856999999999999,9.326069537732142,7.297,41.286,2531
2025-04-22T03:04:59.058298Z,2025-04-22T03:04:59.070618Z,12.319999999999999,9.32725197472356,7.297,41.286,2532
2025-04-22T03:05:04.057996Z,2025-04-22T03:05:04.067224Z,9.228,9.32721279115675,7.297,41.286,2533
2025-04-22T03:05:09.080185Z,2025-04-22T03:05:09.088482Z,8.297,9.326806235201282,7.297,41.286,2534
2025-04-22T03:05:14.080332Z,2025-04-22T03:05:14.088260Z,7.927999999999999,9.326254437869842,7.297,41.286,2535
2025-04-22T03:05:19.100164Z,2025-04-22T03:05:19.112124Z,11.96,9.327292981072572,7.297,41.286,2536
2025-04-22T03:05:24.101157Z,2025-04-22T03:05:24.109519Z,8.362,9.326912495072941,7.297,41.286,2537
2025-04-22T03:05:29.117137Z,2025-04-22T03:05:29.125167Z,8.030000000000001,9.326401497241942,7.297,41.286,2538
2025-04-22T03:05:34.114698Z,2025-04-22T03:05:34.123024Z,8.326,9.326007483261147,7.297,41.286,2539
2025-04-22T03:05:39.136132Z,2025-04-22T03:05:39.148420Z,12.288,9.327173622047265,7.297,41.286,2540
2025-04-22T03:05:44.137131Z,2025-04-22T03:05:44.145354Z,8.222999999999999,9.326739079102737,7.297,41.286,2541
2025-04-22T03:05:49.152597Z,2025-04-22T03:05:49.160909Z,8.312,9.326339889850534,7.297,41.286,2542
2025-04-22T03:05:54.154212Z,2025-04-22T03:05:54.162160Z,7.948,9.325797876523811,7.297,41.286,2543
2025-04-22T03:05:59.173064Z,2025-04-22T03:05:59.185124Z,12.059999999999999,9.326872641509455,7.297,41.286,2544
2025-04-22T03:06:04.166746Z,2025-04-22T03:06:04.174854Z,8.108,9.326393713163087,7.297,41.286,2545
2025-04-22T03:06:09.186887Z,2025-04-22T03:06:09.195215Z,8.328000000000001,9.326001571091929,7.297,41.286,2546
2025-04-22T03:06:14.185019Z,2025-04-22T03:06:14.193422Z,8.403,9.325639183352985,7.297,41.286,2547
2025-04-22T03:06:19.205230Z,2025-04-22T03:06:19.217333Z,12.103,9.326729199372078,7.297,41.286,2548
2025-04-22T03:06:24.207041Z,2025-04-22T03:06:24.215188Z,8.147,9.326266378972168,7.297,41.286,2549
2025-04-22T03:06:29.229994Z,2025-04-22T03:06:29.238014Z,8.02,9.32575411764708,7.297,41.286,2550
2025-04-22T03:06:34.226014Z,2025-04-22T03:06:34.234188Z,8.174000000000001,9.325302626421031,7.297,41.286,2551
2025-04-22T03:06:39.253537Z,2025-04-22T03:06:39.265608Z,12.071,9.326378526645788,7.297,41.286,2552
2025-04-22T03:06:44.240741Z,2025-04-22T03:06:44.249463Z,8.722000000000001,9.326141793967901,7.297,41.286,2553
2025-04-22T03:06:49.265265Z,2025-04-22T03:06:49.273359Z,8.094000000000001,9.325659357870027,7.297,41.286,2554
2025-04-22T03:06:54.261333Z,2025-04-22T03:06:54.269749Z,8.416,9.325303326810197,7.297,41.286,2555
2025-04-22T03:06:59.286944Z,2025-04-22T03:06:59.299231Z,12.286999999999999,9.326462050078268,7.297,41.286,2556
2025-04-22T03:07:04.284034Z,2025-04-22T03:07:04.292068Z,8.033999999999999,9.325956589753638,7.297,41.286,2557
2025-04-22T03:07:09.303894Z,2025-04-22T03:07:09.311727Z,7.832999999999999,9.325372947615346,7.297,41.286,2558
2025-04-22T03:07:14.297031Z,2025-04-22T03:07:14.305202Z,8.171,9.324921844470518,7.297,41.286,2559
2025-04-22T03:07:19.318926Z,2025-04-22T03:07:19.331485Z,12.559000000000001,9.32618515625002,7.297,41.286,2560
2025-04-22T03:07:24.319936Z,2025-04-22T03:07:24.328284Z,8.347999999999999,9.325803201874288,7.297,41.286,2561
2025-04-22T03:07:29.340918Z,2025-04-22T03:07:29.348424Z,7.505999999999999,9.325092896174885,7.297,41.286,2562
2025-04-22T03:07:34.338926Z,2025-04-22T03:07:34.347034Z,8.108,9.324618025751093,7.297,41.286,2563
2025-04-22T03:07:39.355920Z,2025-04-22T03:07:39.380756Z,24.836000000000002,9.33066770670829,7.297,41.286,2564
2025-04-22T03:07:44.357036Z,2025-04-22T03:07:44.365086Z,8.05,9.330168421052653,7.297,41.286,2565
2025-04-22T03:07:49.374924Z,2025-04-22T03:07:49.383114Z,8.19,9.32972408417773,7.297,41.286,2566
2025-04-22T03:07:54.375824Z,2025-04-22T03:07:54.384268Z,8.444,9.32937904168292,7.297,41.286,2567
2025-04-22T03:07:59.395040Z,2025-04-22T03:07:59.407517Z,12.477,9.330604750778837,7.297,41.286,2568
2025-04-22T03:08:04.389904Z,2025-04-22T03:08:04.397809Z,7.905,9.330049824834587,7.297,41.286,2569
2025-04-22T03:08:09.413764Z,2025-04-22T03:08:09.421842Z,8.078,9.329562645914418,7.297,41.286,2570
2025-04-22T03:08:14.407126Z,2025-04-22T03:08:14.415545Z,8.418999999999999,9.329208479190997,7.297,41.286,2571
2025-04-22T03:08:19.433694Z,2025-04-22T03:08:19.441975Z,8.281,9.328800933125995,7.297,41.286,2572
2025-04-22T03:08:24.428982Z,2025-04-22T03:08:24.437119Z,8.137,9.328337738048992,7.297,41.286,2573
2025-04-22T03:08:29.447695Z,2025-04-22T03:08:29.455911Z,8.216,9.327905594405618,7.297,41.286,2574
2025-04-22T03:08:34.446210Z,2025-04-22T03:08:34.457247Z,11.037,9.328569320388373,7.297,41.286,2575
2025-04-22T03:08:39.473200Z,2025-04-22T03:08:39.481316Z,8.116,9.328098602484497,7.297,41.286,2576
2025-04-22T03:08:44.466096Z,2025-04-22T03:08:44.474045Z,7.949,9.327563445867312,7.297,41.286,2577
2025-04-22T03:08:49.485940Z,2025-04-22T03:08:49.494269Z,8.328999999999999,9.327176105508169,7.297,41.286,2578
2025-04-22T03:08:54.482937Z,2025-04-22T03:08:54.495042Z,12.104999999999999,9.32825319891433,7.297,41.286,2579
2025-04-22T03:08:59.504634Z,2025-04-22T03:08:59.512641Z,8.007,9.327741085271342,7.297,41.286,2580
2025-04-22T03:09:04.502564Z,2025-04-22T03:09:04.510802Z,8.238000000000001,9.327318868655583,7.297,41.286,2581
2025-04-22T03:09:09.522506Z,2025-04-22T03:09:09.530186Z,7.680000000000001,9.326680867544562,7.297,41.286,2582
2025-04-22T03:09:14.515072Z,2025-04-22T03:09:14.527334Z,12.262,9.327817266744118,7.297,41.286,2583
2025-04-22T03:09:19.549464Z,2025-04-22T03:09:19.557531Z,8.067,9.327329334365349,7.297,41.286,2584
2025-04-22T03:09:24.539691Z,2025-04-22T03:09:24.547626Z,7.935,9.326790715667334,7.297,41.286,2585
2025-04-22T03:09:29.553166Z,2025-04-22T03:09:29.561600Z,8.434000000000001,9.326445475638074,7.297,41.286,2586
2025-04-22T03:09:34.557928Z,2025-04-22T03:09:34.570250Z,12.322,9.327603401623527,7.297,41.286,2587
2025-04-22T03:09:39.574638Z,2025-04-22T03:09:39.582908Z,8.27,9.32719474497684,7.297,41.286,2588
2025-04-22T03:09:44.578478Z,2025-04-22T03:09:44.586483Z,8.005,9.326684047894965,7.297,41.286,2589
2025-04-22T03:09:49.592953Z,2025-04-22T03:09:49.600985Z,8.032,9.326184169884193,7.297,41.286,2590
2025-04-22T03:09:54.590333Z,2025-04-22T03:09:54.602185Z,11.852,9.327159011964516,7.297,41.286,2591
2025-04-22T03:09:59.614637Z,2025-04-22T03:09:59.622802Z,8.165000000000001,9.326710648148172,7.297,41.286,2592
2025-04-22T03:10:04.611786Z,2025-04-22T03:10:04.619922Z,8.136,9.326251446201336,7.297,41.286,2593
2025-04-22T03:10:09.690338Z,2025-04-22T03:10:09.698462Z,8.123999999999999,9.325787972243665,7.297,41.286,2594
2025-04-22T03:10:14.633341Z,2025-04-22T03:10:14.645691Z,12.35,9.326953371869003,7.297,41.286,2595
2025-04-22T03:10:19.652452Z,2025-04-22T03:10:19.660660Z,8.208,9.32652234206474,7.297,41.286,2596
2025-04-22T03:10:24.655084Z,2025-04-22T03:10:24.663209Z,8.125,9.326059684251083,7.297,41.286,2597
2025-04-22T03:10:29.669230Z,2025-04-22T03:10:29.677536Z,8.306,9.325667051578163,7.297,41.286,2598
2025-04-22T03:10:34.670282Z,2025-04-22T03:10:34.682877Z,12.595,9.326924971142773,7.297,41.286,2599
2025-04-22T03:10:39.683421Z,2025-04-22T03:10:39.691459Z,8.038,9.326429230769257,7.297,41.286,2600
2025-04-22T03:10:44.688305Z,2025-04-22T03:10:44.696418Z,8.113,9.325962706651314,7.297,41.286,2601
2025-04-22T03:10:49.707377Z,2025-04-22T03:10:49.715580Z,8.203,9.325531129900103,7.297,41.286,2602
2025-04-22T03:10:54.707325Z,2025-04-22T03:10:54.719503Z,12.177999999999999,9.326626968882085,7.297,41.286,2603
2025-04-22T03:10:59.754138Z,2025-04-22T03:10:59.762635Z,8.497,9.326308371735816,7.297,41.286,2604
2025-04-22T03:11:04.722695Z,2025-04-22T03:11:04.730956Z,8.261,9.325899424184287,7.297,41.286,2605
2025-04-22T03:11:09.746006Z,2025-04-22T03:11:09.753845Z,7.839,9.325328856485061,7.297,41.286,2606
2025-04-22T03:11:14.742721Z,2025-04-22T03:11:14.755326Z,12.605,9.326586881472984,7.297,41.286,2607
2025-04-22T03:11:19.764066Z,2025-04-22T03:11:19.771864Z,7.798,9.326000766871193,7.297,41.286,2608
2025-04-22T03:11:24.762182Z,2025-04-22T03:11:24.770222Z,8.040000000000001,9.325507857416662,7.297,41.286,2609
2025-04-22T03:11:29.781002Z,2025-04-22T03:11:29.789014Z,8.012,9.325004597701176,7.297,41.286,2610
2025-04-22T03:11:34.780974Z,2025-04-22T03:11:34.805600Z,24.625999999999998,9.330864802757592,7.297,41.286,2611
2025-04-22T03:11:39.800962Z,2025-04-22T03:11:39.809054Z,8.092,9.330390505359906,7.297,41.286,2612
2025-04-22T03:11:44.797000Z,2025-04-22T03:11:44.805116Z,8.116,9.329925755836234,7.297,41.286,2613
2025-04-22T03:11:49.816779Z,2025-04-22T03:11:49.825132Z,8.353,9.329552027544022,7.297,41.286,2614
2025-04-22T03:11:54.813217Z,2025-04-22T03:11:54.826184Z,12.966999999999999,9.330943021032533,7.297,41.286,2615
2025-04-22T03:11:59.858489Z,2025-04-22T03:11:59.866375Z,7.886000000000001,9.330390672782903,7.297,41.286,2616
2025-04-22T03:12:04.832008Z,2025-04-22T03:12:04.840403Z,8.395,9.330033244172744,7.297,41.286,2617
2025-04-22T03:12:09.855808Z,2025-04-22T03:12:09.863851Z,8.043,9.329541634835781,7.297,41.286,2618
2025-04-22T03:12:14.856804Z,2025-04-22T03:12:14.869459Z,12.655,9.330811378388725,7.297,41.286,2619
2025-04-22T03:12:19.872779Z,2025-04-22T03:12:19.880552Z,7.773000000000001,9.330216793893158,7.297,41.286,2620
2025-04-22T03:12:24.872125Z,2025-04-22T03:12:24.880379Z,8.254,9.329806180847033,7.297,41.286,2621
2025-04-22T03:12:29.899004Z,2025-04-22T03:12:29.907648Z,8.644,9.329544622425658,7.297,41.286,2622
2025-04-22T03:12:34.893907Z,2025-04-22T03:12:34.906888Z,12.981,9.330936713686645,7.297,41.286,2623
2025-04-22T03:12:39.913760Z,2025-04-22T03:12:39.921733Z,7.972999999999999,9.330419207317103,7.297,41.286,2624
2025-04-22T03:12:44.910668Z,2025-04-22T03:12:44.918950Z,8.282,9.330019809523838,7.297,41.286,2625
2025-04-22T03:12:49.936076Z,2025-04-22T03:12:49.944566Z,8.489999999999998,9.329699923838565,7.297,41.286,2626
2025-04-22T03:12:54.926984Z,2025-04-22T03:12:54.934959Z,7.975,9.329184240578634,7.297,41.286,2627
2025-04-22T03:12:59.949664Z,2025-04-22T03:12:59.957749Z,8.085,9.328710806697137,7.297,41.286,2628
2025-04-22T03:13:04.947767Z,2025-04-22T03:13:04.955500Z,7.7330000000000005,9.328103841764959,7.297,41.286,2629
2025-04-22T03:13:09.968645Z,2025-04-22T03:13:09.979565Z,10.92,9.328709125475314,7.297,41.286,2630
2025-04-22T03:13:14.964785Z,2025-04-22T03:13:14.972489Z,7.704,9.328091600152062,7.297,41.286,2631
2025-04-22T03:13:19.985551Z,2025-04-22T03:13:19.993795Z,8.244,9.327679711246228,7.297,41.286,2632
2025-04-22T03:13:24.978794Z,2025-04-22T03:13:24.986687Z,7.893000000000001,9.327134827193344,7.297,41.286,2633
2025-04-22T03:13:30.004599Z,2025-04-22T03:13:30.016104Z,11.504999999999999,9.327961655277173,7.297,41.286,2634
2025-04-22T03:13:35.002532Z,2025-04-22T03:13:35.010107Z,7.575,9.327296394686934,7.297,41.286,2635
2025-04-22T03:13:40.050788Z,2025-04-22T03:13:40.058494Z,7.706,9.326681335356628,7.297,41.286,2636
2025-04-22T03:13:45.028610Z,2025-04-22T03:13:45.036996Z,8.386,9.326324611300748,7.297,41.286,2637
2025-04-22T03:13:50.046404Z,2025-04-22T03:13:50.058768Z,12.364,9.327476118271447,7.297,41.286,2638
2025-04-22T03:13:55.047572Z,2025-04-22T03:13:55.055362Z,7.79,9.32689352027286,7.297,41.286,2639
2025-04-22T03:14:00.067672Z,2025-04-22T03:14:00.075593Z,7.920999999999999,9.326360984848513,7.297,41.286,2640
2025-04-22T03:14:05.064484Z,2025-04-22T03:14:05.072873Z,8.389000000000001,9.326006058311275,7.297,41.286,2641
2025-04-22T03:14:10.094116Z,2025-04-22T03:14:10.108312Z,14.196,9.327849356548098,7.297,41.286,2642
2025-04-22T03:14:15.082523Z,2025-04-22T03:14:15.090506Z,7.9830000000000005,9.327340522133966,7.297,41.286,2643
2025-04-22T03:14:20.101410Z,2025-04-22T03:14:20.109493Z,8.083,9.326869894099877,7.297,41.286,2644
2025-04-22T03:14:25.106577Z,2025-04-22T03:14:25.114337Z,7.760000000000001,9.326277504725926,7.297,41.286,2645
2025-04-22T03:14:30.121610Z,2025-04-22T03:14:30.133369Z,11.759,9.327196900982644,7.297,41.286,2646
2025-04-22T03:14:35.118184Z,2025-04-22T03:14:35.126156Z,7.9719999999999995,9.326684926331724,7.297,41.286,2647
2025-04-22T03:14:40.143386Z,2025-04-22T03:14:40.151516Z,8.13,9.326233006042324,7.297,41.286,2648
2025-04-22T03:14:45.144320Z,2025-04-22T03:14:45.152601Z,8.281,9.325838429596104,7.297,41.286,2649
2025-04-22T03:14:50.159357Z,2025-04-22T03:14:50.171747Z,12.39,9.32699471698116,7.297,41.286,2650
2025-04-22T03:14:55.156810Z,2025-04-22T03:14:55.164431Z,7.621,9.326351188230886,7.297,41.286,2651
2025-04-22T03:15:00.178128Z,2025-04-22T03:15:00.185646Z,7.518000000000001,9.325669306184041,7.297,41.286,2652
2025-04-22T03:15:05.177523Z,2025-04-22T03:15:05.185388Z,7.865,9.325118733509264,7.297,41.286,2653
2025-04-22T03:15:10.194001Z,2025-04-22T03:15:10.205318Z,11.317,9.32586925395632,7.297,41.286,2654
2025-04-22T03:15:15.190095Z,2025-04-22T03:15:15.198219Z,8.123999999999999,9.325416572504736,7.297,41.286,2655
2025-04-22T03:15:20.213002Z,2025-04-22T03:15:20.220583Z,7.581,9.324759789156653,7.297,41.286,2656
2025-04-22T03:15:25.216071Z,2025-04-22T03:15:25.224268Z,8.197,9.324335340609736,7.297,41.286,2657
2025-04-22T03:15:30.237304Z,2025-04-22T03:15:30.263212Z,25.908,9.33057449209935,7.297,41.286,2658
2025-04-22T03:15:35.234257Z,2025-04-22T03:15:35.242273Z,8.016,9.330080105302773,7.297,41.286,2659
2025-04-22T03:15:40.254180Z,2025-04-22T03:15:40.262291Z,8.111,9.329621804511307,7.297,41.286,2660
2025-04-22T03:15:45.252132Z,2025-04-22T03:15:45.259964Z,7.832000000000001,9.329059000375826,7.297,41.286,2661
2025-04-22T03:15:50.291541Z,2025-04-22T03:15:50.305019Z,13.478,9.330617580766368,7.297,41.286,2662
2025-04-22T03:15:55.269623Z,2025-04-22T03:15:55.277780Z,8.157,9.330176868193794,7.297,41.286,2663
2025-04-22T03:16:00.288090Z,2025-04-22T03:16:00.296089Z,7.998999999999999,9.329677177177205,7.297,41.286,2664
2025-04-22T03:16:05.300200Z,2025-04-22T03:16:05.308407Z,8.207,9.329255909943742,7.297,41.286,2665
2025-04-22T03:16:10.304136Z,2025-04-22T03:16:10.316687Z,12.551,9.33046436609155,7.297,41.286,2666
2025-04-22T03:16:15.299450Z,2025-04-22T03:16:15.307325Z,7.875,9.32991863517063,7.297,41.286,2667
2025-04-22T03:16:20.346929Z,2025-04-22T03:16:20.355378Z,8.449,9.329588455772141,7.297,41.286,2668
2025-04-22T03:16:25.318689Z,2025-04-22T03:16:25.326945Z,8.256,9.329186212064469,7.297,41.286,2669
2025-04-22T03:16:30.341948Z,2025-04-22T03:16:30.352533Z,10.585,9.32965655430714,7.297,41.286,2670
2025-04-22T03:16:35.342200Z,2025-04-22T03:16:35.350838Z,8.638,9.329397603893698,7.297,41.286,2671
2025-04-22T03:16:40.359875Z,2025-04-22T03:16:40.368033Z,8.158,9.328959206586854,7.297,41.286,2672
2025-04-22T03:16:45.361001Z,2025-04-22T03:16:45.368849Z,7.848000000000001,9.328405162738521,7.297,41.286,2673
2025-04-22T03:16:50.375021Z,2025-04-22T03:16:50.382708Z,7.687,9.327791323859413,7.297,41.286,2674
2025-04-22T03:16:55.377835Z,2025-04-22T03:16:55.386148Z,8.312999999999999,9.32741196261685,7.297,41.286,2675
2025-04-22T03:17:00.397820Z,2025-04-22T03:17:00.405773Z,7.953,9.326898355754883,7.297,41.286,2676
2025-04-22T03:17:05.399854Z,2025-04-22T03:17:05.411088Z,11.234,9.32761075831157,7.297,41.286,2677
2025-04-22T03:17:10.417871Z,2025-04-22T03:17:10.425739Z,7.868,9.327065720687106,7.297,41.286,2678
2025-04-22T03:17:15.410343Z,2025-04-22T03:17:15.418755Z,8.411999999999999,9.326724150802564,7.297,41.286,2679
2025-04-22T03:17:20.435817Z,2025-04-22T03:17:20.443414Z,7.5969999999999995,9.32607873134331,7.297,41.286,2680
2025-04-22T03:17:25.434827Z,2025-04-22T03:17:25.447148Z,12.321,9.327195822454335,7.297,41.286,2681
2025-04-22T03:17:30.450867Z,2025-04-22T03:17:30.458798Z,7.931000000000001,9.326675242356476,7.297,41.286,2682
2025-04-22T03:17:35.453799Z,2025-04-22T03:17:35.461667Z,7.868,9.326131569139049,7.297,41.286,2683
2025-04-22T03:17:40.473846Z,2025-04-22T03:17:40.481915Z,8.068999999999999,9.325663189269774,7.297,41.286,2684
2025-04-22T03:17:45.468289Z,2025-04-22T03:17:45.480508Z,12.219000000000001,9.326740782122931,7.297,41.286,2685
2025-04-22T03:17:50.489284Z,2025-04-22T03:17:50.497842Z,8.558,9.326454579300101,7.297,41.286,2686
2025-04-22T03:17:55.486572Z,2025-04-22T03:17:55.494819Z,8.247000000000002,9.326052847041337,7.297,41.286,2687
2025-04-22T03:18:00.506435Z,2025-04-22T03:18:00.514809Z,8.373999999999999,9.325698660714313,7.297,41.286,2688
2025-04-22T03:18:05.507116Z,2025-04-22T03:18:05.518977Z,11.861,9.326641502417282,7.297,41.286,2689
2025-04-22T03:18:10.527552Z,2025-04-22T03:18:10.535921Z,8.369,9.326285501858763,7.297,41.286,2690
2025-04-22T03:18:15.532738Z,2025-04-22T03:18:15.541114Z,8.376,9.325932367149782,7.297,41.286,2691
2025-04-22T03:18:20.544584Z,2025-04-22T03:18:20.552898Z,8.314,9.325556463595865,7.297,41.286,2692
2025-04-22T03:18:25.547538Z,2025-04-22T03:18:25.559778Z,12.239999999999998,9.326638692907563,7.297,41.286,2693
2025-04-22T03:18:30.563644Z,2025-04-22T03:18:30.571828Z,8.184000000000001,9.326214550853773,7.297,41.286,2694
2025-04-22T03:18:35.558119Z,2025-04-22T03:18:35.566156Z,8.037,9.325736178107633,7.297,41.286,2695
2025-04-22T03:18:40.589080Z,2025-04-22T03:18:40.597324Z,8.244,9.325334940652844,7.297,41.286,2696
2025-04-22T03:18:45.577966Z,2025-04-22T03:18:45.590229Z,12.263,9.326424175009295,7.297,41.286,2697
2025-04-22T03:18:50.596778Z,2025-04-22T03:18:50.604967Z,8.189,9.326002594514481,7.297,41.286,2698
2025-04-22T03:18:55.594594Z,2025-04-22T03:18:55.602563Z,7.969,9.325499814746228,7.297,41.286,2699
2025-04-22T03:19:00.617340Z,2025-04-22T03:19:00.625041Z,7.7010000000000005,9.324898148148174,7.297,41.286,2700
2025-04-22T03:19:05.615549Z,2025-04-22T03:19:05.627704Z,12.155,9.325945945945973,7.297,41.286,2701
2025-04-22T03:19:10.635401Z,2025-04-22T03:19:10.643501Z,8.1,9.3254922279793,7.297,41.286,2702
2025-04-22T03:19:15.629312Z,2025-04-22T03:19:15.637530Z,8.218,9.325082500924923,7.297,41.286,2703
2025-04-22T03:19:20.656335Z,2025-04-22T03:19:20.664594Z,8.259,9.324688239644995,7.297,41.286,2704
2025-04-22T03:19:25.652597Z,2025-04-22T03:19:25.677150Z,24.552999999999997,9.33031792975973,7.297,41.286,2705
2025-04-22T03:19:30.672356Z,2025-04-22T03:19:30.680381Z,8.024999999999999,9.32983555062826,7.297,41.286,2706
2025-04-22T03:19:35.668918Z,2025-04-22T03:19:35.676459Z,7.541,9.329174732175867,7.297,41.286,2707
2025-04-22T03:19:40.686513Z,2025-04-22T03:19:40.694507Z,7.994,9.328681683899584,7.297,41.286,2708
2025-04-22T03:19:45.690242Z,2025-04-22T03:19:45.702904Z,12.661999999999999,9.329912144702867,7.297,41.286,2709
2025-04-22T03:19:50.708519Z,2025-04-22T03:19:50.716618Z,8.099,9.329457933579361,7.297,41.286,2710
2025-04-22T03:19:55.709425Z,2025-04-22T03:19:55.717992Z,8.567,9.329176687569188,7.297,41.286,2711
2025-04-22T03:20:00.724393Z,2025-04-22T03:20:00.732407Z,8.014000000000001,9.328691740413003,7.297,41.286,2712
2025-04-22T03:20:05.728177Z,2025-04-22T03:20:05.741358Z,13.181,9.330111684482148,7.297,41.286,2713
2025-04-22T03:20:10.752349Z,2025-04-22T03:20:10.760586Z,8.237,9.329708916728102,7.297,41.286,2714
2025-04-22T03:20:15.746402Z,2025-04-22T03:20:15.754708Z,8.306,9.329331860036858,7.297,41.286,2715
2025-04-22T03:20:20.765248Z,2025-04-22T03:20:20.773860Z,8.612,9.329067746686329,7.297,41.286,2716
2025-04-22T03:20:25.766223Z,2025-04-22T03:20:25.774311Z,8.088,9.328610967979415,7.297,41.286,2717
2025-04-22T03:20:30.781218Z,2025-04-22T03:20:30.789143Z,7.925,9.328094554819746,7.297,41.286,2718
2025-04-22T03:20:35.783360Z,2025-04-22T03:20:35.791449Z,8.089,9.327638837808042,7.297,41.286,2719
2025-04-22T03:20:40.797712Z,2025-04-22T03:20:40.807916Z,10.203999999999999,9.32796102941179,7.297,41.286,2720
2025-04-22T03:20:45.801296Z,2025-04-22T03:20:45.809566Z,8.27,9.32757221609705,7.297,41.286,2721
2025-04-22T03:20:50.818562Z,2025-04-22T03:20:50.826915Z,8.353,9.327214180749476,7.297,41.286,2722
2025-04-22T03:20:55.822074Z,2025-04-22T03:20:55.830242Z,8.168,9.326788468600835,7.297,41.286,2723
2025-04-22T03:21:00.839126Z,2025-04-22T03:21:00.851200Z,12.074,9.327796989721023,7.297,41.286,2724
2025-04-22T03:21:05.835983Z,2025-04-22T03:21:05.844212Z,8.229000000000001,9.327393761467915,7.297,41.286,2725
2025-04-22T03:21:10.856033Z,2025-04-22T03:21:10.864128Z,8.095,9.326941672780656,7.297,41.286,2726
2025-04-22T03:21:15.856321Z,2025-04-22T03:21:15.864445Z,8.123999999999999,9.32650055005503,7.297,41.286,2727
2025-04-22T03:21:20.876065Z,2025-04-22T03:21:20.888110Z,12.045,9.327497067448705,7.297,41.286,2728
2025-04-22T03:21:25.871954Z,2025-04-22T03:21:25.880120Z,8.166,9.327071454745354,7.297,41.286,2729
2025-04-22T03:21:30.889841Z,2025-04-22T03:21:30.897788Z,7.946999999999999,9.326565934065961,7.297,41.286,2730
2025-04-22T03:21:35.895308Z,2025-04-22T03:21:35.903749Z,8.441,9.326241669718078,7.297,41.286,2731
2025-04-22T03:21:40.911955Z,2025-04-22T03:21:40.924117Z,12.161999999999999,9.327279648609103,7.297,41.286,2732
2025-04-22T03:21:45.911191Z,2025-04-22T03:21:45.919648Z,8.456999999999999,9.326961214782317,7.297,41.286,2733
2025-04-22T03:21:50.953503Z,2025-04-22T03:21:50.961804Z,8.301,9.326585954645234,7.297,41.286,2734
2025-04-22T03:21:55.925896Z,2025-04-22T03:21:55.934034Z,8.138,9.326151371115198,7.297,41.286,2735
2025-04-22T03:22:00.943544Z,2025-04-22T03:22:00.955429Z,11.885,9.327086622807043,7.297,41.286,2736
2025-04-22T03:22:05.944909Z,2025-04-22T03:22:05.953035Z,8.126,9.326647789550629,7.297,41.286,2737
2025-04-22T03:22:10.966838Z,2025-04-22T03:22:10.975072Z,8.234,9.326248721694695,7.297,41.286,2738
2025-04-22T03:22:15.968031Z,2025-04-22T03:22:15.976309Z,8.278,9.325866009492541,7.297,41.286,2739
2025-04-22T03:22:20.989842Z,2025-04-22T03:22:21.003241Z,13.399,9.327352554744552,7.297,41.286,2740
2025-04-22T03:22:25.983366Z,2025-04-22T03:22:25.991554Z,8.188,9.326936884348804,7.297,41.286,2741
2025-04-22T03:22:31.004947Z,2025-04-22T03:22:31.012539Z,7.592,9.326304157549261,7.297,41.286,2742
2025-04-22T03:22:36.004974Z,2025-04-22T03:22:36.013041Z,8.067,9.325845060153142,7.297,41.286,2743
2025-04-22T03:22:41.025729Z,2025-04-22T03:22:41.037539Z,11.809999999999999,9.326750364431513,7.297,41.286,2744
2025-04-22T03:22:46.024058Z,2025-04-22T03:22:46.032294Z,8.236,9.326353005464506,7.297,41.286,2745
2025-04-22T03:22:51.041257Z,2025-04-22T03:22:51.049325Z,8.068000000000001,9.325894756008767,7.297,41.286,2746
2025-04-22T03:22:56.038727Z,2025-04-22T03:22:56.046950Z,8.222999999999999,9.325493265380443,7.297,41.286,2747
2025-04-22T03:23:01.058602Z,2025-04-22T03:23:01.070885Z,12.283000000000001,9.326569505094641,7.297,41.286,2748
2025-04-22T03:23:06.053220Z,2025-04-22T03:23:06.061572Z,8.352,9.326214987268123,7.297,41.286,2749
2025-04-22T03:23:11.076623Z,2025-04-22T03:23:11.084529Z,7.906,9.325698545454571,7.297,41.286,2750
2025-04-22T03:23:16.071272Z,2025-04-22T03:23:16.079692Z,8.42,9.325369320247209,7.297,41.286,2751
2025-04-22T03:23:21.095702Z,2025-04-22T03:23:21.120607Z,24.905,9.33103052325584,7.297,41.286,2752
2025-04-22T03:23:26.094487Z,2025-04-22T03:23:26.102719Z,8.232,9.330631311296793,7.297,41.286,2753
2025-04-22T03:23:31.112568Z,2025-04-22T03:23:31.120986Z,8.418,9.330299927378384,7.297,41.286,2754
2025-04-22T03:23:36.116589Z,2025-04-22T03:23:36.124815Z,8.226,9.32989909255901,7.297,41.286,2755
2025-04-22T03:23:41.142183Z,2025-04-22T03:23:41.155084Z,12.901,9.33119484760525,7.297,41.286,2756
2025-04-22T03:23:46.133553Z,2025-04-22T03:23:46.141694Z,8.141,9.33076314834968,7.297,41.286,2757
2025-04-22T03:23:51.148282Z,2025-04-22T03:23:51.156561Z,8.279,9.330381798404668,7.297,41.286,2758
2025-04-22T03:23:56.144114Z,2025-04-22T03:23:56.152417Z,8.302999999999999,9.330009423704267,7.297,41.286,2759
2025-04-22T03:24:01.180045Z,2025-04-22T03:24:01.188722Z,8.677000000000001,9.329772826086982,7.297,41.286,2760
2025-04-22T03:24:06.173450Z,2025-04-22T03:24:06.181605Z,8.155000000000001,9.329347337921067,7.297,41.286,2761
2025-04-22T03:24:11.182798Z,2025-04-22T03:24:11.190460Z,7.662000000000001,9.328743664011611,7.297,41.286,2762
2025-04-22T03:24:16.180798Z,2025-04-22T03:24:16.191522Z,10.723999999999998,9.329248642779612,7.297,41.286,2763
2025-04-22T03:24:21.206443Z,2025-04-22T03:24:21.214043Z,7.6,9.32862301013027,7.297,41.286,2764
2025-04-22T03:24:26.205689Z,2025-04-22T03:24:26.213695Z,8.005999999999998,9.328144665461146,7.297,41.286,2765
2025-04-22T03:24:31.226408Z,2025-04-22T03:24:31.234020Z,7.612,9.327524222704293,7.297,41.286,2766
2025-04-22T03:24:36.223598Z,2025-04-22T03:24:36.235503Z,11.905000000000001,9.328455728225542,7.297,41.286,2767
2025-04-22T03:24:41.242508Z,2025-04-22T03:24:41.250524Z,8.016,9.327981575144536,7.297,41.286,2768
2025-04-22T03:24:46.237369Z,2025-04-22T03:24:46.245645Z,8.276,9.327601661249574,7.297,41.286,2769
2025-04-22T03:24:51.259479Z,2025-04-22T03:24:51.267512Z,8.033,9.327134296028907,7.297,41.286,2770
2025-04-22T03:24:56.260453Z,2025-04-22T03:24:56.272458Z,12.005,9.328100685673068,7.297,41.286,2771
2025-04-22T03:25:01.278345Z,2025-04-22T03:25:01.286619Z,8.274000000000001,9.327720418470443,7.297,41.286,2772
2025-04-22T03:25:06.285376Z,2025-04-22T03:25:06.293558Z,8.182,9.32730724846739,7.297,41.286,2773
2025-04-22T03:25:11.297286Z,2025-04-22T03:25:11.305330Z,8.044,9.326844628695051,7.297,41.286,2774
2025-04-22T03:25:16.290682Z,2025-04-22T03:25:16.302718Z,12.036,9.327820900900928,7.297,41.286,2775
2025-04-22T03:25:21.312207Z,2025-04-22T03:25:21.320543Z,8.336,9.327463616714724,7.297,41.286,2776
2025-04-22T03:25:26.309578Z,2025-04-22T03:25:26.317431Z,7.853000000000001,9.326932661145147,7.297,41.286,2777
2025-04-22T03:25:31.332235Z,2025-04-22T03:25:31.340443Z,8.208,9.326529877609818,7.297,41.286,2778
2025-04-22T03:25:36.329520Z,2025-04-22T03:25:36.341360Z,11.84,9.327434328895313,7.297,41.286,2779
2025-04-22T03:25:41.355396Z,2025-04-22T03:25:41.364410Z,9.014,9.32732158273384,7.297,41.286,2780
2025-04-22T03:25:46.347116Z,2025-04-22T03:25:46.354652Z,7.5360000000000005,9.32667745415321,7.297,41.286,2781
2025-04-22T03:25:51.369492Z,2025-04-22T03:25:51.377290Z,7.798,9.32612796549248,7.297,41.286,2782
2025-04-22T03:25:56.375872Z,2025-04-22T03:25:56.389488Z,13.616,9.327669421487629,7.297,41.286,2783
2025-04-22T03:26:01.386229Z,2025-04-22T03:26:01.394917Z,8.687999999999999,9.32743965517244,7.297,41.286,2784
2025-04-22T03:26:06.383098Z,2025-04-22T03:26:06.391226Z,8.128,9.327008976660709,7.297,41.286,2785
2025-04-22T03:26:11.407083Z,2025-04-22T03:26:11.415213Z,8.13,9.326579325197443,7.297,41.286,2786
2025-04-22T03:26:16.402158Z,2025-04-22T03:26:16.414770Z,12.612,9.327758162899201,7.297,41.286,2787
2025-04-22T03:26:21.425240Z,2025-04-22T03:26:21.433504Z,8.264000000000001,9.327376614060285,7.297,41.286,2788
2025-04-22T03:26:26.426074Z,2025-04-22T03:26:26.433635Z,7.561,9.3267432771603,7.297,41.286,2789
2025-04-22T03:26:31.439124Z,2025-04-22T03:26:31.447518Z,8.394,9.326408960573504,7.297,41.286,2790
2025-04-22T03:26:36.440272Z,2025-04-22T03:26:36.452352Z,12.08,9.327395557148002,7.297,41.286,2791
2025-04-22T03:26:41.462054Z,2025-04-22T03:26:41.470072Z,8.018,9.326926575931259,7.297,41.286,2792
2025-04-22T03:26:46.463996Z,2025-04-22T03:26:46.472318Z,8.322,9.32656677407808,7.297,41.286,2793
2025-04-22T03:26:51.477196Z,2025-04-22T03:26:51.484750Z,7.554,9.325932355046556,7.297,41.286,2794
2025-04-22T03:26:56.481958Z,2025-04-22T03:26:56.494172Z,12.213999999999999,9.326965652951726,7.297,41.286,2795
2025-04-22T03:27:01.496066Z,2025-04-22T03:27:01.504144Z,8.078,9.326518955650956,7.297,41.286,2796
2025-04-22T03:27:06.496278Z,2025-04-22T03:27:06.504271Z,7.993,9.32604218805866,7.297,41.286,2797
2025-04-22T03:27:11.511000Z,2025-04-22T03:27:11.519368Z,8.368,9.325699785561142,7.297,41.286,2798
2025-04-22T03:27:16.514953Z,2025-04-22T03:27:16.540384Z,25.430999999999997,9.33145373347627,7.297,41.286,2799
2025-04-22T03:27:21.536220Z,2025-04-22T03:27:21.544497Z,8.277,9.33107714285717,7.297,41.286,2800
2025-04-22T03:27:26.538161Z,2025-04-22T03:27:26.546132Z,7.971000000000001,9.330591574437728,7.297,41.286,2801
2025-04-22T03:27:31.551947Z,2025-04-22T03:27:31.559596Z,7.649,9.329991434689536,7.297,41.286,2802
2025-04-22T03:27:36.549379Z,2025-04-22T03:27:36.562533Z,13.154,9.331355690331815,7.297,41.286,2803
2025-04-22T03:27:41.565914Z,2025-04-22T03:27:41.574105Z,8.191,9.330949001426562,7.297,41.286,2804
2025-04-22T03:27:46.570146Z,2025-04-22T03:27:46.578128Z,7.981999999999999,9.33046809269165,7.297,41.286,2805
2025-04-22T03:27:51.586252Z,2025-04-22T03:27:51.594170Z,7.917999999999999,9.32996471846047,7.297,41.286,2806
2025-04-22T03:27:56.583058Z,2025-04-22T03:27:56.591323Z,8.265,9.329585322408292,7.297,41.286,2807
2025-04-22T03:28:01.607181Z,2025-04-22T03:28:01.615423Z,8.241999999999999,9.329198005698032,7.297,41.286,2808
2025-04-22T03:28:06.616660Z,2025-04-22T03:28:06.625133Z,8.472999999999999,9.328893200427224,7.297,41.286,2809
2025-04-22T03:28:11.624726Z,2025-04-22T03:28:11.635543Z,10.817,9.329422775800738,7.297,41.286,2810
2025-04-22T03:28:16.623759Z,2025-04-22T03:28:16.631876Z,8.116999999999999,9.328991462113153,7.297,41.286,2811
2025-04-22T03:28:21.642694Z,2025-04-22T03:28:21.651501Z,8.807,9.328805832147964,7.297,41.286,2812
2025-04-22T03:28:26.640790Z,2025-04-22T03:28:26.649093Z,8.302999999999999,9.328441166014958,7.297,41.286,2813
2025-04-22T03:28:31.662655Z,2025-04-22T03:28:31.674970Z,12.315,9.329502487562216,7.297,41.286,2814
2025-04-22T03:28:36.664672Z,2025-04-22T03:28:36.673167Z,8.495000000000001,9.329206039076404,7.297,41.286,2815
2025-04-22T03:28:41.687649Z,2025-04-22T03:28:41.695672Z,8.023000000000001,9.328742187500028,7.297,41.286,2816
2025-04-22T03:28:46.681375Z,2025-04-22T03:28:46.689608Z,8.233,9.328353212637586,7.297,41.286,2817
2025-04-22T03:28:51.702169Z,2025-04-22T03:28:51.715153Z,12.984,9.329650461320112,7.297,41.286,2818
2025-04-22T03:28:56.702788Z,2025-04-22T03:28:56.710317Z,7.529,9.329011706278852,7.297,41.286,2819
2025-04-22T03:29:01.724790Z,2025-04-22T03:29:01.733055Z,8.265,9.32863439716315,7.297,41.286,2820
2025-04-22T03:29:06.724616Z,2025-04-22T03:29:06.732815Z,8.199,9.328233959588827,7.297,41.286,2821
2025-04-22T03:29:11.742595Z,2025-04-22T03:29:11.754765Z,12.17,9.329240963855451,7.297,41.286,2822
2025-04-22T03:29:16.741943Z,2025-04-22T03:29:16.750001Z,8.058,9.328790648246576,7.297,41.286,2823
2025-04-22T03:29:21.760673Z,2025-04-22T03:29:21.768558Z,7.885,9.328279390934872,7.297,41.286,2824
2025-04-22T03:29:26.754067Z,2025-04-22T03:29:26.762000Z,7.933000000000001,9.327785486725695,7.297,41.286,2825
2025-04-22T03:29:31.785186Z,2025-04-22T03:29:31.796844Z,11.658,9.328610049540016,7.297,41.286,2826
2025-04-22T03:29:36.773835Z,2025-04-22T03:29:36.781551Z,7.716,9.32803961796961,7.297,41.286,2827
2025-04-22T03:29:41.797439Z,2025-04-22T03:29:41.805248Z,7.809,9.327502475247554,7.297,41.286,2828
2025-04-22T03:29:46.807825Z,2025-04-22T03:29:46.816164Z,8.338999999999999,9.327153057617563,7.297,41.286,2829
2025-04-22T03:29:51.813763Z,2025-04-22T03:29:51.825776Z,12.013,9.328102120141372,7.297,41.286,2830
2025-04-22T03:29:56.811461Z,2025-04-22T03:29:56.819643Z,8.182,9.327697280113064,7.297,41.286,2831
2025-04-22T03:30:01.842338Z,2025-04-22T03:30:01.850000Z,7.662000000000001,9.327109110169523,7.297,41.286,2832
2025-04-22T03:30:06.832974Z,2025-04-22T03:30:06.840787Z,7.813000000000001,9.326574655841894,7.297,41.286,2833
2025-04-22T03:30:11.854426Z,2025-04-22T03:30:11.866022Z,11.596,9.32737544107272,7.297,41.286,2834
2025-04-22T03:30:16.856466Z,2025-04-22T03:30:16.864519Z,8.052999999999999,9.326925925925957,7.297,41.286,2835
2025-04-22T03:30:21.871509Z,2025-04-22T03:30:21.879507Z,7.998,9.326457334273655,7.297,41.286,2836
2025-04-22T03:30:26.871633Z,2025-04-22T03:30:26.879668Z,8.035,9.326002114910148,7.297,41.286,2837
2025-04-22T03:30:31.890218Z,2025-04-22T03:30:31.901451Z,11.233,9.326674066243864,7.297,41.286,2838
2025-04-22T03:30:36.883925Z,2025-04-22T03:30:36.892206Z,8.281,9.32630574145829,7.297,41.286,2839
2025-04-22T03:30:41.904326Z,2025-04-22T03:30:41.912525Z,8.199,9.325908802816931,7.297,41.286,2840
2025-04-22T03:30:46.905620Z,2025-04-22T03:30:46.913650Z,8.030000000000001,9.325452657514992,7.297,41.286,2841
2025-04-22T03:30:51.921553Z,2025-04-22T03:30:51.933621Z,12.068000000000001,9.326417663617203,7.297,41.286,2842
2025-04-22T03:30:56.926309Z,2025-04-22T03:30:56.934220Z,7.911,9.325919803025004,7.297,41.286,2843
2025-04-22T03:31:01.939277Z,2025-04-22T03:31:01.947466Z,8.189,9.325520042194125,7.297,41.286,2844
2025-04-22T03:31:06.936570Z,2025-04-22T03:31:06.944691Z,8.121,9.325096660808466,7.297,41.286,2845
2025-04-22T03:31:11.958294Z,2025-04-22T03:31:11.983668Z,25.374000000000002,9.330735769501086,7.297,41.286,2846
2025-04-22T03:31:16.960598Z,2025-04-22T03:31:16.968594Z,7.9959999999999996,9.330266947664239,7.297,41.286,2847
2025-04-22T03:31:21.978134Z,2025-04-22T03:31:21.985982Z,7.848000000000001,9.329746488764076,7.297,41.286,2848
2025-04-22T03:31:26.976927Z,2025-04-22T03:31:26.985531Z,8.604000000000001,9.32949175149178,7.297,41.286,2849
2025-04-22T03:31:31.992284Z,2025-04-22T03:31:32.004974Z,12.69,9.330670877193011,7.297,41.286,2850
2025-04-22T03:31:36.994840Z,2025-04-22T03:31:37.003243Z,8.403,9.33034549280957,7.297,41.286,2851
2025-04-22T03:31:42.018186Z,2025-04-22T03:31:42.025974Z,7.787999999999999,9.329804698457254,7.297,41.286,2852
2025-04-22T03:31:47.018397Z,2025-04-22T03:31:47.026364Z,7.9670000000000005,9.329327024185098,7.297,41.286,2853
2025-04-22T03:31:52.037114Z,2025-04-22T03:31:52.050110Z,12.996,9.330611772950276,7.297,41.286,2854
2025-04-22T03:31:57.033144Z,2025-04-22T03:31:57.041496Z,8.352,9.330269001751343,7.297,41.286,2855
2025-04-22T03:32:02.054784Z,2025-04-22T03:32:02.062965Z,8.181000000000001,9.329866596638686,7.297,41.286,2856
2025-04-22T03:32:07.052347Z,2025-04-22T03:32:07.060805Z,8.458,9.329561428071434,7.297,41.286,2857
2025-04-22T03:32:12.072004Z,2025-04-22T03:32:12.084425Z,12.421,9.330643107067912,7.297,41.286,2858
2025-04-22T03:32:17.072486Z,2025-04-22T03:32:17.080575Z,8.089,9.330208814270755,7.297,41.286,2859
2025-04-22T03:32:22.095124Z,2025-04-22T03:32:22.103286Z,8.162,9.329800349650379,7.297,41.286,2860
2025-04-22T03:32:27.095162Z,2025-04-22T03:32:27.103282Z,8.120000000000001,9.329377490388007,7.297,41.286,2861
2025-04-22T03:32:32.115165Z,2025-04-22T03:32:32.128820Z,13.655000000000001,9.33088888888892,7.297,41.286,2862
2025-04-22T03:32:37.119943Z,2025-04-22T03:32:37.128087Z,8.144,9.330474327628393,7.297,41.286,2863
2025-04-22T03:32:42.134012Z,2025-04-22T03:32:42.141729Z,7.717,9.329910963687183,7.297,41.286,2864
2025-04-22T03:32:47.135987Z,2025-04-22T03:32:47.144206Z,8.219000000000001,9.329523211169315,7.297,41.286,2865
2025-04-22T03:32:52.149927Z,2025-04-22T03:32:52.157714Z,7.787,9.328984996510847,7.297,41.286,2866
2025-04-22T03:32:57.146834Z,2025-04-22T03:32:57.154859Z,8.024999999999999,9.32853017091039,7.297,41.286,2867
2025-04-22T03:33:02.169983Z,2025-04-22T03:33:02.178034Z,8.051,9.328084728033504,7.297,41.286,2868
2025-04-22T03:33:07.172030Z,2025-04-22T03:33:07.183757Z,11.727,9.32892087835486,7.297,41.286,2869
2025-04-22T03:33:12.184844Z,2025-04-22T03:33:12.192871Z,8.027,9.32846724738679,7.297,41.286,2870
2025-04-22T03:33:17.180919Z,2025-04-22T03:33:17.189154Z,8.235,9.328086381051929,7.297,41.286,2871
2025-04-22T03:33:22.203019Z,2025-04-22T03:33:22.211198Z,8.179,9.327686281337076,7.297,41.286,2872
2025-04-22T03:33:27.204003Z,2025-04-22T03:33:27.215580Z,11.577,9.328469195962438,7.297,41.286,2873
2025-04-22T03:33:32.223938Z,2025-04-22T03:33:32.232146Z,8.208,9.328079331941574,7.297,41.286,2874
2025-04-22T03:33:37.237859Z,2025-04-22T03:33:37.245707Z,7.848000000000001,9.32756452173916,7.297,41.286,2875
2025-04-22T03:33:42.254285Z,2025-04-22T03:33:42.262177Z,7.8919999999999995,9.327065368567483,7.297,41.286,2876
2025-04-22T03:33:47.239687Z,2025-04-22T03:33:47.251527Z,11.84,9.32793882516513,7.297,41.286,2877
2025-04-22T03:33:52.264567Z,2025-04-22T03:33:52.273139Z,8.572,9.327676164002808,7.297,41.286,2878
2025-04-22T03:33:57.261055Z,2025-04-22T03:33:57.269414Z,8.359,9.327339701285196,7.297,41.286,2879
2025-04-22T03:34:02.285275Z,2025-04-22T03:34:02.293479Z,8.203999999999999,9.326949652777806,7.297,41.286,2880
2025-04-22T03:34:07.282996Z,2025-04-22T03:34:07.294986Z,11.99,9.327874002082638,7.297,41.286,2881
2025-04-22T03:34:12.301618Z,2025-04-22T03:34:12.309778Z,8.16,9.327468771686357,7.297,41.286,2882
2025-04-22T03:34:17.303787Z,2025-04-22T03:34:17.312015Z,8.228,9.327087408949039,7.297,41.286,2883
2025-04-22T03:34:22.325733Z,2025-04-22T03:34:22.333667Z,7.934,9.326604368932067,7.297,41.286,2884
2025-04-22T03:34:27.313547Z,2025-04-22T03:34:27.325132Z,11.584999999999999,9.327387175043354,7.297,41.286,2885
2025-04-22T03:34:32.334997Z,2025-04-22T03:34:32.343034Z,8.037,9.326940055440083,7.297,41.286,2886
2025-04-22T03:34:37.345588Z,2025-04-22T03:34:37.353002Z,7.414,9.32627745064083,7.297,41.286,2887
2025-04-22T03:34:42.359656Z,2025-04-22T03:34:42.366992Z,7.335999999999999,9.32558829639892,7.297,41.286,2888
2025-04-22T03:34:47.358804Z,2025-04-22T03:34:47.371496Z,12.692,9.326753547940491,7.297,41.286,2889
2025-04-22T03:34:52.397127Z,2025-04-22T03:34:52.404772Z,7.645,9.326171626297604,7.297,41.286,2890
2025-04-22T03:34:57.378820Z,2025-04-22T03:34:57.386860Z,8.040000000000001,9.325726738152916,7.297,41.286,2891
2025-04-22T03:35:02.394812Z,2025-04-22T03:35:02.403459Z,8.647,9.325492047026307,7.297,41.286,2892
2025-04-22T03:35:07.396665Z,2025-04-22T03:35:07.422677Z,26.012,9.331259937780878,7.297,41.286,2893
2025-04-22T03:35:12.411503Z,2025-04-22T03:35:12.419024Z,7.521,9.3306344160332,7.297,41.286,2894
2025-04-22T03:35:17.412975Z,2025-04-22T03:35:17.420600Z,7.625,9.330045250431807,7.297,41.286,2895
2025-04-22T03:35:22.435543Z,2025-04-22T03:35:22.443411Z,7.868,9.329540400552514,7.297,41.286,2896
2025-04-22T03:35:27.433446Z,2025-04-22T03:35:27.445766Z,12.319999999999999,9.330572661373862,7.297,41.286,2897
2025-04-22T03:35:32.452706Z,2025-04-22T03:35:32.461396Z,8.69,9.330351621808171,7.297,41.286,2898
2025-04-22T03:35:37.453467Z,2025-04-22T03:35:37.461455Z,7.988,9.329888582269778,7.297,41.286,2899
2025-04-22T03:35:42.472559Z,2025-04-22T03:35:42.480605Z,8.046,9.329445862068996,7.297,41.286,2900
2025-04-22T03:35:47.467676Z,2025-04-22T03:35:47.480582Z,12.906,9.330678731471936,7.297,41.286,2901
2025-04-22T03:35:52.486059Z,2025-04-22T03:35:52.494038Z,7.979,9.330212956581697,7.297,41.286,2902
2025-04-22T03:35:57.491406Z,2025-04-22T03:35:57.499657Z,8.251,9.329841198759933,7.297,41.286,2903
2025-04-22T03:36:02.511459Z,2025-04-22T03:36:02.519524Z,8.065,9.329405647382949,7.297,41.286,2904
2025-04-22T03:36:07.509330Z,2025-04-22T03:36:07.521487Z,12.157,9.3303790017212,7.297,41.286,2905
2025-04-22T03:36:12.528547Z,2025-04-22T03:36:12.536234Z,7.687,9.329813489332444,7.297,41.286,2906
2025-04-22T03:36:17.525278Z,2025-04-22T03:36:17.533060Z,7.782,9.329281045751662,7.297,41.286,2907
2025-04-22T03:36:22.565786Z,2025-04-22T03:36:22.573263Z,7.477,9.32864408528201,7.297,41.286,2908
2025-04-22T03:36:27.554677Z,2025-04-22T03:36:27.565637Z,10.959999999999999,9.329204881402573,7.297,41.286,2909
2025-04-22T03:36:32.603427Z,2025-04-22T03:36:32.610991Z,7.564,9.328598281786968,7.297,41.286,2910
2025-04-22T03:36:37.572412Z,2025-04-22T03:36:37.580571Z,8.158999999999999,9.328196496049495,7.297,41.286,2911
2025-04-22T03:36:42.586784Z,2025-04-22T03:36:42.594407Z,7.622999999999999,9.327610920329699,7.297,41.286,2912
2025-04-22T03:36:47.589348Z,2025-04-22T03:36:47.597481Z,8.133,9.327200823892921,7.297,41.286,2913
2025-04-22T03:36:52.606490Z,2025-04-22T03:36:52.614150Z,7.66,9.326628689087194,7.297,41.286,2914
2025-04-22T03:36:57.603207Z,2025-04-22T03:36:57.611001Z,7.794,9.326102915952001,7.297,41.286,2915
2025-04-22T03:37:02.631362Z,2025-04-22T03:37:02.642226Z,10.864,9.326630315500715,7.297,41.286,2916
2025-04-22T03:37:07.626343Z,2025-04-22T03:37:07.634640Z,8.297,9.32627733973263,7.297,41.286,2917
2025-04-22T03:37:12.649501Z,2025-04-22T03:37:12.658588Z,9.087,9.326195339273504,7.297,41.286,2918
2025-04-22T03:37:17.643136Z,2025-04-22T03:37:17.651232Z,8.096,9.325773895169608,7.297,41.286,2919
2025-04-22T03:37:22.681475Z,2025-04-22T03:37:22.693511Z,12.036,9.326702054794549,7.297,41.286,2920
2025-04-22T03:37:27.665112Z,2025-04-22T03:37:27.673904Z,8.792,9.326519000342376,7.297,41.286,2921
2025-04-22T03:37:32.682089Z,2025-04-22T03:37:32.690196Z,8.107,9.3261016427105,7.297,41.286,2922
2025-04-22T03:37:37.684164Z,2025-04-22T03:37:37.692412Z,8.248,9.325732808758152,7.297,41.286,2923
2025-04-22T03:37:42.701104Z,2025-04-22T03:37:42.712981Z,11.877,9.326605335157344,7.297,41.286,2924
2025-04-22T03:37:47.701172Z,2025-04-22T03:37:47.709532Z,8.36,9.326274871794897,7.297,41.286,2925
2025-04-22T03:37:52.716882Z,2025-04-22T03:37:52.724822Z,7.9399999999999995,9.325801093643225,7.297,41.286,2926
2025-04-22T03:37:57.716094Z,2025-04-22T03:37:57.723436Z,7.342,9.325123334472181,7.297,41.286,2927
2025-04-22T03:38:02.749789Z,2025-04-22T03:38:02.761344Z,11.555,9.325884904371613,7.297,41.286,2928
2025-04-22T03:38:07.741119Z,2025-04-22T03:38:07.749432Z,8.312999999999999,9.325539091840247,7.297,41.286,2929
2025-04-22T03:38:12.818060Z,2025-04-22T03:38:12.826047Z,7.986999999999999,9.325082252559755,7.297,41.286,2930
2025-04-22T03:38:17.761090Z,2025-04-22T03:38:17.769332Z,8.241999999999999,9.324712726032098,7.297,41.286,2931
2025-04-22T03:38:22.783978Z,2025-04-22T03:38:22.796165Z,12.187,9.325688949522537,7.297,41.286,2932
2025-04-22T03:38:27.778962Z,2025-04-22T03:38:27.786687Z,7.7250000000000005,9.32514319809072,7.297,41.286,2933
2025-04-22T03:38:32.795261Z,2025-04-22T03:38:32.803275Z,8.014000000000001,9.324696319018432,7.297,41.286,2934
2025-04-22T03:38:37.795922Z,2025-04-22T03:38:37.803990Z,8.068000000000001,9.324268143100538,7.297,41.286,2935
2025-04-22T03:38:42.833019Z,2025-04-22T03:38:42.845177Z,12.158000000000001,9.325233310626732,7.297,41.286,2936
2025-04-22T03:38:47.820917Z,2025-04-22T03:38:47.829424Z,8.507000000000001,9.324954715696318,7.297,41.286,2937
2025-04-22T03:38:52.831812Z,2025-04-22T03:38:52.839819Z,8.007,9.324506126616773,7.297,41.286,2938
2025-04-22T03:38:57.835251Z,2025-04-22T03:38:57.843597Z,8.346,9.324173188159266,7.297,41.286,2939
2025-04-22T03:39:02.850878Z,2025-04-22T03:39:02.876085Z,25.207,9.32957551020411,7.297,41.286,2940
2025-04-22T03:39:07.851874Z,2025-04-22T03:39:07.859785Z,7.911,9.329093165589963,7.297,41.286,2941
2025-04-22T03:39:12.904905Z,2025-04-22T03:39:12.912679Z,7.774,9.328564581917092,7.297,41.286,2942
2025-04-22T03:39:17.873823Z,2025-04-22T03:39:17.881846Z,8.023000000000001,9.328120965001728,7.297,41.286,2943
2025-04-22T03:39:22.887969Z,2025-04-22T03:39:22.900108Z,12.139000000000001,9.329075747282639,7.297,41.286,2944
2025-04-22T03:39:27.880807Z,2025-04-22T03:39:27.888764Z,7.957000000000001,9.328609847198672,7.297,41.286,2945
2025-04-22T03:39:32.904829Z,2025-04-22T03:39:32.912841Z,8.012,9.328162932790255,7.297,41.286,2946
2025-04-22T03:39:37.907882Z,2025-04-22T03:39:37.916665Z,8.783,9.327977943671561,7.297,41.286,2947
2025-04-22T03:39:42.918753Z,2025-04-22T03:39:42.932173Z,13.42,9.329366010854846,7.297,41.286,2948
2025-04-22T03:39:47.922766Z,2025-04-22T03:39:47.931021Z,8.255,9.329001695490026,7.297,41.286,2949
2025-04-22T03:39:52.938838Z,2025-04-22T03:39:52.947136Z,8.298,9.32865220338986,7.297,41.286,2950
2025-04-22T03:39:57.936226Z,2025-04-22T03:39:57.944638Z,8.411999999999999,9.32834157912575,7.297,41.286,2951
2025-04-22T03:40:02.956461Z,2025-04-22T03:40:02.964578Z,8.116999999999999,9.32793123306236,7.297,41.286,2952
2025-04-22T03:40:07.954662Z,2025-04-22T03:40:07.963193Z,8.531,9.327661361327493,7.297,41.286,2953
2025-04-22T03:40:13.000647Z,2025-04-22T03:40:13.008659Z,8.012,9.327215978334491,7.297,41.286,2954
2025-04-22T03:40:17.973538Z,2025-04-22T03:40:17.984679Z,11.141,9.32782978003387,7.297,41.286,2955
2025-04-22T03:40:22.992657Z,2025-04-22T03:40:23.000909Z,8.252,9.327465832205712,7.297,41.286,2956
2025-04-22T03:40:27.995722Z,2025-04-22T03:40:28.003799Z,8.077000000000002,9.32704294893476,7.297,41.286,2957
2025-04-22T03:40:33.013842Z,2025-04-22T03:40:33.022118Z,8.276,9.326687626774877,7.297,41.286,2958
2025-04-22T03:40:38.012644Z,2025-04-22T03:40:38.024474Z,11.83,9.327533626225106,7.297,41.286,2959
2025-04-22T03:40:43.031879Z,2025-04-22T03:40:43.040003Z,8.123999999999999,9.327127027027055,7.297,41.286,2960
2025-04-22T03:40:48.028912Z,2025-04-22T03:40:48.036551Z,7.639,9.326556906450554,7.297,41.286,2961
2025-04-22T03:40:53.057294Z,2025-04-22T03:40:53.065209Z,7.915,9.326080351114141,7.297,41.286,2962
2025-04-22T03:40:58.045901Z,2025-04-22T03:40:58.057649Z,11.748,9.326897738778294,7.297,41.286,2963
2025-04-22T03:41:03.064596Z,2025-04-22T03:41:03.072830Z,8.234,9.326529014844834,7.297,41.286,2964
2025-04-22T03:41:08.075797Z,2025-04-22T03:41:08.083711Z,7.913999999999999,9.326052613828022,7.297,41.286,2965
2025-04-22T03:41:13.084506Z,2025-04-22T03:41:13.092770Z,8.264000000000001,9.32569453809848,7.297,41.286,2966
2025-04-22T03:41:18.086613Z,2025-04-22T03:41:18.099700Z,13.087,9.326962251432452,7.297,41.286,2967
2025-04-22T03:41:23.109457Z,2025-04-22T03:41:23.117819Z,8.362,9.326637129380083,7.297,41.286,2968
2025-04-22T03:41:28.100452Z,2025-04-22T03:41:28.108530Z,8.078,9.326216571236136,7.297,41.286,2969
2025-04-22T03:41:33.125432Z,2025-04-22T03:41:33.133431Z,7.998999999999999,9.325769696969727,7.297,41.286,2970
2025-04-22T03:41:38.123477Z,2025-04-22T03:41:38.135735Z,12.258,9.326756647593434,7.297,41.286,2971
2025-04-22T03:41:43.143419Z,2025-04-22T03:41:43.151745Z,8.326,9.326419919246328,7.297,41.286,2972
2025-04-22T03:41:48.146422Z,2025-04-22T03:41:48.154565Z,8.142999999999999,9.326021863437635,7.297,41.286,2973
2025-04-22T03:41:53.161142Z,2025-04-22T03:41:53.169166Z,8.024,9.325584061869566,7.297,41.286,2974
2025-04-22T03:41:58.158575Z,2025-04-22T03:41:58.170846Z,12.271,9.32657411764709,7.297,41.286,2975
2025-04-22T03:42:03.184764Z,2025-04-22T03:42:03.192943Z,8.179,9.326188508064547,7.297,41.286,2976
2025-04-22T03:42:08.176458Z,2025-04-22T03:42:08.184593Z,8.135,9.325788377561333,7.297,41.286,2977
2025-04-22T03:42:13.198635Z,2025-04-22T03:42:13.206775Z,8.139999999999999,9.325390194761614,7.297,41.286,2978
2025-04-22T03:42:18.195929Z,2025-04-22T03:42:18.208133Z,12.203999999999999,9.326356495468309,7.297,41.286,2979
2025-04-22T03:42:23.215630Z,2025-04-22T03:42:23.223274Z,7.644,9.325791946308753,7.297,41.286,2980
2025-04-22T03:42:28.218224Z,2025-04-22T03:42:28.225851Z,7.627,9.32522207312985,7.297,41.286,2981
2025-04-22T03:42:33.240331Z,2025-04-22T03:42:33.248554Z,8.222999999999999,9.324852448021492,7.297,41.286,2982
2025-04-22T03:42:38.240358Z,2025-04-22T03:42:38.252970Z,12.612,9.325954408313807,7.297,41.286,2983
2025-04-22T03:42:43.260326Z,2025-04-22T03:42:43.268807Z,8.481,9.325671246648824,7.297,41.286,2984
2025-04-22T03:42:48.263398Z,2025-04-22T03:42:48.271570Z,8.172,9.325284757118958,7.297,41.286,2985
2025-04-22T03:42:53.277854Z,2025-04-22T03:42:53.285717Z,7.863,9.324795043536533,7.297,41.286,2986
2025-04-22T03:42:58.275364Z,2025-04-22T03:42:58.305503Z,30.139,9.331763307666582,7.297,41.286,2987
2025-04-22T03:43:03.297159Z,2025-04-22T03:43:03.305078Z,7.9190000000000005,9.33129049531462,7.297,41.286,2988
2025-04-22T03:43:08.298622Z,2025-04-22T03:43:08.306610Z,7.988,9.330841083974603,7.297,41.286,2989
2025-04-22T03:43:13.319170Z,2025-04-22T03:43:13.326946Z,7.776,9.330321070234142,7.297,41.286,2990
2025-04-22T03:43:18.312931Z,2025-04-22T03:43:18.325728Z,12.796999999999999,9.331480106987659,7.297,41.286,2991
2025-04-22T03:43:23.339104Z,2025-04-22T03:43:23.347095Z,7.991,9.331032085561526,7.297,41.286,2992
2025-04-22T03:43:28.335506Z,2025-04-22T03:43:28.343818Z,8.312,9.330691613765481,7.297,41.286,2993
2025-04-22T03:43:33.353196Z,2025-04-22T03:43:33.361124Z,7.927999999999999,9.330223112892481,7.297,41.286,2994
2025-04-22T03:43:38.357096Z,2025-04-22T03:43:38.365639Z,8.543000000000001,9.32996026711188,7.297,41.286,2995
2025-04-22T03:43:43.384687Z,2025-04-22T03:43:43.392745Z,8.058,9.329535714285743,7.297,41.286,2996
2025-04-22T03:43:48.374366Z,2025-04-22T03:43:48.382461Z,8.095,9.329123790457153,7.297,41.286,2997
2025-04-22T03:43:53.390132Z,2025-04-22T03:43:53.400986Z,10.854000000000001,9.329632421614438,7.297,41.286,2998
2025-04-22T03:43:58.388396Z,2025-04-22T03:43:58.396598Z,8.202,9.329256418806295,7.297,41.286,2999
2025-04-22T03:44:03.416204Z,2025-04-22T03:44:03.424510Z,8.306,9.328915333333361,7.297,41.286,3000
2025-04-22T03:44:08.408105Z,2025-04-22T03:44:08.416057Z,7.952000000000001,9.328456514495198,7.297,41.286,3001
2025-04-22T03:44:13.431060Z,2025-04-22T03:44:13.443363Z,12.302999999999999,9.32944736842108,7.297,41.286,3002
2025-04-22T03:44:18.428969Z,2025-04-22T03:44:18.437165Z,8.196,9.32906993006996,7.297,41.286,3003
2025-04-22T03:44:23.447031Z,2025-04-22T03:44:23.455077Z,8.046,9.328642809587246,7.297,41.286,3004
2025-04-22T03:44:28.451030Z,2025-04-22T03:44:28.459346Z,8.316,9.328305823627316,7.297,41.286,3005
2025-04-22T03:44:33.469000Z,2025-04-22T03:44:33.481419Z,12.418999999999999,9.329333998669357,7.297,41.286,3006
2025-04-22T03:44:38.464930Z,2025-04-22T03:44:38.473462Z,8.532,9.329068839374822,7.297,41.286,3007
2025-04-22T03:44:43.487008Z,2025-04-22T03:44:43.495173Z,8.165000000000001,9.328681848404285,7.297,41.286,3008
2025-04-22T03:44:48.484383Z,2025-04-22T03:44:48.492745Z,8.362,9.328360584911962,7.297,41.286,3009
2025-04-22T03:44:53.504069Z,2025-04-22T03:44:53.516143Z,12.074,9.329272757475112,7.297,41.286,3010
2025-04-22T03:44:58.502408Z,2025-04-22T03:44:58.510671Z,8.263,9.328918631683855,7.297,41.286,3011
2025-04-22T03:45:03.518531Z,2025-04-22T03:45:03.526118Z,7.587,9.328340305444916,7.297,41.286,3012
2025-04-22T03:45:08.521876Z,2025-04-22T03:45:08.529609Z,7.7330000000000005,9.32781081978098,7.297,41.286,3013
2025-04-22T03:45:13.543136Z,2025-04-22T03:45:13.555068Z,11.932,9.328674850696778,7.297,41.286,3014
2025-04-22T03:45:18.543111Z,2025-04-22T03:45:18.551373Z,8.262,9.328321061359897,7.297,41.286,3015
2025-04-22T03:45:23.561882Z,2025-04-22T03:45:23.569444Z,7.562,9.327735411140614,7.297,41.286,3016
2025-04-22T03:45:28.563139Z,2025-04-22T03:45:28.570677Z,7.538,9.327142194232712,7.297,41.286,3017
2025-04-22T03:45:33.582899Z,2025-04-22T03:45:33.594401Z,11.502,9.32786282306166,7.297,41.286,3018
2025-04-22T03:45:38.581160Z,2025-04-22T03:45:38.588752Z,7.592,9.32728784365687,7.297,41.286,3019
2025-04-22T03:45:43.600812Z,2025-04-22T03:45:43.608260Z,7.4479999999999995,9.326665562913938,7.297,41.286,3020
2025-04-22T03:45:48.597624Z,2025-04-22T03:45:48.605844Z,8.22,9.326299238662724,7.297,41.286,3021
2025-04-22T03:45:53.616843Z,2025-04-22T03:45:53.630006Z,13.162999999999998,9.327568828590367,7.297,41.286,3022
2025-04-22T03:45:58.615078Z,2025-04-22T03:45:58.622209Z,7.131,9.326842209725468,7.131,41.286,3023
2025-04-22T03:46:03.637738Z,2025-04-22T03:46:03.645686Z,7.948,9.326386243386274,7.131,41.286,3024
2025-04-22T03:46:08.633931Z,2025-04-22T03:46:08.641319Z,7.388,9.325745454545485,7.131,41.286,3025
2025-04-22T03:46:13.656704Z,2025-04-22T03:46:13.668563Z,11.859,9.32658261731662,7.131,41.286,3026
2025-04-22T03:46:18.653503Z,2025-04-22T03:46:18.662127Z,8.624,9.326350512058175,7.131,41.286,3027
2025-04-22T03:46:23.672782Z,2025-04-22T03:46:23.680925Z,8.142999999999999,9.325959709379157,7.131,41.286,3028
2025-04-22T03:46:28.674878Z,2025-04-22T03:46:28.682589Z,7.711,9.325426543413698,7.131,41.286,3029
2025-04-22T03:46:33.693839Z,2025-04-22T03:46:33.705486Z,11.647,9.326192739273958,7.131,41.286,3030
2025-04-22T03:46:38.696696Z,2025-04-22T03:46:38.705052Z,8.356,9.325872649290693,7.131,41.286,3031
2025-04-22T03:46:43.713737Z,2025-04-22T03:46:43.721450Z,7.713,9.325340699208473,7.131,41.286,3032
2025-04-22T03:46:48.712256Z,2025-04-22T03:46:48.719435Z,7.178999999999999,9.324633036597458,7.131,41.286,3033
2025-04-22T03:46:53.729267Z,2025-04-22T03:46:53.754926Z,25.659000000000002,9.33001680949245,7.131,41.286,3034
2025-04-22T03:46:58.733530Z,2025-04-22T03:46:58.741384Z,7.854,9.329530477759503,7.131,41.286,3035
2025-04-22T03:47:03.753803Z,2025-04-22T03:47:03.762434Z,8.631,9.329300395256947,7.131,41.286,3036
2025-04-22T03:47:08.749185Z,2025-04-22T03:47:08.757299Z,8.113999999999999,9.328900230490644,7.131,41.286,3037
2025-04-22T03:47:13.769508Z,2025-04-22T03:47:13.782075Z,12.567,9.329966096115895,7.131,41.286,3038
2025-04-22T03:47:18.767898Z,2025-04-22T03:47:18.775661Z,7.763,9.329450477130667,7.131,41.286,3039
2025-04-22T03:47:23.787586Z,2025-04-22T03:47:23.795766Z,8.18,9.329072368421082,7.131,41.286,3040
2025-04-22T03:47:28.782781Z,2025-04-22T03:47:28.790775Z,7.994,9.328633344294671,7.131,41.286,3041
2025-04-22T03:47:33.803653Z,2025-04-22T03:47:33.812081Z,8.427999999999999,9.328337278106538,7.131,41.286,3042
2025-04-22T03:47:38.801799Z,2025-04-22T03:47:38.809598Z,7.799,9.327834702596151,7.131,41.286,3043
2025-04-22T03:47:43.821572Z,2025-04-22T03:47:43.829515Z,7.9430000000000005,9.32737976346915,7.131,41.286,3044
2025-04-22T03:47:48.818604Z,2025-04-22T03:47:48.829946Z,11.342,9.328041379310374,7.131,41.286,3045
2025-04-22T03:47:53.836902Z,2025-04-22T03:47:53.844995Z,8.093,9.32763591595538,7.131,41.286,3046
2025-04-22T03:47:58.831339Z,2025-04-22T03:47:58.839548Z,8.209,9.32726878897279,7.131,41.286,3047
2025-04-22T03:48:03.854776Z,2025-04-22T03:48:03.863127Z,8.351,9.326948490813677,7.131,41.286,3048
2025-04-22T03:48:08.860278Z,2025-04-22T03:48:08.872757Z,12.479000000000001,9.327982289275202,7.131,41.286,3049
2025-04-22T03:48:13.875630Z,2025-04-22T03:48:13.883293Z,7.662999999999999,9.327436393442651,7.131,41.286,3050
2025-04-22T03:48:18.874858Z,2025-04-22T03:48:18.883006Z,8.148000000000001,9.327049819731265,7.131,41.286,3051
2025-04-22T03:48:23.904418Z,2025-04-22T03:48:23.912919Z,8.501,9.326779161205796,7.131,41.286,3052
2025-04-22T03:48:28.893466Z,2025-04-22T03:48:28.905471Z,12.005,9.327656403537532,7.131,41.286,3053
2025-04-22T03:48:33.913324Z,2025-04-22T03:48:33.921719Z,8.395,9.327351015062241,7.131,41.286,3054
2025-04-22T03:48:38.912803Z,2025-04-22T03:48:38.920786Z,7.9830000000000005,9.326910965630143,7.131,41.286,3055
2025-04-22T03:48:43.941265Z,2025-04-22T03:48:43.951089Z,9.824,9.327073625654478,7.131,41.286,3056
2025-04-22T03:48:48.930482Z,2025-04-22T03:48:48.943155Z,12.673,9.328168138698098,7.131,41.286,3057
2025-04-22T03:48:53.952110Z,2025-04-22T03:48:53.960277Z,8.167,9.327788423806437,7.131,41.286,3058
2025-04-22T03:48:58.953268Z,2025-04-22T03:48:58.961484Z,8.216,9.327424975482211,7.131,41.286,3059
2025-04-22T03:49:03.968334Z,2025-04-22T03:49:03.976342Z,8.008,9.3269937908497,7.131,41.286,3060
2025-04-22T03:49:08.977060Z,2025-04-22T03:49:08.989356Z,12.296,9.327963737340765,7.131,41.286,3061
2025-04-22T03:49:13.987292Z,2025-04-22T03:49:13.995217Z,7.925,9.327505551926873,7.131,41.286,3062
2025-04-22T03:49:18.981260Z,2025-04-22T03:49:18.989362Z,8.102,9.327105452171102,7.131,41.286,3063
2025-04-22T03:49:24.004394Z,2025-04-22T03:49:24.012367Z,7.972999999999999,9.326663511749375,7.131,41.286,3064
2025-04-22T03:49:29.002184Z,2025-04-22T03:49:29.014444Z,12.26,9.327620554649293,7.131,41.286,3065
2025-04-22T03:49:34.024237Z,2025-04-22T03:49:34.032628Z,8.391,9.32731506849318,7.131,41.286,3066
2025-04-22T03:49:39.019314Z,2025-04-22T03:49:39.027361Z,8.047,9.32689761982396,7.131,41.286,3067
2025-04-22T03:49:44.044134Z,2025-04-22T03:49:44.052309Z,8.175,9.32652216427643,7.131,41.286,3068
2025-04-22T03:49:49.044148Z,2025-04-22T03:49:49.056576Z,12.427999999999999,9.327532746823097,7.131,41.286,3069
2025-04-22T03:49:54.059202Z,2025-04-22T03:49:54.067274Z,8.072,9.327123778501656,7.131,41.286,3070
2025-04-22T03:49:59.053575Z,2025-04-22T03:49:59.061667Z,8.092,9.326721589058966,7.131,41.286,3071
2025-04-22T03:50:04.079451Z,2025-04-22T03:50:04.087812Z,8.361,9.326407226562528,7.131,41.286,3072
2025-04-22T03:50:09.079107Z,2025-04-22T03:50:09.091511Z,12.404,9.327408721119456,7.131,41.286,3073
2025-04-22T03:50:14.094042Z,2025-04-22T03:50:14.101432Z,7.39,9.326778464541343,7.131,41.286,3074
2025-04-22T03:50:19.088790Z,2025-04-22T03:50:19.097227Z,8.437,9.326489105691087,7.131,41.286,3075
2025-04-22T03:50:24.118582Z,2025-04-22T03:50:24.126577Z,7.995,9.32605624187259,7.131,41.286,3076
2025-04-22T03:50:29.117057Z,2025-04-22T03:50:29.129280Z,12.222999999999999,9.326997725056904,7.131,41.286,3077
2025-04-22T03:50:34.137104Z,2025-04-22T03:50:34.145238Z,8.134,9.32661013645227,7.131,41.286,3078
2025-04-22T03:50:39.135569Z,2025-04-22T03:50:39.143627Z,8.058,9.326198116271545,7.131,41.286,3079
2025-04-22T03:50:44.155990Z,2025-04-22T03:50:44.164379Z,8.389000000000001,9.325893831168859,7.131,41.286,3080
2025-04-22T03:50:49.158056Z,2025-04-22T03:50:49.183136Z,25.080000000000002,9.331007140538814,7.131,41.286,3081
2025-04-22T03:50:54.171463Z,2025-04-22T03:50:54.179435Z,7.9719999999999995,9.330566190785232,7.131,41.286,3082
2025-04-22T03:50:59.173124Z,2025-04-22T03:50:59.181271Z,8.147,9.330182289977323,7.131,41.286,3083
2025-04-22T03:51:04.200109Z,2025-04-22T03:51:04.208294Z,8.184999999999999,9.329810959792505,7.131,41.286,3084
2025-04-22T03:51:09.193062Z,2025-04-22T03:51:09.205138Z,12.076,9.330701134521908,7.131,41.286,3085
2025-04-22T03:51:14.208088Z,2025-04-22T03:51:14.216029Z,7.941,9.330250810110202,7.131,41.286,3086
2025-04-22T03:51:19.205504Z,2025-04-22T03:51:19.213595Z,8.091,9.329849368318785,7.131,41.286,3087
2025-04-22T03:51:24.224948Z,2025-04-22T03:51:24.233596Z,8.648,9.329628562176193,7.131,41.286,3088
2025-04-22T03:51:29.225216Z,2025-04-22T03:51:29.238799Z,13.583,9.331005503399187,7.131,41.286,3089
2025-04-22T03:51:34.242985Z,2025-04-22T03:51:34.251173Z,8.188,9.33063559870553,7.131,41.286,3090
2025-04-22T03:51:39.245953Z,2025-04-22T03:51:39.253541Z,7.588,9.330071821417047,7.131,41.286,3091
2025-04-22T03:51:44.263954Z,2025-04-22T03:51:44.272042Z,8.088,9.329670116429524,7.131,41.286,3092
2025-04-22T03:51:49.263520Z,2025-04-22T03:51:49.277347Z,13.827,9.331124151309437,7.131,41.286,3093
2025-04-22T03:51:54.281787Z,2025-04-22T03:51:54.289635Z,7.848000000000001,9.330644796380119,7.131,41.286,3094
2025-04-22T03:51:59.292235Z,2025-04-22T03:51:59.300336Z,8.101,9.330247495961256,7.131,41.286,3095
2025-04-22T03:52:04.304545Z,2025-04-22T03:52:04.312830Z,8.285,9.329909883720958,7.131,41.286,3096
2025-04-22T03:52:09.306944Z,2025-04-22T03:52:09.314999Z,8.055,9.329498224087855,7.131,41.286,3097
2025-04-22T03:52:14.318134Z,2025-04-22T03:52:14.326174Z,8.040000000000001,9.329081988379627,7.131,41.286,3098
2025-04-22T03:52:19.320824Z,2025-04-22T03:52:19.328928Z,8.104,9.328686673120389,7.131,41.286,3099
2025-04-22T03:52:24.339780Z,2025-04-22T03:52:24.351027Z,11.247,9.329305483870996,7.131,41.286,3100
2025-04-22T03:52:29.334760Z,2025-04-22T03:52:29.343019Z,8.259,9.328960335375712,7.131,41.286,3101
2025-04-22T03:52:34.354264Z,2025-04-22T03:52:34.362430Z,8.166,9.328585428755668,7.131,41.286,3102
2025-04-22T03:52:39.360690Z,2025-04-22T03:52:39.369095Z,8.405,9.328287786013563,7.131,41.286,3103
2025-04-22T03:52:44.376631Z,2025-04-22T03:52:44.388382Z,11.751,9.3290682989691,7.131,41.286,3104
2025-04-22T03:52:49.376702Z,2025-04-22T03:52:49.385011Z,8.309000000000001,9.328739774557194,7.131,41.286,3105
2025-04-22T03:52:54.394352Z,2025-04-22T03:52:54.402550Z,8.198,9.328375724404406,7.131,41.286,3106
2025-04-22T03:52:59.392200Z,2025-04-22T03:52:59.400463Z,8.263,9.32803282909562,7.131,41.286,3107
2025-04-22T03:53:04.415584Z,2025-04-22T03:53:04.427413Z,11.828999999999999,9.328837516087544,7.131,41.286,3108
2025-04-22T03:53:09.414786Z,2025-04-22T03:53:09.422674Z,7.887999999999999,9.328374075265387,7.131,41.286,3109
2025-04-22T03:53:14.431676Z,2025-04-22T03:53:14.439450Z,7.774,9.32787427652736,7.131,41.286,3110
2025-04-22T03:53:19.432602Z,2025-04-22T03:53:19.440795Z,8.193000000000001,9.327509482481545,7.131,41.286,3111
2025-04-22T03:53:24.452752Z,2025-04-22T03:53:24.465408Z,12.656,9.328579048843213,7.131,41.286,3112
2025-04-22T03:53:29.452069Z,2025-04-22T03:53:29.460126Z,8.057,9.328170575008059,7.131,41.286,3113
2025-04-22T03:53:34.474476Z,2025-04-22T03:53:34.482831Z,8.355,9.32785806037254,7.131,41.286,3114
2025-04-22T03:53:39.470046Z,2025-04-22T03:53:39.478278Z,8.232,9.32750626003213,7.131,41.286,3115
2025-04-22T03:53:44.501188Z,2025-04-22T03:53:44.513394Z,12.206,9.32843003851094,7.131,41.286,3116
2025-04-22T03:53:49.494632Z,2025-04-22T03:53:49.502539Z,7.907000000000001,9.327974013474522,7.131,41.286,3117
2025-04-22T03:53:54.508086Z,2025-04-22T03:53:54.516076Z,7.99,9.32754490057732,7.131,41.286,3118
2025-04-22T03:53:59.508592Z,2025-04-22T03:53:59.516601Z,8.009,9.327122154536738,7.131,41.286,3119
2025-04-22T03:54:04.531849Z,2025-04-22T03:54:04.543566Z,11.717,9.327888141025669,7.131,41.286,3120
2025-04-22T03:54:09.528566Z,2025-04-22T03:54:09.536568Z,8.002,9.327463313040722,7.131,41.286,3121
2025-04-22T03:54:14.553562Z,2025-04-22T03:54:14.561775Z,8.213,9.327106342088435,7.131,41.286,3122
2025-04-22T03:54:19.540770Z,2025-04-22T03:54:19.548776Z,8.005999999999998,9.326683317323116,7.131,41.286,3123
2025-04-22T03:54:24.564463Z,2025-04-22T03:54:24.576563Z,12.1,9.327571062740107,7.131,41.286,3124
2025-04-22T03:54:29.571119Z,2025-04-22T03:54:29.580580Z,9.461,9.32761376000003,7.131,41.286,3125
2025-04-22T03:54:34.585461Z,2025-04-22T03:54:34.593351Z,7.89,9.327153870761386,7.131,41.286,3126
2025-04-22T03:54:39.581183Z,2025-04-22T03:54:39.589287Z,8.104,9.326762711864436,7.131,41.286,3127
2025-04-22T03:54:44.606376Z,2025-04-22T03:54:44.631535Z,25.159000000000002,9.331824168797983,7.131,41.286,3128
2025-04-22T03:54:49.603902Z,2025-04-22T03:54:49.612332Z,8.43,9.331535953978936,7.131,41.286,3129
2025-04-22T03:54:54.622219Z,2025-04-22T03:54:54.629838Z,7.619,9.330988817891402,7.131,41.286,3130
2025-04-22T03:54:59.619321Z,2025-04-22T03:54:59.627326Z,8.005,9.330565314596004,7.131,41.286,3131
2025-04-22T03:55:04.642350Z,2025-04-22T03:55:04.654712Z,12.362,9.331533205619442,7.131,41.286,3132
2025-04-22T03:55:09.639353Z,2025-04-22T03:55:09.647319Z,7.966000000000001,9.331097350782027,7.131,41.286,3133
2025-04-22T03:55:14.660286Z,2025-04-22T03:55:14.668422Z,8.136,9.330716017868568,7.131,41.286,3134
2025-04-22T03:55:19.653770Z,2025-04-22T03:55:19.661750Z,7.9799999999999995,9.330285167464144,7.131,41.286,3135
2025-04-22T03:55:24.677252Z,2025-04-22T03:55:24.690403Z,13.151,9.33150350765309,7.131,41.286,3136
2025-04-22T03:55:29.681256Z,2025-04-22T03:55:29.689304Z,8.048,9.331094357666588,7.131,41.286,3137
2025-04-22T03:55:34.697285Z,2025-04-22T03:55:34.705717Z,8.432,9.330807839388173,7.131,41.286,3138
2025-04-22T03:55:39.699270Z,2025-04-22T03:55:39.707106Z,7.835999999999999,9.330331634278462,7.131,41.286,3139
2025-04-22T03:55:44.718158Z,2025-04-22T03:55:44.730317Z,12.158999999999999,9.33123248407646,7.131,41.286,3140
2025-04-22T03:55:49.721112Z,2025-04-22T03:55:49.728840Z,7.728,9.330722063037278,7.131,41.286,3141
2025-04-22T03:55:54.745003Z,2025-04-22T03:55:54.752749Z,7.746,9.33021769573523,7.131,41.286,3142
2025-04-22T03:55:59.730535Z,2025-04-22T03:55:59.739139Z,8.604000000000001,9.329986636971075,7.131,41.286,3143
2025-04-22T03:56:04.756262Z,2025-04-22T03:56:04.769465Z,13.203,9.33121851145041,7.131,41.286,3144
2025-04-22T03:56:09.752411Z,2025-04-22T03:56:09.760845Z,8.434000000000001,9.330933227345021,7.131,41.286,3145
2025-04-22T03:56:14.772240Z,2025-04-22T03:56:14.780343Z,8.103000000000002,9.330542911633849,7.131,41.286,3146
2025-04-22T03:56:19.772338Z,2025-04-22T03:56:19.780299Z,7.960999999999999,9.330107721639687,7.131,41.286,3147
2025-04-22T03:56:24.797540Z,2025-04-22T03:56:24.810864Z,13.324000000000002,9.331376429479064,7.131,41.286,3148
2025-04-22T03:56:29.791495Z,2025-04-22T03:56:29.799677Z,8.182,9.331011432200729,7.131,41.286,3149
2025-04-22T03:56:34.808113Z,2025-04-22T03:56:34.816476Z,8.363000000000001,9.330704126984156,7.131,41.286,3150
2025-04-22T03:56:39.807482Z,2025-04-22T03:56:39.815414Z,7.9319999999999995,9.33026023484611,7.131,41.286,3151
2025-04-22T03:56:44.824548Z,2025-04-22T03:56:44.832549Z,8.001,9.329838515228456,7.131,41.286,3152
2025-04-22T03:56:49.829127Z,2025-04-22T03:56:49.837261Z,8.134,9.329459245163365,7.131,41.286,3153
2025-04-22T03:56:54.845186Z,2025-04-22T03:56:54.852842Z,7.656,9.328928662016516,7.131,41.286,3154
2025-04-22T03:56:59.841671Z,2025-04-22T03:56:59.852617Z,10.946,9.329441204437432,7.131,41.286,3155
2025-04-22T03:57:04.861689Z,2025-04-22T03:57:04.869574Z,7.885,9.328983523447432,7.131,41.286,3156
2025-04-22T03:57:09.863028Z,2025-04-22T03:57:09.871466Z,8.437999999999999,9.32870129870133,7.131,41.286,3157
2025-04-22T03:57:14.884060Z,2025-04-22T03:57:14.892040Z,7.9799999999999995,9.328274224192558,7.131,41.286,3158
2025-04-22T03:57:19.875316Z,2025-04-22T03:57:19.887410Z,12.094000000000001,9.32914973092754,7.131,41.286,3159
2025-04-22T03:57:24.902068Z,2025-04-22T03:57:24.909490Z,7.422,9.328546202531676,7.131,41.286,3160
2025-04-22T03:57:29.900877Z,2025-04-22T03:57:29.908707Z,7.83,9.328072129073108,7.131,41.286,3161
2025-04-22T03:57:34.919042Z,2025-04-22T03:57:34.926703Z,7.6610000000000005,9.327544908285924,7.131,41.286,3162
2025-04-22T03:57:39.920064Z,2025-04-22T03:57:39.931664Z,11.6,9.328263357571954,7.131,41.286,3163
2025-04-22T03:57:44.940838Z,2025-04-22T03:57:44.948347Z,7.509,9.327688369153,7.131,41.286,3164
2025-04-22T03:57:49.937364Z,2025-04-22T03:57:49.945613Z,8.248999999999999,9.327347551342841,7.131,41.286,3165
2025-04-22T03:57:54.959080Z,2025-04-22T03:57:54.966973Z,7.893000000000001,9.326894504106157,7.131,41.286,3166
2025-04-22T03:57:59.952339Z,2025-04-22T03:57:59.964272Z,11.933,9.327717398168643,7.131,41.286,3167
2025-04-22T03:58:04.989180Z,2025-04-22T03:58:04.997045Z,7.865,9.32725568181821,7.131,41.286,3168
2025-04-22T03:58:09.975983Z,2025-04-22T03:58:09.984183Z,8.200000000000001,9.326899968444334,7.131,41.286,3169
2025-04-22T03:58:14.993789Z,2025-04-22T03:58:15.001721Z,7.9319999999999995,9.326459936908545,7.131,41.286,3170
2025-04-22T03:58:19.991081Z,2025-04-22T03:58:20.003095Z,12.014000000000001,9.327307473982998,7.131,41.286,3171
2025-04-22T03:58:25.013833Z,2025-04-22T03:58:25.021772Z,7.939,9.326869798234581,7.131,41.286,3172
2025-04-22T03:58:30.011034Z,2025-04-22T03:58:30.019074Z,8.040000000000001,9.326464229435894,7.131,41.286,3173
2025-04-22T03:58:35.036945Z,2025-04-22T03:58:35.045770Z,8.825,9.326306238185285,7.131,41.286,3174
2025-04-22T03:58:40.036892Z,2025-04-22T03:58:40.061934Z,25.041999999999998,9.331256062992155,7.131,41.286,3175
2025-04-22T03:58:45.062284Z,2025-04-22T03:58:45.070183Z,7.899,9.330805100755697,7.131,41.286,3176
2025-04-22T03:58:50.056257Z,2025-04-22T03:58:50.064483Z,8.226,9.330457349701005,7.131,41.286,3177
2025-04-22T03:58:55.069278Z,2025-04-22T03:58:55.077515Z,8.237,9.330113278791721,7.131,41.286,3178
2025-04-22T03:59:00.073030Z,2025-04-22T03:59:00.085320Z,12.290000000000001,9.331044353570334,7.131,41.286,3179
2025-04-22T03:59:05.087713Z,2025-04-22T03:59:05.095605Z,7.8919999999999995,9.330591823899399,7.131,41.286,3180
2025-04-22T03:59:10.086931Z,2025-04-22T03:59:10.095054Z,8.123,9.330212197422224,7.131,41.286,3181
2025-04-22T03:59:15.107637Z,2025-04-22T03:59:15.115599Z,7.962000000000001,9.329782212445032,7.131,41.286,3182
2025-04-22T03:59:20.097716Z,2025-04-22T03:59:20.110511Z,12.795000000000002,9.330870876531602,7.131,41.286,3183
2025-04-22T03:59:25.124640Z,2025-04-22T03:59:25.132758Z,8.118,9.330489949748772,7.131,41.286,3184
2025-04-22T03:59:30.121770Z,2025-04-22T03:59:30.129877Z,8.107,9.330105808477265,7.131,41.286,3185
2025-04-22T03:59:35.142582Z,2025-04-22T03:59:35.150477Z,7.895,9.329655367231668,7.131,41.286,3186
2025-04-22T03:59:40.145600Z,2025-04-22T03:59:40.158584Z,12.984,9.330802008158171,7.131,41.286,3187
2025-04-22T03:59:45.160500Z,2025-04-22T03:59:45.168468Z,7.967999999999999,9.3303745294856,7.131,41.286,3188
2025-04-22T03:59:50.159505Z,2025-04-22T03:59:50.167583Z,8.078,9.329981812480431,7.131,41.286,3189
2025-04-22T03:59:55.176104Z,2025-04-22T03:59:55.184554Z,8.45,9.329705956112882,7.131,41.286,3190
2025-04-22T04:00:00.172848Z,2025-04-22T04:00:00.185557Z,12.709,9.330764963961169,7.131,41.286,3191
2025-04-22T04:00:05.196920Z,2025-04-22T04:00:05.204948Z,8.028,9.330356829573965,7.131,41.286,3192
2025-04-22T04:00:10.193649Z,2025-04-22T04:00:10.201747Z,8.097999999999999,9.329970873786436,7.131,41.286,3193
2025-04-22T04:00:15.219255Z,2025-04-22T04:00:15.227694Z,8.439,9.329691922354444,7.131,41.286,3194
2025-04-22T04:00:20.211134Z,2025-04-22T04:00:20.224432Z,13.298,9.330933959311453,7.131,41.286,3195
2025-04-22T04:00:25.240124Z,2025-04-22T04:00:25.248452Z,8.328000000000001,9.330620150187762,7.131,41.286,3196
2025-04-22T04:00:30.231532Z,2025-04-22T04:00:30.239503Z,7.971000000000001,9.330194870190832,7.131,41.286,3197
2025-04-22T04:00:35.253382Z,2025-04-22T04:00:35.261587Z,8.205,9.329843026891837,7.131,41.286,3198
2025-04-22T04:00:40.254492Z,2025-04-22T04:00:40.262627Z,8.135,9.329469521725567,7.131,41.286,3199
2025-04-22T04:00:45.273361Z,2025-04-22T04:00:45.281465Z,8.104,9.329086562500027,7.131,41.286,3200
2025-04-22T04:00:50.272735Z,2025-04-22T04:00:50.280778Z,8.043,9.328684786004402,7.131,41.286,3201
2025-04-22T04:00:55.289897Z,2025-04-22T04:00:55.300795Z,10.898,9.329174890693347,7.131,41.286,3202
2025-04-22T04:01:00.289294Z,2025-04-22T04:01:00.297052Z,7.758,9.328684358414016,7.131,41.286,3203
2025-04-22T04:01:05.310432Z,2025-04-22T04:01:05.318530Z,8.097999999999999,9.328300249687919,7.131,41.286,3204
2025-04-22T04:01:10.309493Z,2025-04-22T04:01:10.317708Z,8.215,9.327952886115472,7.131,41.286,3205
2025-04-22T04:01:15.328324Z,2025-04-22T04:01:15.340286Z,11.962,9.328774485340016,7.131,41.286,3206
2025-04-22T04:01:20.321700Z,2025-04-22T04:01:20.330020Z,8.319999999999999,9.328459931400092,7.131,41.286,3207
2025-04-22T04:01:25.346293Z,2025-04-22T04:01:25.354357Z,8.064,9.328065773067362,7.131,41.286,3208
2025-04-22T04:01:30.353278Z,2025-04-22T04:01:30.361456Z,8.177999999999999,9.327707385478373,7.131,41.286,3209
2025-04-22T04:01:35.362412Z,2025-04-22T04:01:35.374252Z,11.84,9.328490031152677,7.131,41.286,3210
2025-04-22T04:01:40.359628Z,2025-04-22T04:01:40.367574Z,7.946,9.328059483027126,7.131,41.286,3211
2025-04-22T04:01:45.385928Z,2025-04-22T04:01:45.394439Z,8.511,9.327805105853079,7.131,41.286,3212
2025-04-22T04:01:50.382562Z,2025-04-22T04:01:50.390980Z,8.418,9.327521942110206,7.131,41.286,3213
2025-04-22T04:01:55.399914Z,2025-04-22T04:01:55.413989Z,14.075000000000001,9.328999066583725,7.131,41.286,3214
2025-04-22T04:02:00.396147Z,2025-04-22T04:02:00.404330Z,8.183,9.32864261275275,7.131,41.286,3215
2025-04-22T04:02:05.419444Z,2025-04-22T04:02:05.427376Z,7.9319999999999995,9.328208333333363,7.131,41.286,3216
2025-04-22T04:02:10.414156Z,2025-04-22T04:02:10.422556Z,8.4,9.327919801056915,7.131,41.286,3217
2025-04-22T04:02:15.434061Z,2025-04-22T04:02:15.445433Z,11.372,9.32855500310755,7.131,41.286,3218
2025-04-22T04:02:20.429259Z,2025-04-22T04:02:20.437603Z,8.344000000000001,9.32824914569745,7.131,41.286,3219
2025-04-22T04:02:25.454549Z,2025-04-22T04:02:25.462127Z,7.577999999999999,9.32770559006214,7.131,41.286,3220
2025-04-22T04:02:30.454172Z,2025-04-22T04:02:30.462247Z,8.075000000000001,9.327316671841073,7.131,41.286,3221
2025-04-22T04:02:35.475036Z,2025-04-22T04:02:35.500086Z,25.05,9.332196461824983,7.131,41.286,3222
2025-04-22T04:02:40.472294Z,2025-04-22T04:02:40.480259Z,7.965,9.331772261867854,7.131,41.286,3223
2025-04-22T04:02:45.490195Z,2025-04-22T04:02:45.498133Z,7.938000000000001,9.331339950372238,7.131,41.286,3224
2025-04-22T04:02:50.494056Z,2025-04-22T04:02:50.502169Z,8.113,9.330962170542666,7.131,41.286,3225
2025-04-22T04:02:55.511238Z,2025-04-22T04:02:55.524507Z,13.269,9.332182889026688,7.131,41.286,3226
2025-04-22T04:03:00.508272Z,2025-04-22T04:03:00.516744Z,8.472,9.331916330957576,7.131,41.286,3227
2025-04-22T04:03:05.533002Z,2025-04-22T04:03:05.541153Z,8.151,9.331550495662981,7.131,41.286,3228
2025-04-22T04:03:10.532024Z,2025-04-22T04:03:10.540246Z,8.222,9.331206875193589,7.131,41.286,3229
2025-04-22T04:03:15.547006Z,2025-04-22T04:03:15.560078Z,13.072000000000001,9.332365015479908,7.131,41.286,3230
2025-04-22T04:03:20.546284Z,2025-04-22T04:03:20.554185Z,7.901,9.331922005571062,7.131,41.286,3231
2025-04-22T04:03:25.568992Z,2025-04-22T04:03:25.577073Z,8.081,9.331534962871318,7.131,41.286,3232
2025-04-22T04:03:30.565212Z,2025-04-22T04:03:30.573260Z,8.048,9.331137952366253,7.131,41.286,3233
2025-04-22T04:03:35.588924Z,2025-04-22T04:03:35.597229Z,8.305,9.330820655534971,7.131,41.286,3234
2025-04-22T04:03:40.600122Z,2025-04-22T04:03:40.608181Z,8.059000000000001,9.330427511591994,7.131,41.286,3235
2025-04-22T04:03:45.613606Z,2025-04-22T04:03:45.621858Z,8.252,9.330094252163196,7.131,41.286,3236
2025-04-22T04:03:50.605562Z,2025-04-22T04:03:50.616775Z,11.213000000000001,9.33067593450729,7.131,41.286,3237
2025-04-22T04:03:55.622902Z,2025-04-22T04:03:55.631202Z,8.3,9.330357628165563,7.131,41.286,3238
2025-04-22T04:04:00.619438Z,2025-04-22T04:04:00.627489Z,8.051,9.329962642791013,7.131,41.286,3239
2025-04-22T04:04:05.644159Z,2025-04-22T04:04:05.652264Z,8.104999999999999,9.329584567901264,7.131,41.286,3240
2025-04-22T04:04:10.638703Z,2025-04-22T04:04:10.651057Z,12.354000000000001,9.330517741437857,7.131,41.286,3241
2025-04-22T04:04:15.662910Z,2025-04-22T04:04:15.671271Z,8.361,9.33021869216536,7.131,41.286,3242
2025-04-22T04:04:20.655688Z,2025-04-22T04:04:20.664116Z,8.427999999999999,9.329940487203237,7.131,41.286,3243
2025-04-22T04:04:25.689821Z,2025-04-22T04:04:25.698189Z,8.368,9.329643958076478,7.131,41.286,3244
2025-04-22T04:04:30.681946Z,2025-04-22T04:04:30.694073Z,12.127,9.330506009245022,7.131,41.286,3245
2025-04-22T04:04:35.695966Z,2025-04-22T04:04:35.704240Z,8.274000000000001,9.330180529882963,7.131,41.286,3246
2025-04-22T04:04:40.705847Z,2025-04-22T04:04:40.713873Z,8.026,9.329778872805695,7.131,41.286,3247
2025-04-22T04:04:45.716901Z,2025-04-22T04:04:45.724829Z,7.927999999999999,9.329347290640424,7.131,41.286,3248
2025-04-22T04:04:50.713982Z,2025-04-22T04:04:50.725925Z,11.943,9.330151738996644,7.131,41.286,3249
2025-04-22T04:04:55.728901Z,2025-04-22T04:04:55.737226Z,8.325000000000001,9.32984246153849,7.131,41.286,3250
2025-04-22T04:05:00.730364Z,2025-04-22T04:05:00.738391Z,8.027,9.32944171024303,7.131,41.286,3251
2025-04-22T04:05:05.751671Z,2025-04-22T04:05:05.759765Z,8.094000000000001,9.32906180811811,7.131,41.286,3252
2025-04-22T04:05:10.745104Z,2025-04-22T04:05:10.757552Z,12.448,9.330020596372607,7.131,41.286,3253
2025-04-22T04:05:15.808763Z,2025-04-22T04:05:15.816365Z,7.602,9.329489551321478,7.131,41.286,3254
2025-04-22T04:05:20.767990Z,2025-04-22T04:05:20.776551Z,8.561,9.329253456221226,7.131,41.286,3255
2025-04-22T04:05:25.784533Z,2025-04-22T04:05:25.792503Z,7.97,9.328835995086022,7.131,41.286,3256
2025-04-22T04:05:30.781071Z,2025-04-22T04:05:30.793705Z,12.633999999999999,9.329850782929102,7.131,41.286,3257
2025-04-22T04:05:35.804628Z,2025-04-22T04:05:35.812480Z,7.851999999999999,9.329397176181734,7.131,41.286,3258
2025-04-22T04:05:40.807552Z,2025-04-22T04:05:40.815321Z,7.769,9.328918379871155,7.131,41.286,3259
2025-04-22T04:05:45.821540Z,2025-04-22T04:05:45.829413Z,7.873,9.32847177914113,7.131,41.286,3260
2025-04-22T04:05:50.826069Z,2025-04-22T04:05:50.838217Z,12.148000000000001,9.329336399877365,7.131,41.286,3261
2025-04-22T04:05:55.838038Z,2025-04-22T04:05:55.845946Z,7.908,9.32890067443289,7.131,41.286,3262
2025-04-22T04:06:00.837173Z,2025-04-22T04:06:00.845354Z,8.181000000000001,9.328548881397515,7.131,41.286,3263
2025-04-22T04:06:05.862952Z,2025-04-22T04:06:05.871070Z,8.118,9.328178002451008,7.131,41.286,3264
2025-04-22T04:06:10.852114Z,2025-04-22T04:06:10.864168Z,12.054,9.329012863705998,7.131,41.286,3265
2025-04-22T04:06:15.874718Z,2025-04-22T04:06:15.882998Z,8.28,9.328691671769775,7.131,41.286,3266
2025-04-22T04:06:20.881303Z,2025-04-22T04:06:20.889045Z,7.742,9.328205999387844,7.131,41.286,3267
2025-04-22T04:06:25.892326Z,2025-04-22T04:06:25.899962Z,7.636,9.32768818849452,7.131,41.286,3268
2025-04-22T04:06:30.891475Z,2025-04-22T04:06:30.916588Z,25.113,9.332516977669039,7.131,41.286,3269
2025-04-22T04:06:35.912476Z,2025-04-22T04:06:35.920423Z,7.946999999999999,9.332093272171281,7.131,41.286,3270
2025-04-22T04:06:40.915871Z,2025-04-22T04:06:40.923990Z,8.119,9.331722409049249,7.131,41.286,3271
2025-04-22T04:06:45.934543Z,2025-04-22T04:06:45.942634Z,8.091,9.331343215158952,7.131,41.286,3272
2025-04-22T04:06:50.932527Z,2025-04-22T04:06:50.945495Z,12.968,9.33245432325087,7.131,41.286,3273
2025-04-22T04:06:55.946547Z,2025-04-22T04:06:55.954683Z,8.136,9.332088882101434,7.131,41.286,3274
2025-04-22T04:07:00.944521Z,2025-04-22T04:07:00.952567Z,8.046,9.331696183206136,7.131,41.286,3275
2025-04-22T04:07:05.968365Z,2025-04-22T04:07:05.976492Z,8.127,9.33132844932848,7.131,41.286,3276
2025-04-22T04:07:10.966585Z,2025-04-22T04:07:10.974438Z,7.853000000000001,9.330877326823344,7.131,41.286,3277
2025-04-22T04:07:15.983302Z,2025-04-22T04:07:15.991497Z,8.194999999999999,9.330530811470437,7.131,41.286,3278
2025-04-22T04:07:20.984458Z,2025-04-22T04:07:20.992571Z,8.113,9.330159499847545,7.131,41.286,3279
2025-04-22T04:07:26.003297Z,2025-04-22T04:07:26.014467Z,11.17,9.330720426829298,7.131,41.286,3280
2025-04-22T04:07:31.001613Z,2025-04-22T04:07:31.009551Z,7.938000000000001,9.330295946357847,7.131,41.286,3281
2025-04-22T04:07:36.023260Z,2025-04-22T04:07:36.031420Z,8.16,9.329939366240128,7.131,41.286,3282
2025-04-22T04:07:41.022602Z,2025-04-22T04:07:41.031198Z,8.596,9.329715808711574,7.131,41.286,3283
2025-04-22T04:07:46.042249Z,2025-04-22T04:07:46.054832Z,12.583,9.330706455542051,7.131,41.286,3284
2025-04-22T04:07:51.041422Z,2025-04-22T04:07:51.049472Z,8.05,9.330316590563196,7.131,41.286,3285
2025-04-22T04:07:56.059009Z,2025-04-22T04:07:56.067234Z,8.225,9.32998021911141,7.131,41.286,3286
2025-04-22T04:08:01.061284Z,2025-04-22T04:08:01.069268Z,7.984,9.32957073319139,7.131,41.286,3287
2025-04-22T04:08:06.081585Z,2025-04-22T04:08:06.093357Z,11.772,9.330313564476917,7.131,41.286,3288
2025-04-22T04:08:11.071688Z,2025-04-22T04:08:11.079368Z,7.680000000000001,9.329811796898783,7.131,41.286,3289
2025-04-22T04:08:16.101186Z,2025-04-22T04:08:16.109425Z,8.238999999999999,9.329480243161123,7.131,41.286,3290
2025-04-22T04:08:21.093759Z,2025-04-22T04:08:21.102151Z,8.392,9.329195381343087,7.131,41.286,3291
2025-04-22T04:08:26.116479Z,2025-04-22T04:08:26.128305Z,11.826,9.329953827460539,7.131,41.286,3292
2025-04-22T04:08:31.114319Z,2025-04-22T04:08:31.122229Z,7.91,9.329522623747373,7.131,41.286,3293
2025-04-22T04:08:36.137056Z,2025-04-22T04:08:36.145266Z,8.21,9.329182756527048,7.131,41.286,3294
2025-04-22T04:08:41.131358Z,2025-04-22T04:08:41.139299Z,7.941,9.328761456752684,7.131,41.286,3295
2025-04-22T04:08:46.164601Z,2025-04-22T04:08:46.177012Z,12.411,9.329696601941777,7.131,41.286,3296
2025-04-22T04:08:51.158213Z,2025-04-22T04:08:51.166339Z,8.126,9.329331513497147,7.131,41.286,3297
2025-04-22T04:08:56.169851Z,2025-04-22T04:08:56.177640Z,7.789,9.328864463311126,7.131,41.286,3298
2025-04-22T04:09:01.167097Z,2025-04-22T04:09:01.175205Z,8.108,9.328494392240101,7.131,41.286,3299
2025-04-22T04:09:06.189992Z,2025-04-22T04:09:06.202516Z,12.524000000000001,9.329462727272755,7.131,41.286,3300
2025-04-22T04:09:11.185919Z,2025-04-22T04:09:11.193975Z,8.056000000000001,9.329076946379914,7.131,41.286,3301
2025-04-22T04:09:16.215092Z,2025-04-22T04:09:16.223169Z,8.077000000000002,9.328697758934007,7.131,41.286,3302
2025-04-22T04:09:21.206976Z,2025-04-22T04:09:21.215618Z,8.642000000000001,9.328489857705144,7.131,41.286,3303
2025-04-22T04:09:26.228040Z,2025-04-22T04:09:26.240540Z,12.5,9.329449757869277,7.131,41.286,3304
2025-04-22T04:09:31.235799Z,2025-04-22T04:09:31.244288Z,8.489,9.329195461422117,7.131,41.286,3305
2025-04-22T04:09:36.245952Z,2025-04-22T04:09:36.253860Z,7.908,9.328765577737475,7.131,41.286,3306
2025-04-22T04:09:41.243068Z,2025-04-22T04:09:41.251347Z,8.279,9.328448140308465,7.131,41.286,3307
2025-04-22T04:09:46.275860Z,2025-04-22T04:09:46.288667Z,12.807,9.329499697702568,7.131,41.286,3308
2025-04-22T04:09:51.264997Z,2025-04-22T04:09:51.273019Z,8.022,9.329104563312207,7.131,41.286,3309
2025-04-22T04:09:56.282970Z,2025-04-22T04:09:56.291142Z,8.172,9.328754984894287,7.131,41.286,3310
2025-04-22T04:10:01.280338Z,2025-04-22T04:10:01.288541Z,8.203,9.328414980368496,7.131,41.286,3311
2025-04-22T04:10:06.326421Z,2025-04-22T04:10:06.340117Z,13.696,9.329733695652202,7.131,41.286,3312
2025-04-22T04:10:11.304973Z,2025-04-22T04:10:11.313206Z,8.233,9.329402656202864,7.131,41.286,3313
2025-04-22T04:10:16.323778Z,2025-04-22T04:10:16.331771Z,7.993,9.328999396499727,7.131,41.286,3314
2025-04-22T04:10:21.319594Z,2025-04-22T04:10:21.327577Z,7.9830000000000005,9.328593363499273,7.131,41.286,3315
2025-04-22T04:10:26.341746Z,2025-04-22T04:10:26.366997Z,25.250999999999998,9.333395054282295,7.131,41.286,3316
2025-04-22T04:10:31.341720Z,2025-04-22T04:10:31.349813Z,8.093,9.333021103406722,7.131,41.286,3317
2025-04-22T04:10:36.358551Z,2025-04-22T04:10:36.366838Z,8.286999999999999,9.332705846895749,7.131,41.286,3318
2025-04-22T04:10:41.356726Z,2025-04-22T04:10:41.364735Z,8.009,9.332307020186832,7.131,41.286,3319
2025-04-22T04:10:46.376824Z,2025-04-22T04:10:46.389946Z,13.122,9.333448493975931,7.131,41.286,3320
2025-04-22T04:10:51.374972Z,2025-04-22T04:10:51.382643Z,7.671,9.332947907256877,7.131,41.286,3321
2025-04-22T04:10:56.394179Z,2025-04-22T04:10:56.402088Z,7.908999999999999,9.332519265502738,7.131,41.286,3322
2025-04-22T04:11:01.397196Z,2025-04-22T04:11:01.405659Z,8.463,9.332257598555548,7.131,41.286,3323
2025-04-22T04:11:06.407234Z,2025-04-22T04:11:06.415082Z,7.848000000000001,9.331811070998823,7.131,41.286,3324
2025-04-22T04:11:11.412035Z,2025-04-22T04:11:11.419882Z,7.8469999999999995,9.331364511278222,7.131,41.286,3325
2025-04-22T04:11:16.427820Z,2025-04-22T04:11:16.436025Z,8.205,9.331025856885175,7.131,41.286,3326
2025-04-22T04:11:21.430668Z,2025-04-22T04:11:21.441710Z,11.042,9.331540126239883,7.131,41.286,3327
2025-04-22T04:11:26.454584Z,2025-04-22T04:11:26.462886Z,8.302,9.331230769230796,7.131,41.286,3328
2025-04-22T04:11:31.447068Z,2025-04-22T04:11:31.455262Z,8.193999999999999,9.330889155902701,7.131,41.286,3329
2025-04-22T04:11:36.465580Z,2025-04-22T04:11:36.473494Z,7.913999999999999,9.330463663663691,7.131,41.286,3330
2025-04-22T04:11:41.466622Z,2025-04-22T04:11:41.478726Z,12.104000000000001,9.331296307415217,7.131,41.286,3331
2025-04-22T04:11:46.488110Z,2025-04-22T04:11:46.497199Z,9.089,9.331223589435801,7.131,41.286,3332
2025-04-22T04:11:51.482361Z,2025-04-22T04:11:51.490242Z,7.881000000000001,9.330788478847913,7.131,41.286,3333
2025-04-22T04:11:56.524733Z,2025-04-22T04:11:56.533010Z,8.277,9.330472405518924,7.131,41.286,3334
2025-04-22T04:12:01.503950Z,2025-04-22T04:12:01.518765Z,14.815,9.332116941529263,7.131,41.286,3335
2025-04-22T04:12:06.521872Z,2025-04-22T04:12:06.529749Z,7.877000000000001,9.33168075539571,7.131,41.286,3336
2025-04-22T04:12:11.525531Z,2025-04-22T04:12:11.533617Z,8.086,9.331307461792056,7.131,41.286,3337
2025-04-22T04:12:16.539559Z,2025-04-22T04:12:16.547149Z,7.590000000000001,9.330785799880195,7.131,41.286,3338
2025-04-22T04:12:21.542600Z,2025-04-22T04:12:21.554579Z,11.979,9.331578915843094,7.131,41.286,3339
2025-04-22T04:12:26.559486Z,2025-04-22T04:12:26.567373Z,7.887,9.331146407185654,7.131,41.286,3340
2025-04-22T04:12:31.556315Z,2025-04-22T04:12:31.564363Z,8.048,9.330762346602839,7.131,41.286,3341
2025-04-22T04:12:36.577416Z,2025-04-22T04:12:36.585321Z,7.905,9.330335727109544,7.131,41.286,3342
2025-04-22T04:12:41.577801Z,2025-04-22T04:12:41.589998Z,12.197,9.331193239605172,7.131,41.286,3343
2025-04-22T04:12:46.595426Z,2025-04-22T04:12:46.603345Z,7.9190000000000005,9.330770933014382,7.131,41.286,3344
2025-04-22T04:12:51.596387Z,2025-04-22T04:12:51.604494Z,8.107,9.330405082212284,7.131,41.286,3345
2025-04-22T04:12:56.609409Z,2025-04-22T04:12:56.617522Z,8.113,9.33004124327558,7.131,41.286,3346
2025-04-22T04:13:01.610371Z,2025-04-22T04:13:01.622902Z,12.531,9.330997609799848,7.131,41.286,3347
2025-04-22T04:13:06.627588Z,2025-04-22T04:13:06.635708Z,8.120000000000001,9.33063590203109,7.131,41.286,3348
2025-04-22T04:13:11.626040Z,2025-04-22T04:13:11.633783Z,7.743,9.330161839355059,7.131,41.286,3349
2025-04-22T04:13:16.651277Z,2025-04-22T04:13:16.659269Z,7.992000000000001,9.32976238805973,7.131,41.286,3350
2025-04-22T04:13:21.660251Z,2025-04-22T04:13:21.672567Z,12.316,9.330653536257863,7.131,41.286,3351
2025-04-22T04:13:26.674550Z,2025-04-22T04:13:26.683493Z,8.943,9.33053788782819,7.131,41.286,3352
2025-04-22T04:13:31.669638Z,2025-04-22T04:13:31.677673Z,8.035,9.330151506113955,7.131,41.286,3353
2025-04-22T04:13:36.700272Z,2025-04-22T04:13:36.708730Z,8.458,9.329891472868244,7.131,41.286,3354
2025-04-22T04:13:41.690483Z,2025-04-22T04:13:41.702691Z,12.208,9.330749329359193,7.131,41.286,3355
2025-04-22T04:13:46.719695Z,2025-04-22T04:13:46.728020Z,8.325000000000001,9.330449642431494,7.131,41.286,3356
2025-04-22T04:13:51.707022Z,2025-04-22T04:13:51.715226Z,8.203999999999999,9.330114089961302,7.131,41.286,3357
2025-04-22T04:13:56.725668Z,2025-04-22T04:13:56.733865Z,8.197,9.329776652769533,7.131,41.286,3358
2025-04-22T04:14:01.720110Z,2025-04-22T04:14:01.733680Z,13.57,9.33103899970232,7.131,41.286,3359
2025-04-22T04:14:06.744769Z,2025-04-22T04:14:06.753061Z,8.292000000000002,9.33072976190479,7.131,41.286,3360
2025-04-22T04:14:11.743287Z,2025-04-22T04:14:11.750666Z,7.3790000000000004,9.330149062778963,7.131,41.286,3361
2025-04-22T04:14:16.764124Z,2025-04-22T04:14:16.772233Z,8.109,9.329785841760884,7.131,41.286,3362
2025-04-22T04:14:21.761238Z,2025-04-22T04:14:21.787425Z,26.186999999999998,9.33479839429084,7.131,41.286,3363
2025-04-22T04:14:26.782090Z,2025-04-22T04:14:26.790078Z,7.988,9.33439803804997,7.131,41.286,3364
2025-04-22T04:14:31.779448Z,2025-04-22T04:14:31.787347Z,7.899,9.333971471025288,7.131,41.286,3365
2025-04-22T04:14:36.801054Z,2025-04-22T04:14:36.809324Z,8.27,9.333655377302465,7.131,41.286,3366
2025-04-22T04:14:41.795396Z,2025-04-22T04:14:41.808112Z,12.716,9.334659934659962,7.131,41.286,3367
2025-04-22T04:14:46.820117Z,2025-04-22T04:14:46.828333Z,8.216,9.334327790973902,7.131,41.286,3368
2025-04-22T04:14:51.818481Z,2025-04-22T04:14:51.826179Z,7.698,9.333842089640871,7.131,41.286,3369
2025-04-22T04:14:56.837510Z,2025-04-22T04:14:56.845673Z,8.163,9.333494658753738,7.131,41.286,3370
2025-04-22T04:15:01.834386Z,2025-04-22T04:15:01.848481Z,14.095,9.334907149213912,7.131,41.286,3371
2025-04-22T04:15:06.869100Z,2025-04-22T04:15:06.877751Z,8.651000000000002,9.334704329774643,7.131,41.286,3372
2025-04-22T04:15:11.861568Z,2025-04-22T04:15:11.869792Z,8.224,9.334375037059027,7.131,41.286,3373
2025-04-22T04:15:16.878044Z,2025-04-22T04:15:16.886001Z,7.957000000000001,9.333966804979282,7.131,41.286,3374
2025-04-22T04:15:21.885042Z,2025-04-22T04:15:21.898193Z,13.151,9.335097777777808,7.131,41.286,3375
2025-04-22T04:15:26.898112Z,2025-04-22T04:15:26.906021Z,7.908999999999999,9.334675355450267,7.131,41.286,3376
2025-04-22T04:15:31.900129Z,2025-04-22T04:15:31.908173Z,8.044,9.334293159609151,7.131,41.286,3377
2025-04-22T04:15:36.924957Z,2025-04-22T04:15:36.932687Z,7.7299999999999995,9.333818235642422,7.131,41.286,3378
2025-04-22T04:15:41.918061Z,2025-04-22T04:15:41.931099Z,13.037999999999998,9.33491447173723,7.131,41.286,3379
2025-04-22T04:15:46.932038Z,2025-04-22T04:15:46.939705Z,7.667,9.334421005917191,7.131,41.286,3380
2025-04-22T04:15:51.938162Z,2025-04-22T04:15:51.946467Z,8.305,9.33411653356998,7.131,41.286,3381
2025-04-22T04:15:56.951156Z,2025-04-22T04:15:56.959245Z,8.089,9.333748373743378,7.131,41.286,3382
2025-04-22T04:16:01.951128Z,2025-04-22T04:16:01.959301Z,8.173,9.333405261602158,7.131,41.286,3383
2025-04-22T04:16:06.974931Z,2025-04-22T04:16:06.983174Z,8.243,9.333083037825089,7.131,41.286,3384
2025-04-22T04:16:11.969928Z,2025-04-22T04:16:11.978129Z,8.201,9.332748596750399,7.131,41.286,3385
2025-04-22T04:16:16.987058Z,2025-04-22T04:16:16.998441Z,11.383000000000001,9.333354105138838,7.131,41.286,3386
2025-04-22T04:16:21.985796Z,2025-04-22T04:16:21.994012Z,8.216,9.33302421021556,7.131,41.286,3387
2025-04-22T04:16:27.008802Z,2025-04-22T04:16:27.016691Z,7.889,9.332597992916204,7.131,41.286,3388
2025-04-22T04:16:32.005843Z,2025-04-22T04:16:32.013862Z,8.019,9.332210386544732,7.131,41.286,3389
2025-04-22T04:16:37.027922Z,2025-04-22T04:16:37.040174Z,12.252,9.333071681415959,7.131,41.286,3390
2025-04-22T04:16:42.020009Z,2025-04-22T04:16:42.028123Z,8.113999999999999,9.332712179298172,7.131,41.286,3391
2025-04-22T04:16:47.048899Z,2025-04-22T04:16:47.056579Z,7.680000000000001,9.332224941037765,7.131,41.286,3392
2025-04-22T04:16:52.046858Z,2025-04-22T04:16:52.054961Z,8.103000000000002,9.331862658414412,7.131,41.286,3393
2025-04-22T04:16:57.066128Z,2025-04-22T04:16:57.078391Z,12.263,9.33272628167357,7.131,41.286,3394
2025-04-22T04:17:02.070793Z,2025-04-22T04:17:02.078796Z,8.003,9.332334609720206,7.131,41.286,3395
2025-04-22T04:17:07.084766Z,2025-04-22T04:17:07.092180Z,7.414,9.331769729093079,7.131,41.286,3396
2025-04-22T04:17:12.086779Z,2025-04-22T04:17:12.095068Z,8.289,9.331462761259965,7.131,41.286,3397
2025-04-22T04:17:17.106792Z,2025-04-22T04:17:17.118629Z,11.837,9.332200117716333,7.131,41.286,3398
2025-04-22T04:17:22.103769Z,2025-04-22T04:17:22.111364Z,7.595,9.3316890261842,7.131,41.286,3399
2025-04-22T04:17:27.130178Z,2025-04-22T04:17:27.138286Z,8.108,9.331329117647087,7.131,41.286,3400
2025-04-22T04:17:32.126144Z,2025-04-22T04:17:32.134252Z,8.108,9.33096942075863,7.131,41.286,3401
2025-04-22T04:17:37.144628Z,2025-04-22T04:17:37.156406Z,11.778,9.331688712522075,7.131,41.286,3402
2025-04-22T04:17:42.150900Z,2025-04-22T04:17:42.158937Z,8.037,9.331308257419954,7.131,41.286,3403
2025-04-22T04:17:47.162848Z,2025-04-22T04:17:47.171337Z,8.489,9.331060810810841,7.131,41.286,3404
2025-04-22T04:17:52.161751Z,2025-04-22T04:17:52.169619Z,7.868,9.33063113069019,7.131,41.286,3405
2025-04-22T04:17:57.191008Z,2025-04-22T04:17:57.203578Z,12.57,9.331582207868497,7.131,41.286,3406
2025-04-22T04:18:02.177030Z,2025-04-22T04:18:02.184491Z,7.460999999999999,9.331033167009128,7.131,41.286,3407
2025-04-22T04:18:07.200117Z,2025-04-22T04:18:07.208269Z,8.152,9.330687206572799,7.131,41.286,3408
2025-04-22T04:18:12.197924Z,2025-04-22T04:18:12.205928Z,8.004000000000001,9.330298034614284,7.131,41.286,3409
2025-04-22T04:18:17.217752Z,2025-04-22T04:18:17.242920Z,25.168,9.334942521994163,7.131,41.286,3410
2025-04-22T04:18:22.212697Z,2025-04-22T04:18:22.220530Z,7.832999999999999,9.334502198768718,7.131,41.286,3411
2025-04-22T04:18:27.234763Z,2025-04-22T04:18:27.242569Z,7.805999999999999,9.334054220398622,7.131,41.286,3412
2025-04-22T04:18:32.231853Z,2025-04-22T04:18:32.239853Z,8.0,9.333663346029914,7.131,41.286,3413
2025-04-22T04:18:37.250708Z,2025-04-22T04:18:37.263194Z,12.486,9.33458670181608,7.131,41.286,3414
2025-04-22T04:18:42.251916Z,2025-04-22T04:18:42.259656Z,7.74,9.334119765739413,7.131,41.286,3415
2025-04-22T04:18:47.280122Z,2025-04-22T04:18:47.287588Z,7.466,9.333572892271691,7.131,41.286,3416
2025-04-22T04:18:52.270394Z,2025-04-22T04:18:52.277906Z,7.512,9.333039800995053,7.131,41.286,3417
2025-04-22T04:18:57.292602Z,2025-04-22T04:18:57.305781Z,13.179,9.33416500877709,7.131,41.286,3418
2025-04-22T04:19:02.291670Z,2025-04-22T04:19:02.299584Z,7.913999999999999,9.33374963439605,7.131,41.286,3419
2025-04-22T04:19:07.310700Z,2025-04-22T04:19:07.318554Z,7.854,9.333316959064355,7.131,41.286,3420
2025-04-22T04:19:12.309793Z,2025-04-22T04:19:12.319021Z,9.228,9.333286173633468,7.131,41.286,3421
2025-04-22T04:19:17.329616Z,2025-04-22T04:19:17.342581Z,12.965000000000002,9.334347457627146,7.131,41.286,3422
2025-04-22T04:19:22.334985Z,2025-04-22T04:19:22.343835Z,8.85,9.334205959684514,7.131,41.286,3423
2025-04-22T04:19:27.346685Z,2025-04-22T04:19:27.354649Z,7.964,9.333805782710309,7.131,41.286,3424
2025-04-22T04:19:32.342930Z,2025-04-22T04:19:32.350294Z,7.364,9.333230656934335,7.131,41.286,3425
2025-04-22T04:19:37.372839Z,2025-04-22T04:19:37.388292Z,15.453,9.335016929363718,7.131,41.286,3426
2025-04-22T04:19:42.365640Z,2025-04-22T04:19:42.373253Z,7.6129999999999995,9.33451444412025,7.131,41.286,3427
2025-04-22T04:19:47.385831Z,2025-04-22T04:19:47.393809Z,7.978000000000001,9.334118728121382,7.131,41.286,3428
2025-04-22T04:19:52.395574Z,2025-04-22T04:19:52.403559Z,7.985000000000001,9.333725284339485,7.131,41.286,3429
2025-04-22T04:19:57.409915Z,2025-04-22T04:19:57.417381Z,7.466,9.33318075801752,7.131,41.286,3430
2025-04-22T04:20:02.406004Z,2025-04-22T04:20:02.414093Z,8.089,9.332818128825442,7.131,41.286,3431
2025-04-22T04:20:07.426652Z,2025-04-22T04:20:07.434871Z,8.219000000000001,9.332493589743615,7.131,41.286,3432
2025-04-22T04:20:12.426613Z,2025-04-22T04:20:12.438106Z,11.493,9.333122924555807,7.131,41.286,3433
2025-04-22T04:20:17.443619Z,2025-04-22T04:20:17.451612Z,7.993,9.332732673267353,7.131,41.286,3434
2025-04-22T04:20:22.444896Z,2025-04-22T04:20:22.453147Z,8.251,9.33241775836975,7.131,41.286,3435
2025-04-22T04:20:27.463564Z,2025-04-22T04:20:27.471677Z,8.113,9.332062863795139,7.131,41.286,3436
2025-04-22T04:20:32.462680Z,2025-04-22T04:20:32.474662Z,11.982,9.33283386674428,7.131,41.286,3437
2025-04-22T04:20:37.479635Z,2025-04-22T04:20:37.488402Z,8.767000000000001,9.332669284467741,7.131,41.286,3438
2025-04-22T04:20:42.482692Z,2025-04-22T04:20:42.490226Z,7.534,9.332146263448704,7.131,41.286,3439
2025-04-22T04:20:47.500518Z,2025-04-22T04:20:47.508385Z,7.867000000000001,9.331720348837237,7.131,41.286,3440
2025-04-22T04:20:52.498026Z,2025-04-22T04:20:52.511417Z,13.391,9.332900029061346,7.131,41.286,3441
2025-04-22T04:20:57.521556Z,2025-04-22T04:20:57.529787Z,8.231,9.332579895409673,7.131,41.286,3442
2025-04-22T04:21:02.517329Z,2025-04-22T04:21:02.524818Z,7.489,9.332044437990152,7.131,41.286,3443
2025-04-22T04:21:07.541612Z,2025-04-22T04:21:07.549690Z,8.078,9.331680313588876,7.131,41.286,3444
2025-04-22T04:21:12.541774Z,2025-04-22T04:21:12.553668Z,11.894,9.33242409288827,7.131,41.286,3445
2025-04-22T04:21:17.558574Z,2025-04-22T04:21:17.566497Z,7.922999999999999,9.332015089959398,7.131,41.286,3446
2025-04-22T04:21:22.556492Z,2025-04-22T04:21:22.564546Z,8.054,9.331644328401534,7.131,41.286,3447
2025-04-22T04:21:27.576510Z,2025-04-22T04:21:27.584262Z,7.752,9.331186194895619,7.131,41.286,3448
2025-04-22T04:21:32.584426Z,2025-04-22T04:21:32.596504Z,12.078,9.33198260365326,7.131,41.286,3449
2025-04-22T04:21:37.601808Z,2025-04-22T04:21:37.610886Z,9.078,9.331908985507274,7.131,41.286,3450
2025-04-22T04:21:42.595898Z,2025-04-22T04:21:42.603660Z,7.762,9.331454071283712,7.131,41.286,3451
2025-04-22T04:21:47.618688Z,2025-04-22T04:21:47.627184Z,8.496,9.331212050984965,7.131,41.286,3452
2025-04-22T04:21:52.617598Z,2025-04-22T04:21:52.629376Z,11.778,9.331920648711293,7.131,41.286,3453
2025-04-22T04:21:57.633769Z,2025-04-22T04:21:57.641695Z,7.926000000000001,9.331513607411724,7.131,41.286,3454
2025-04-22T04:22:02.640352Z,2025-04-22T04:22:02.648462Z,8.11,9.331160057887148,7.131,41.286,3455
2025-04-22T04:22:07.653955Z,2025-04-22T04:22:07.661862Z,7.907000000000001,9.330747974537067,7.131,41.286,3456
2025-04-22T04:22:12.647399Z,2025-04-22T04:22:12.672895Z,25.496000000000002,9.335424067110239,7.131,41.286,3457
2025-04-22T04:22:17.674515Z,2025-04-22T04:22:17.682344Z,7.828999999999999,9.33498843262004,7.131,41.286,3458
2025-04-22T04:22:22.672353Z,2025-04-22T04:22:22.680485Z,8.132,9.334640647586037,7.131,41.286,3459
2025-04-22T04:22:27.693538Z,2025-04-22T04:22:27.701709Z,8.171,9.334304335260144,7.131,41.286,3460
2025-04-22T04:22:32.696614Z,2025-04-22T04:22:32.710965Z,14.350999999999999,9.335753828373331,7.131,41.286,3461
2025-04-22T04:22:37.712440Z,2025-04-22T04:22:37.720375Z,7.935,9.335349220104014,7.131,41.286,3462
2025-04-22T04:22:42.705114Z,2025-04-22T04:22:42.713375Z,8.261,9.33503898354031,7.131,41.286,3463
2025-04-22T04:22:47.732441Z,2025-04-22T04:22:47.740492Z,8.051,9.334668302540443,7.131,41.286,3464
2025-04-22T04:22:52.726178Z,2025-04-22T04:22:52.739028Z,12.85,9.335682828282858,7.131,41.286,3465
2025-04-22T04:22:57.744036Z,2025-04-22T04:22:57.752238Z,8.202,9.335355741488774,7.131,41.286,3466
2025-04-22T04:23:02.741458Z,2025-04-22T04:23:02.749394Z,7.936,9.33495211998849,7.131,41.286,3467
2025-04-22T04:23:07.764510Z,2025-04-22T04:23:07.772981Z,8.471,9.334702998846625,7.131,41.286,3468
2025-04-22T04:23:12.763736Z,2025-04-22T04:23:12.771784Z,8.048,9.334332084174143,7.131,41.286,3469
2025-04-22T04:23:17.788476Z,2025-04-22T04:23:17.796904Z,8.427999999999999,9.334070893371786,7.131,41.286,3470
2025-04-22T04:23:22.795180Z,2025-04-22T04:23:22.803345Z,8.165000000000001,9.333734082397031,7.131,41.286,3471
2025-04-22T04:23:27.804352Z,2025-04-22T04:23:27.815356Z,11.004,9.334215149769614,7.131,41.286,3472
2025-04-22T04:23:32.799240Z,2025-04-22T04:23:32.807509Z,8.269,9.33390843651025,7.131,41.286,3473
2025-04-22T04:23:37.826355Z,2025-04-22T04:23:37.834477Z,8.122,9.333559585492255,7.131,41.286,3474
2025-04-22T04:23:42.823528Z,2025-04-22T04:23:42.831270Z,7.742,9.33310158273384,7.131,41.286,3475
2025-04-22T04:23:47.856319Z,2025-04-22T04:23:47.868341Z,12.022,9.333875143843528,7.131,41.286,3476
2025-04-22T04:23:52.842300Z,2025-04-22T04:23:52.850525Z,8.225,9.333556226632183,7.131,41.286,3477
2025-04-22T04:23:57.864008Z,2025-04-22T04:23:57.872392Z,8.384,9.333283208740683,7.131,41.286,3478
2025-04-22T04:24:02.859924Z,2025-04-22T04:24:02.868292Z,8.368,9.333005748778413,7.131,41.286,3479
2025-04-22T04:24:07.881620Z,2025-04-22T04:24:07.894059Z,12.439,9.333898275862097,7.131,41.286,3480
2025-04-22T04:24:12.878832Z,2025-04-22T04:24:12.887078Z,8.246,9.33358575122094,7.131,41.286,3481
2025-04-22T04:24:17.899368Z,2025-04-22T04:24:17.907661Z,8.293,9.333286904078145,7.131,41.286,3482
2025-04-22T04:24:22.907508Z,2025-04-22T04:24:22.915812Z,8.304,9.332991386735602,7.131,41.286,3483
2025-04-22T04:24:27.915900Z,2025-04-22T04:24:27.927902Z,12.002,9.333757462686597,7.131,41.286,3484
2025-04-22T04:24:32.913222Z,2025-04-22T04:24:32.921044Z,7.822000000000001,9.333323672883818,7.131,41.286,3485
2025-04-22T04:24:37.936198Z,2025-04-22T04:24:37.944349Z,8.151,9.332984509466467,7.131,41.286,3486
2025-04-22T04:24:42.928981Z,2025-04-22T04:24:42.937182Z,8.201,9.332659879552653,7.131,41.286,3487
2025-04-22T04:24:47.953385Z,2025-04-22T04:24:47.965488Z,12.103,9.333454128440398,7.131,41.286,3488
2025-04-22T04:24:52.952343Z,2025-04-22T04:24:52.960372Z,8.029,9.333080252221297,7.131,41.286,3489
2025-04-22T04:24:57.974058Z,2025-04-22T04:24:57.982875Z,8.817,9.332932378223525,7.131,41.286,3490
2025-04-22T04:25:02.974184Z,2025-04-22T04:25:02.982299Z,8.115,9.332583500429704,7.131,41.286,3491
2025-04-22T04:25:07.991180Z,2025-04-22T04:25:08.003383Z,12.203000000000001,9.333405498281817,7.131,41.286,3492
2025-04-22T04:25:12.988343Z,2025-04-22T04:25:12.996581Z,8.238000000000001,9.333091898081907,7.131,41.286,3493
2025-04-22T04:25:18.008105Z,2025-04-22T04:25:18.016329Z,8.224,9.33277447052092,7.131,41.286,3494
2025-04-22T04:25:23.002640Z,2025-04-22T04:25:23.010817Z,8.177,9.332443776824062,7.131,41.286,3495
2025-04-22T04:25:28.027201Z,2025-04-22T04:25:28.039635Z,12.434000000000001,9.33333094965678,7.131,41.286,3496
2025-04-22T04:25:33.023846Z,2025-04-22T04:25:33.032206Z,8.36,9.333052616528482,7.131,41.286,3497
2025-04-22T04:25:38.044159Z,2025-04-22T04:25:38.052358Z,8.199,9.33272841623788,7.131,41.286,3498
2025-04-22T04:25:43.046215Z,2025-04-22T04:25:43.054158Z,7.9430000000000005,9.332331237496456,7.131,41.286,3499
2025-04-22T04:25:48.063164Z,2025-04-22T04:25:48.075020Z,11.856,9.333052285714315,7.131,41.286,3500
2025-04-22T04:25:53.060382Z,2025-04-22T04:25:53.068549Z,8.167,9.332719223079149,7.131,41.286,3501
2025-04-22T04:25:58.079047Z,2025-04-22T04:25:58.087253Z,8.206,9.33239748715023,7.131,41.286,3502
2025-04-22T04:26:03.081086Z,2025-04-22T04:26:03.089485Z,8.399000000000001,9.332131030545275,7.131,41.286,3503
2025-04-22T04:26:08.098089Z,2025-04-22T04:26:08.124839Z,26.75,9.337101883561672,7.131,41.286,3504
2025-04-22T04:26:13.096668Z,2025-04-22T04:26:13.104925Z,8.257,9.336793723252525,7.131,41.286,3505
2025-04-22T04:26:18.115165Z,2025-04-22T04:26:18.123381Z,8.216,9.33647404449518,7.131,41.286,3506
2025-04-22T04:26:23.113048Z,2025-04-22T04:26:23.121178Z,8.13,9.336130025662987,7.131,41.286,3507
2025-04-22T04:26:28.128166Z,2025-04-22T04:26:28.141467Z,13.301,9.337260262257724,7.131,41.286,3508
2025-04-22T04:26:33.127066Z,2025-04-22T04:26:33.135187Z,8.121,9.336913650612738,7.131,41.286,3509
2025-04-22T04:26:38.156050Z,2025-04-22T04:26:38.164649Z,8.599,9.336703418803447,7.131,41.286,3510
2025-04-22T04:26:43.154046Z,2025-04-22T04:26:43.161955Z,7.908999999999999,9.336296781543748,7.131,41.286,3511
2025-04-22T04:26:48.170928Z,2025-04-22T04:26:48.178737Z,7.809,9.335861902050143,7.131,41.286,3512
2025-04-22T04:26:53.168666Z,2025-04-22T04:26:53.176797Z,8.131,9.335518929689751,7.131,41.286,3513
2025-04-22T04:26:58.187100Z,2025-04-22T04:26:58.195135Z,8.035,9.335148833238502,7.131,41.286,3514
2025-04-22T04:27:03.184842Z,2025-04-22T04:27:03.196034Z,11.192,9.335677098150809,7.131,41.286,3515
2025-04-22T04:27:08.214162Z,2025-04-22T04:27:08.221733Z,7.571,9.335175199089901,7.131,41.286,3516
2025-04-22T04:27:13.210186Z,2025-04-22T04:27:13.218414Z,8.228,9.334860392379897,7.131,41.286,3517
2025-04-22T04:27:18.237955Z,2025-04-22T04:27:18.246109Z,8.154,9.334524729960231,7.131,41.286,3518
2025-04-22T04:27:23.228440Z,2025-04-22T04:27:23.242029Z,13.589,9.335733731173656,7.131,41.286,3519
2025-04-22T04:27:28.249030Z,2025-04-22T04:27:28.256926Z,7.896,9.335324715909119,7.131,41.286,3520
2025-04-22T04:27:33.239917Z,2025-04-22T04:27:33.247516Z,7.599,9.334831581936978,7.131,41.286,3521
2025-04-22T04:27:38.260039Z,2025-04-22T04:27:38.268447Z,8.408000000000001,9.334568427030126,7.131,41.286,3522
2025-04-22T04:27:43.259973Z,2025-04-22T04:27:43.272139Z,12.166,9.335372126028982,7.131,41.286,3523
2025-04-22T04:27:48.277893Z,2025-04-22T04:27:48.285938Z,8.045,9.335005959137375,7.131,41.286,3524
2025-04-22T04:27:53.279205Z,2025-04-22T04:27:53.287367Z,8.162,9.33467319148939,7.131,41.286,3525
2025-04-22T04:27:58.292073Z,2025-04-22T04:27:58.300457Z,8.384,9.334403573454368,7.131,41.286,3526
2025-04-22T04:28:03.295968Z,2025-04-22T04:28:03.307930Z,11.962,9.33514856818829,7.131,41.286,3527
2025-04-22T04:28:08.310593Z,2025-04-22T04:28:08.318141Z,7.548,9.33464200680275,7.131,41.286,3528
2025-04-22T04:28:13.315070Z,2025-04-22T04:28:13.322795Z,7.7250000000000005,9.33418588835367,7.131,41.286,3529
2025-04-22T04:28:18.363040Z,2025-04-22T04:28:18.371450Z,8.41,9.333924079320141,7.131,41.286,3530
2025-04-22T04:28:23.334785Z,2025-04-22T04:28:23.346559Z,11.774,9.334615123194592,7.131,41.286,3531
2025-04-22T04:28:28.348501Z,2025-04-22T04:28:28.356641Z,8.139999999999999,9.334276896942269,7.131,41.286,3532
2025-04-22T04:28:33.351918Z,2025-04-22T04:28:33.360089Z,8.171,9.333947636569514,7.131,41.286,3533
2025-04-22T04:28:38.370812Z,2025-04-22T04:28:38.378981Z,8.168999999999999,9.333617996604442,7.131,41.286,3534
2025-04-22T04:28:43.367726Z,2025-04-22T04:28:43.379785Z,12.059000000000001,9.334388967468204,7.131,41.286,3535
2025-04-22T04:28:48.394859Z,2025-04-22T04:28:48.403239Z,8.38,9.334119061086001,7.131,41.286,3536
2025-04-22T04:28:53.389258Z,2025-04-22T04:28:53.397301Z,8.043,9.333754028838028,7.131,41.286,3537
2025-04-22T04:28:58.405353Z,2025-04-22T04:28:58.413466Z,8.113,9.333408988128916,7.131,41.286,3538
2025-04-22T04:29:03.406910Z,2025-04-22T04:29:03.419871Z,12.961,9.334434020909889,7.131,41.286,3539
2025-04-22T04:29:08.424847Z,2025-04-22T04:29:08.432831Z,7.984,9.334052542372909,7.131,41.286,3540
2025-04-22T04:29:13.420558Z,2025-04-22T04:29:13.428533Z,7.975,9.333668737644762,7.131,41.286,3541
2025-04-22T04:29:18.440791Z,2025-04-22T04:29:18.448602Z,7.811,9.333238848108442,7.131,41.286,3542
2025-04-22T04:29:23.441226Z,2025-04-22T04:29:23.453276Z,12.05,9.3340056449337,7.131,41.286,3543
2025-04-22T04:29:28.463702Z,2025-04-22T04:29:28.471296Z,7.594,9.333514672686258,7.131,41.286,3544
2025-04-22T04:29:33.471900Z,2025-04-22T04:29:33.479961Z,8.061,9.333155712270832,7.131,41.286,3545
2025-04-22T04:29:38.482760Z,2025-04-22T04:29:38.490282Z,7.522,9.332644952058684,7.131,41.286,3546
2025-04-22T04:29:43.481757Z,2025-04-22T04:29:43.493865Z,12.108,9.333427403439554,7.131,41.286,3547
2025-04-22T04:29:48.497831Z,2025-04-22T04:29:48.505953Z,8.122,9.333085963923365,7.131,41.286,3548
2025-04-22T04:29:53.494553Z,2025-04-22T04:29:53.502876Z,8.323,9.332801352493687,7.131,41.286,3549
2025-04-22T04:29:58.516576Z,2025-04-22T04:29:58.524610Z,8.033999999999999,9.332435492957774,7.131,41.286,3550
2025-04-22T04:30:03.515608Z,2025-04-22T04:30:03.541973Z,26.365,9.337232047310644,7.131,41.286,3551
2025-04-22T04:30:08.533934Z,2025-04-22T04:30:08.542082Z,8.148000000000001,9.336897240991018,7.131,41.286,3552
2025-04-22T04:30:13.531083Z,2025-04-22T04:30:13.539533Z,8.45,9.336647621728144,7.131,41.286,3553
2025-04-22T04:30:18.554660Z,2025-04-22T04:30:18.562655Z,7.995,9.33627011817673,7.131,41.286,3554
2025-04-22T04:30:23.556620Z,2025-04-22T04:30:23.569582Z,12.962,9.337290014064726,7.131,41.286,3555
2025-04-22T04:30:28.570467Z,2025-04-22T04:30:28.578687Z,8.22,9.336975815523088,7.131,41.286,3556
2025-04-22T04:30:33.573532Z,2025-04-22T04:30:33.581412Z,7.88,9.33656620747824,7.131,41.286,3557
2025-04-22T04:30:38.594590Z,2025-04-22T04:30:38.603626Z,9.036000000000001,9.336481731309753,7.131,41.286,3558
2025-04-22T04:30:43.591399Z,2025-04-22T04:30:43.599717Z,8.318000000000001,9.336195560550747,7.131,41.286,3559
2025-04-22T04:30:48.613548Z,2025-04-22T04:30:48.621484Z,7.936,9.33580224719104,7.131,41.286,3560
2025-04-22T04:30:53.617795Z,2025-04-22T04:30:53.625439Z,7.644,9.335327155293486,7.131,41.286,3561
2025-04-22T04:30:58.626518Z,2025-04-22T04:30:58.637772Z,11.254,9.335865805727149,7.131,41.286,3562
2025-04-22T04:31:03.630939Z,2025-04-22T04:31:03.638991Z,8.052,9.335505472916111,7.131,41.286,3563
2025-04-22T04:31:08.648566Z,2025-04-22T04:31:08.656882Z,8.316,9.335219416386114,7.131,41.286,3564
